season,team,zone,loc,fga,fgm,fg3a,fg3m,pts
2003-04,ATL,Above-break 3,Away,455,140,455,140,420
2003-04,ATL,Above-break 3,Home,417,142,417,142,426
2003-04,ATL,Corner 3,Away,176,67,176,67,201
2003-04,ATL,Corner 3,Home,199,70,199,70,210
2003-04,ATL,Mid-range,Away,1196,466,0,0,932
2003-04,ATL,Mid-range,Home,1078,419,0,0,838
2003-04,ATL,Paint (non-RA),Away,421,148,0,0,296
2003-04,ATL,Paint (non-RA),Home,513,198,0,0,396
2003-04,ATL,Restricted area,Away,1014,570,0,0,1140
2003-04,ATL,Restricted area,Home,1058,609,0,0,1218
2003-04,BKN,Above-break 3,Away,467,144,467,144,432
2003-04,BKN,Above-break 3,Home,418,140,418,140,420
2003-04,BKN,Corner 3,Away,104,43,103,43,129
2003-04,BKN,Corner 3,Home,117,49,116,48,146
2003-04,BKN,Mid-range,Away,1191,444,1,0,888
2003-04,BKN,Mid-range,Home,1121,403,2,0,806
2003-04,BKN,Paint (non-RA),Away,413,143,0,0,286
2003-04,BKN,Paint (non-RA),Home,358,137,0,0,274
2003-04,BKN,Restricted area,Away,1016,603,0,0,1206
2003-04,BKN,Restricted area,Home,1151,705,0,0,1410
2003-04,BOS,Above-break 3,Away,568,182,568,182,546
2003-04,BOS,Above-break 3,Home,589,201,589,201,603
2003-04,BOS,Corner 3,Away,208,83,207,83,249
2003-04,BOS,Corner 3,Home,224,87,224,87,261
2003-04,BOS,Mid-range,Away,1054,430,2,0,860
2003-04,BOS,Mid-range,Home,1025,419,0,0,838
2003-04,BOS,Paint (non-RA),Away,408,154,0,0,308
2003-04,BOS,Paint (non-RA),Home,338,126,0,0,252
2003-04,BOS,Restricted area,Away,936,558,0,0,1116
2003-04,BOS,Restricted area,Home,1056,603,0,0,1206
2003-04,CHI,Above-break 3,Away,469,154,469,154,462
2003-04,CHI,Above-break 3,Home,495,177,495,177,531
2003-04,CHI,Corner 3,Away,158,61,157,60,182
2003-04,CHI,Corner 3,Home,124,37,124,37,111
2003-04,CHI,Mid-range,Away,1241,482,1,0,964
2003-04,CHI,Mid-range,Home,1346,470,0,0,940
2003-04,CHI,Paint (non-RA),Away,528,205,0,0,410
2003-04,CHI,Paint (non-RA),Home,399,161,0,0,322
2003-04,CHI,Restricted area,Away,946,519,0,0,1038
2003-04,CHI,Restricted area,Home,1037,531,0,0,1062
2003-04,CLE,Above-break 3,Away,268,75,268,75,225
2003-04,CLE,Above-break 3,Home,272,93,271,93,279
2003-04,CLE,Corner 3,Away,111,41,111,41,123
2003-04,CLE,Corner 3,Home,123,38,123,38,114
2003-04,CLE,Mid-range,Away,1284,474,0,0,948
2003-04,CLE,Mid-range,Home,1269,484,0,0,968
2003-04,CLE,Paint (non-RA),Away,562,225,0,0,450
2003-04,CLE,Paint (non-RA),Home,530,183,0,0,366
2003-04,CLE,Restricted area,Away,1076,614,0,0,1228
2003-04,CLE,Restricted area,Home,1245,695,0,0,1390
2003-04,DAL,Above-break 3,Away,598,197,598,197,591
2003-04,DAL,Above-break 3,Home,579,215,579,215,645
2003-04,DAL,Corner 3,Away,102,35,102,35,105
2003-04,DAL,Corner 3,Home,159,60,159,60,180
2003-04,DAL,Mid-range,Away,1213,472,0,0,944
2003-04,DAL,Mid-range,Home,1127,482,0,0,964
2003-04,DAL,Paint (non-RA),Away,580,217,0,0,434
2003-04,DAL,Paint (non-RA),Home,685,309,0,0,618
2003-04,DAL,Restricted area,Away,1121,668,0,0,1336
2003-04,DAL,Restricted area,Home,1048,667,0,0,1334
2003-04,DEN,Above-break 3,Away,394,130,394,130,390
2003-04,DEN,Above-break 3,Home,383,127,381,126,380
2003-04,DEN,Corner 3,Away,87,27,86,27,81
2003-04,DEN,Corner 3,Home,113,47,113,47,141
2003-04,DEN,Mid-range,Away,1300,491,1,1,983
2003-04,DEN,Mid-range,Home,1252,447,0,0,894
2003-04,DEN,Paint (non-RA),Away,400,139,0,0,278
2003-04,DEN,Paint (non-RA),Home,418,163,0,0,326
2003-04,DEN,Restricted area,Away,1156,664,0,0,1328
2003-04,DEN,Restricted area,Home,1250,758,0,0,1516
2003-04,DET,Above-break 3,Away,354,107,354,107,321
2003-04,DET,Above-break 3,Home,341,122,341,122,366
2003-04,DET,Corner 3,Away,105,39,105,39,117
2003-04,DET,Corner 3,Home,161,65,161,65,195
2003-04,DET,Mid-range,Away,1057,400,0,0,800
2003-04,DET,Mid-range,Home,1156,428,0,0,856
2003-04,DET,Paint (non-RA),Away,562,215,0,0,430
2003-04,DET,Paint (non-RA),Home,359,135,0,0,270
2003-04,DET,Restricted area,Away,1053,578,0,0,1156
2003-04,DET,Restricted area,Home,1159,658,0,0,1316
2003-04,GSW,Above-break 3,Away,491,168,491,168,504
2003-04,GSW,Above-break 3,Home,442,140,442,140,420
2003-04,GSW,Corner 3,Away,161,54,161,54,162
2003-04,GSW,Corner 3,Home,170,65,170,65,195
2003-04,GSW,Mid-range,Away,1045,396,1,0,792
2003-04,GSW,Mid-range,Home,1029,390,0,0,780
2003-04,GSW,Paint (non-RA),Away,497,193,0,0,386
2003-04,GSW,Paint (non-RA),Home,669,239,0,0,478
2003-04,GSW,Restricted area,Away,1015,581,1,1,1163
2003-04,GSW,Restricted area,Home,975,648,0,0,1296
2003-04,HOU,Above-break 3,Away,448,167,448,167,501
2003-04,HOU,Above-break 3,Home,479,172,479,172,516
2003-04,HOU,Corner 3,Away,249,95,249,95,285
2003-04,HOU,Corner 3,Home,211,80,211,80,240
2003-04,HOU,Mid-range,Away,1062,419,3,1,839
2003-04,HOU,Mid-range,Home,1095,455,0,0,910
2003-04,HOU,Paint (non-RA),Away,486,165,0,0,330
2003-04,HOU,Paint (non-RA),Home,434,175,0,0,350
2003-04,HOU,Restricted area,Away,803,478,0,0,956
2003-04,HOU,Restricted area,Home,912,532,0,0,1064
2003-04,IND,Above-break 3,Away,422,144,421,144,432
2003-04,IND,Above-break 3,Home,420,143,420,143,429
2003-04,IND,Corner 3,Away,220,83,220,83,249
2003-04,IND,Corner 3,Home,212,79,212,79,237
2003-04,IND,Mid-range,Away,1086,432,0,0,864
2003-04,IND,Mid-range,Home,1119,424,0,0,848
2003-04,IND,Paint (non-RA),Away,455,182,0,0,364
2003-04,IND,Paint (non-RA),Home,387,132,0,0,264
2003-04,IND,Restricted area,Away,944,550,0,0,1100
2003-04,IND,Restricted area,Home,1049,584,0,0,1168
2003-04,LAC,Above-break 3,Away,437,136,437,136,408
2003-04,LAC,Above-break 3,Home,429,149,429,149,447
2003-04,LAC,Corner 3,Away,90,31,90,31,93
2003-04,LAC,Corner 3,Home,56,13,55,12,38
2003-04,LAC,Mid-range,Away,1154,389,2,1,779
2003-04,LAC,Mid-range,Home,1021,358,0,0,716
2003-04,LAC,Paint (non-RA),Away,499,205,0,0,410
2003-04,LAC,Paint (non-RA),Home,569,219,0,0,438
2003-04,LAC,Restricted area,Away,1078,621,0,0,1242
2003-04,LAC,Restricted area,Home,1235,696,0,0,1392
2003-04,LAL,Above-break 3,Away,437,156,437,156,468
2003-04,LAL,Above-break 3,Home,383,119,383,119,357
2003-04,LAL,Corner 3,Away,159,47,159,47,141
2003-04,LAL,Corner 3,Home,120,42,119,41,125
2003-04,LAL,Mid-range,Away,1185,428,0,0,856
2003-04,LAL,Mid-range,Home,1110,431,0,0,862
2003-04,LAL,Paint (non-RA),Away,479,187,0,0,374
2003-04,LAL,Paint (non-RA),Home,540,207,1,1,415
2003-04,LAL,Restricted area,Away,1095,688,0,0,1376
2003-04,LAL,Restricted area,Home,1151,722,0,0,1444
2003-04,MEM,Above-break 3,Away,464,160,464,160,480
2003-04,MEM,Above-break 3,Home,455,157,455,157,471
2003-04,MEM,Corner 3,Away,204,65,204,65,195
2003-04,MEM,Corner 3,Home,167,61,167,61,183
2003-04,MEM,Mid-range,Away,962,344,4,2,690
2003-04,MEM,Mid-range,Home,918,342,0,0,684
2003-04,MEM,Paint (non-RA),Away,556,208,0,0,416
2003-04,MEM,Paint (non-RA),Home,562,229,0,0,458
2003-04,MEM,Restricted area,Away,1135,694,0,0,1388
2003-04,MEM,Restricted area,Home,1214,701,0,0,1402
2003-04,MIA,Above-break 3,Away,485,169,485,169,507
2003-04,MIA,Above-break 3,Home,525,178,525,178,534
2003-04,MIA,Corner 3,Away,182,73,182,73,219
2003-04,MIA,Corner 3,Home,141,63,141,63,189
2003-04,MIA,Mid-range,Away,1158,412,0,0,824
2003-04,MIA,Mid-range,Home,1039,389,5,2,780
2003-04,MIA,Paint (non-RA),Away,380,138,0,0,276
2003-04,MIA,Paint (non-RA),Home,489,196,0,0,392
2003-04,MIA,Restricted area,Away,992,536,0,0,1072
2003-04,MIA,Restricted area,Home,1007,575,0,0,1150
2003-04,MIL,Above-break 3,Away,397,127,397,127,381
2003-04,MIL,Above-break 3,Home,424,171,424,171,513
2003-04,MIL,Corner 3,Away,146,49,146,49,147
2003-04,MIL,Corner 3,Home,167,54,167,54,162
2003-04,MIL,Mid-range,Away,1203,459,2,0,918
2003-04,MIL,Mid-range,Home,1110,429,0,0,858
2003-04,MIL,Paint (non-RA),Away,556,222,0,0,444
2003-04,MIL,Paint (non-RA),Home,396,174,0,0,348
2003-04,MIL,Restricted area,Away,1035,597,0,0,1194
2003-04,MIL,Restricted area,Home,1207,688,0,0,1376
2003-04,MIN,Above-break 3,Away,323,111,323,111,333
2003-04,MIN,Above-break 3,Home,322,118,322,118,354
2003-04,MIN,Corner 3,Away,129,55,129,55,165
2003-04,MIN,Corner 3,Home,108,40,108,40,120
2003-04,MIN,Mid-range,Away,1569,672,2,2,1346
2003-04,MIN,Mid-range,Home,1662,706,0,0,1412
2003-04,MIN,Paint (non-RA),Away,584,253,0,0,506
2003-04,MIN,Paint (non-RA),Home,445,214,0,0,428
2003-04,MIN,Restricted area,Away,695,407,0,0,814
2003-04,MIN,Restricted area,Home,721,457,0,0,914
2003-04,NOP,Above-break 3,Away,663,205,663,205,615
2003-04,NOP,Above-break 3,Home,589,192,589,192,576
2003-04,NOP,Corner 3,Away,216,63,216,63,189
2003-04,NOP,Corner 3,Home,185,70,185,70,210
2003-04,NOP,Mid-range,Away,1056,407,0,0,814
2003-04,NOP,Mid-range,Home,1095,421,1,0,842
2003-04,NOP,Paint (non-RA),Away,411,144,0,0,288
2003-04,NOP,Paint (non-RA),Home,386,150,0,0,300
2003-04,NOP,Restricted area,Away,985,550,0,0,1100
2003-04,NOP,Restricted area,Home,1007,569,0,0,1138
2003-04,NYK,Above-break 3,Away,393,139,393,139,417
2003-04,NYK,Above-break 3,Home,402,148,402,148,444
2003-04,NYK,Corner 3,Away,154,62,154,62,186
2003-04,NYK,Corner 3,Home,154,57,154,57,171
2003-04,NYK,Mid-range,Away,1378,541,0,0,1082
2003-04,NYK,Mid-range,Home,1270,521,0,0,1042
2003-04,NYK,Paint (non-RA),Away,474,204,0,0,408
2003-04,NYK,Paint (non-RA),Home,526,217,0,0,434
2003-04,NYK,Restricted area,Away,813,464,0,0,928
2003-04,NYK,Restricted area,Home,937,528,0,0,1056
2003-04,OKC,Above-break 3,Away,689,246,689,246,738
2003-04,OKC,Above-break 3,Home,687,260,687,260,780
2003-04,OKC,Corner 3,Away,262,109,262,109,327
2003-04,OKC,Corner 3,Home,276,107,276,107,321
2003-04,OKC,Mid-range,Away,1007,376,1,1,753
2003-04,OKC,Mid-range,Home,953,359,1,0,718
2003-04,OKC,Paint (non-RA),Away,421,185,0,0,370
2003-04,OKC,Paint (non-RA),Home,473,177,0,0,354
2003-04,OKC,Restricted area,Away,876,535,1,0,1070
2003-04,OKC,Restricted area,Home,927,585,0,0,1170
2003-04,ORL,Above-break 3,Away,510,175,510,175,525
2003-04,ORL,Above-break 3,Home,489,161,489,161,483
2003-04,ORL,Corner 3,Away,129,43,129,43,129
2003-04,ORL,Corner 3,Home,115,49,115,49,147
2003-04,ORL,Mid-range,Away,1381,556,2,1,1113
2003-04,ORL,Mid-range,Home,1365,547,0,0,1094
2003-04,ORL,Paint (non-RA),Away,481,196,0,0,392
2003-04,ORL,Paint (non-RA),Home,472,182,0,0,364
2003-04,ORL,Restricted area,Away,867,471,0,0,942
2003-04,ORL,Restricted area,Home,956,524,0,0,1048
2003-04,PHI,Above-break 3,Away,318,110,318,110,330
2003-04,PHI,Above-break 3,Home,340,107,340,107,321
2003-04,PHI,Corner 3,Away,171,69,171,69,207
2003-04,PHI,Corner 3,Home,156,53,155,53,159
2003-04,PHI,Mid-range,Away,1220,439,1,0,878
2003-04,PHI,Mid-range,Home,1085,435,0,0,870
2003-04,PHI,Paint (non-RA),Away,435,149,0,0,298
2003-04,PHI,Paint (non-RA),Home,453,167,0,0,334
2003-04,PHI,Restricted area,Away,959,539,0,0,1078
2003-04,PHI,Restricted area,Home,1116,614,0,0,1228
2003-04,PHX,Above-break 3,Away,399,116,399,116,348
2003-04,PHX,Above-break 3,Home,375,127,375,127,381
2003-04,PHX,Corner 3,Away,187,68,187,68,204
2003-04,PHX,Corner 3,Home,226,104,226,104,312
2003-04,PHX,Mid-range,Away,1096,390,1,0,780
2003-04,PHX,Mid-range,Home,1099,413,0,0,826
2003-04,PHX,Paint (non-RA),Away,566,241,0,0,482
2003-04,PHX,Paint (non-RA),Home,473,197,0,0,394
2003-04,PHX,Restricted area,Away,1120,657,0,0,1314
2003-04,PHX,Restricted area,Home,1116,645,0,0,1290
2003-04,POR,Above-break 3,Away,462,162,462,162,486
2003-04,POR,Above-break 3,Home,412,140,412,140,420
2003-04,POR,Corner 3,Away,96,35,96,35,105
2003-04,POR,Corner 3,Home,119,43,119,43,129
2003-04,POR,Mid-range,Away,1127,439,1,1,879
2003-04,POR,Mid-range,Home,1147,446,2,0,892
2003-04,POR,Paint (non-RA),Away,555,214,0,0,428
2003-04,POR,Paint (non-RA),Home,479,205,0,0,410
2003-04,POR,Restricted area,Away,961,564,0,0,1128
2003-04,POR,Restricted area,Home,1099,650,0,0,1300
2003-04,SAC,Above-break 3,Away,513,197,513,197,591
2003-04,SAC,Above-break 3,Home,495,204,495,204,612
2003-04,SAC,Corner 3,Away,203,84,203,84,252
2003-04,SAC,Corner 3,Home,272,116,272,116,348
2003-04,SAC,Mid-range,Away,1294,499,2,0,998
2003-04,SAC,Mid-range,Home,1156,496,1,0,992
2003-04,SAC,Paint (non-RA),Away,355,123,0,0,246
2003-04,SAC,Paint (non-RA),Home,455,165,0,0,330
2003-04,SAC,Restricted area,Away,998,619,0,0,1238
2003-04,SAC,Restricted area,Home,957,600,0,0,1200
2003-04,SAS,Above-break 3,Away,358,121,358,121,363
2003-04,SAS,Above-break 3,Home,341,120,341,120,360
2003-04,SAS,Corner 3,Away,189,70,189,70,210
2003-04,SAS,Corner 3,Home,238,97,238,97,291
2003-04,SAS,Mid-range,Away,1108,408,0,0,816
2003-04,SAS,Mid-range,Home,1092,409,2,0,818
2003-04,SAS,Paint (non-RA),Away,578,212,0,0,424
2003-04,SAS,Paint (non-RA),Home,492,175,0,0,350
2003-04,SAS,Restricted area,Away,992,569,0,0,1138
2003-04,SAS,Restricted area,Home,1034,661,0,0,1322
2003-04,TOR,Above-break 3,Away,353,129,353,129,387
2003-04,TOR,Above-break 3,Home,341,91,341,91,273
2003-04,TOR,Corner 3,Away,272,106,272,106,318
2003-04,TOR,Corner 3,Home,320,135,320,135,405
2003-04,TOR,Mid-range,Away,1337,469,0,0,938
2003-04,TOR,Mid-range,Home,1329,481,0,0,962
2003-04,TOR,Paint (non-RA),Away,379,142,0,0,284
2003-04,TOR,Paint (non-RA),Home,363,161,0,0,322
2003-04,TOR,Restricted area,Away,780,430,0,0,860
2003-04,TOR,Restricted area,Home,866,510,0,0,1020
2003-04,UTA,Above-break 3,Away,311,93,311,93,279
2003-04,UTA,Above-break 3,Home,274,91,274,91,273
2003-04,UTA,Corner 3,Away,88,32,88,32,96
2003-04,UTA,Corner 3,Home,96,35,95,35,105
2003-04,UTA,Mid-range,Away,1238,492,0,0,984
2003-04,UTA,Mid-range,Home,1270,476,10,1,953
2003-04,UTA,Paint (non-RA),Away,372,135,0,0,270
2003-04,UTA,Paint (non-RA),Home,232,88,0,0,176
2003-04,UTA,Restricted area,Away,1094,582,0,0,1164
2003-04,UTA,Restricted area,Home,1189,666,0,0,1332
2003-04,WAS,Above-break 3,Away,503,157,503,157,471
2003-04,WAS,Above-break 3,Home,482,172,482,172,516
2003-04,WAS,Corner 3,Away,132,52,132,52,156
2003-04,WAS,Corner 3,Home,149,53,149,53,159
2003-04,WAS,Mid-range,Away,1058,368,1,0,736
2003-04,WAS,Mid-range,Home,1059,375,0,0,750
2003-04,WAS,Paint (non-RA),Away,459,148,0,0,296
2003-04,WAS,Paint (non-RA),Home,588,179,0,0,358
2003-04,WAS,Restricted area,Away,1088,620,0,0,1240
2003-04,WAS,Restricted area,Home,1036,635,0,0,1270
2004-05,ATL,Above-break 3,Away,336,98,335,98,294
2004-05,ATL,Above-break 3,Home,357,128,357,128,384
2004-05,ATL,Corner 3,Away,131,43,131,43,129
2004-05,ATL,Corner 3,Home,134,35,134,35,105
2004-05,ATL,Mid-range,Away,1177,448,1,0,896
2004-05,ATL,Mid-range,Home,1050,403,0,0,806
2004-05,ATL,Paint (non-RA),Away,396,148,0,0,296
2004-05,ATL,Paint (non-RA),Home,513,175,0,0,350
2004-05,ATL,Restricted area,Away,1289,719,0,0,1438
2004-05,ATL,Restricted area,Home,1274,745,0,0,1490
2004-05,BKN,Above-break 3,Away,434,155,434,155,465
2004-05,BKN,Above-break 3,Home,413,147,413,147,441
2004-05,BKN,Corner 3,Away,168,73,168,73,219
2004-05,BKN,Corner 3,Home,175,60,175,60,180
2004-05,BKN,Mid-range,Away,1333,509,0,0,1018
2004-05,BKN,Mid-range,Home,1300,532,0,0,1064
2004-05,BKN,Paint (non-RA),Away,401,163,0,0,326
2004-05,BKN,Paint (non-RA),Home,357,140,0,0,280
2004-05,BKN,Restricted area,Away,849,456,1,0,912
2004-05,BKN,Restricted area,Home,977,518,0,0,1036
2004-05,BOS,Above-break 3,Away,434,140,434,140,420
2004-05,BOS,Above-break 3,Home,425,154,425,154,462
2004-05,BOS,Corner 3,Away,190,69,190,69,207
2004-05,BOS,Corner 3,Home,189,74,189,74,222
2004-05,BOS,Mid-range,Away,1035,422,2,0,844
2004-05,BOS,Mid-range,Home,993,402,0,0,804
2004-05,BOS,Paint (non-RA),Away,387,154,0,0,308
2004-05,BOS,Paint (non-RA),Home,338,131,0,0,262
2004-05,BOS,Restricted area,Away,1206,737,0,0,1474
2004-05,BOS,Restricted area,Home,1302,763,0,0,1526
2004-05,CHA,Above-break 3,Away,305,103,305,103,309
2004-05,CHA,Above-break 3,Home,254,88,254,88,264
2004-05,CHA,Corner 3,Away,153,62,152,62,186
2004-05,CHA,Corner 3,Home,160,66,160,66,198
2004-05,CHA,Mid-range,Away,1497,570,2,0,1140
2004-05,CHA,Mid-range,Home,1489,559,2,1,1119
2004-05,CHA,Paint (non-RA),Away,532,196,0,0,392
2004-05,CHA,Paint (non-RA),Home,438,166,0,0,332
2004-05,CHA,Restricted area,Away,956,533,0,0,1066
2004-05,CHA,Restricted area,Home,1069,618,0,0,1236
2004-05,CHI,Above-break 3,Away,520,184,520,184,552
2004-05,CHI,Above-break 3,Home,563,190,563,190,570
2004-05,CHI,Corner 3,Away,176,69,176,69,207
2004-05,CHI,Corner 3,Home,165,67,165,67,201
2004-05,CHI,Mid-range,Away,1064,403,2,0,806
2004-05,CHI,Mid-range,Home,1079,424,1,0,848
2004-05,CHI,Paint (non-RA),Away,550,193,0,0,386
2004-05,CHI,Paint (non-RA),Home,458,193,0,0,386
2004-05,CHI,Restricted area,Away,968,562,1,1,1125
2004-05,CHI,Restricted area,Home,1044,564,0,0,1128
2004-05,CLE,Above-break 3,Away,315,83,315,83,249
2004-05,CLE,Above-break 3,Home,316,121,316,121,363
2004-05,CLE,Corner 3,Away,137,57,135,55,169
2004-05,CLE,Corner 3,Home,134,40,133,40,120
2004-05,CLE,Mid-range,Away,1300,467,1,1,935
2004-05,CLE,Mid-range,Home,1244,497,0,0,994
2004-05,CLE,Paint (non-RA),Away,544,212,0,0,424
2004-05,CLE,Paint (non-RA),Home,479,193,0,0,386
2004-05,CLE,Restricted area,Away,1081,642,0,0,1284
2004-05,CLE,Restricted area,Home,1133,678,0,0,1356
2004-05,DAL,Above-break 3,Away,466,179,466,179,537
2004-05,DAL,Above-break 3,Home,471,161,470,161,483
2004-05,DAL,Corner 3,Away,146,49,144,49,147
2004-05,DAL,Corner 3,Home,171,71,170,71,213
2004-05,DAL,Mid-range,Away,1255,525,2,2,1052
2004-05,DAL,Mid-range,Home,1219,489,1,1,979
2004-05,DAL,Paint (non-RA),Away,478,209,0,0,418
2004-05,DAL,Paint (non-RA),Home,477,207,0,0,414
2004-05,DAL,Restricted area,Away,944,545,0,0,1090
2004-05,DAL,Restricted area,Home,1044,623,0,0,1246
2004-05,DEN,Above-break 3,Away,296,93,296,93,279
2004-05,DEN,Above-break 3,Home,331,111,331,111,333
2004-05,DEN,Corner 3,Away,126,45,126,45,135
2004-05,DEN,Corner 3,Home,163,71,163,71,213
2004-05,DEN,Mid-range,Away,1282,470,1,0,940
2004-05,DEN,Mid-range,Home,1225,463,0,0,926
2004-05,DEN,Paint (non-RA),Away,357,135,0,0,270
2004-05,DEN,Paint (non-RA),Home,339,118,0,0,236
2004-05,DEN,Restricted area,Away,1205,733,0,0,1466
2004-05,DEN,Restricted area,Home,1268,799,0,0,1598
2004-05,DET,Above-break 3,Away,366,131,366,131,393
2004-05,DET,Above-break 3,Home,379,123,379,123,369
2004-05,DET,Corner 3,Away,124,48,124,48,144
2004-05,DET,Corner 3,Home,174,60,174,60,180
2004-05,DET,Mid-range,Away,1200,498,1,0,996
2004-05,DET,Mid-range,Home,1326,499,0,0,998
2004-05,DET,Paint (non-RA),Away,487,191,0,0,382
2004-05,DET,Paint (non-RA),Home,233,96,0,0,192
2004-05,DET,Restricted area,Away,1008,580,0,0,1160
2004-05,DET,Restricted area,Home,1116,625,1,1,1251
2004-05,GSW,Above-break 3,Away,659,234,659,234,702
2004-05,GSW,Above-break 3,Home,658,232,657,231,695
2004-05,GSW,Corner 3,Away,201,77,201,77,231
2004-05,GSW,Corner 3,Home,247,82,247,82,246
2004-05,GSW,Mid-range,Away,1186,435,0,0,870
2004-05,GSW,Mid-range,Home,1129,432,0,0,864
2004-05,GSW,Paint (non-RA),Away,382,140,0,0,280
2004-05,GSW,Paint (non-RA),Home,488,151,0,0,302
2004-05,GSW,Restricted area,Away,1031,584,0,0,1168
2004-05,GSW,Restricted area,Home,1048,662,0,0,1324
2004-05,HOU,Above-break 3,Away,527,188,527,188,564
2004-05,HOU,Above-break 3,Home,542,192,542,192,576
2004-05,HOU,Corner 3,Away,225,92,225,92,276
2004-05,HOU,Corner 3,Home,212,78,212,78,234
2004-05,HOU,Mid-range,Away,1248,506,3,2,1014
2004-05,HOU,Mid-range,Home,1149,452,1,1,905
2004-05,HOU,Paint (non-RA),Away,427,193,0,0,386
2004-05,HOU,Paint (non-RA),Home,396,161,0,0,322
2004-05,HOU,Restricted area,Away,804,480,0,0,960
2004-05,HOU,Restricted area,Home,878,504,0,0,1008
2004-05,IND,Above-break 3,Away,555,183,555,183,549
2004-05,IND,Above-break 3,Home,570,183,570,183,549
2004-05,IND,Corner 3,Away,201,81,201,81,243
2004-05,IND,Corner 3,Home,237,95,236,95,285
2004-05,IND,Mid-range,Away,1043,394,3,0,788
2004-05,IND,Mid-range,Home,1045,416,0,0,832
2004-05,IND,Paint (non-RA),Away,366,142,0,0,284
2004-05,IND,Paint (non-RA),Home,328,150,0,0,300
2004-05,IND,Restricted area,Away,892,516,0,0,1032
2004-05,IND,Restricted area,Home,922,508,0,0,1016
2004-05,LAC,Above-break 3,Away,204,73,204,73,219
2004-05,LAC,Above-break 3,Home,246,74,246,74,222
2004-05,LAC,Corner 3,Away,105,36,105,36,108
2004-05,LAC,Corner 3,Home,101,48,101,48,144
2004-05,LAC,Mid-range,Away,1336,529,0,0,1058
2004-05,LAC,Mid-range,Home,1294,529,0,0,1058
2004-05,LAC,Paint (non-RA),Away,524,221,0,0,442
2004-05,LAC,Paint (non-RA),Home,559,250,0,0,500
2004-05,LAC,Restricted area,Away,974,548,0,0,1096
2004-05,LAC,Restricted area,Home,1012,616,0,0,1232
2004-05,LAL,Above-break 3,Away,666,244,666,244,732
2004-05,LAL,Above-break 3,Home,642,233,642,233,699
2004-05,LAL,Corner 3,Away,243,81,243,81,243
2004-05,LAL,Corner 3,Home,230,84,230,84,252
2004-05,LAL,Mid-range,Away,998,373,3,2,748
2004-05,LAL,Mid-range,Home,785,294,0,0,588
2004-05,LAL,Paint (non-RA),Away,384,143,0,0,286
2004-05,LAL,Paint (non-RA),Home,397,183,0,0,366
2004-05,LAL,Restricted area,Away,1066,598,0,0,1196
2004-05,LAL,Restricted area,Home,1189,662,0,0,1324
2004-05,MEM,Above-break 3,Away,478,180,478,180,540
2004-05,MEM,Above-break 3,Home,522,176,522,176,528
2004-05,MEM,Corner 3,Away,240,91,240,91,273
2004-05,MEM,Corner 3,Home,229,83,229,83,249
2004-05,MEM,Mid-range,Away,862,308,2,1,617
2004-05,MEM,Mid-range,Home,802,316,0,0,632
2004-05,MEM,Paint (non-RA),Away,421,150,0,0,300
2004-05,MEM,Paint (non-RA),Home,384,168,0,0,336
2004-05,MEM,Restricted area,Away,1109,657,0,0,1314
2004-05,MEM,Restricted area,Home,1209,673,0,0,1346
2004-05,MIA,Above-break 3,Away,454,182,454,182,546
2004-05,MIA,Above-break 3,Home,467,167,467,167,501
2004-05,MIA,Corner 3,Away,183,72,183,72,216
2004-05,MIA,Corner 3,Home,146,53,146,53,159
2004-05,MIA,Mid-range,Away,1042,441,2,0,882
2004-05,MIA,Mid-range,Home,1003,398,1,0,796
2004-05,MIA,Paint (non-RA),Away,393,161,0,0,322
2004-05,MIA,Paint (non-RA),Home,447,194,0,0,388
2004-05,MIA,Restricted area,Away,1095,687,0,0,1374
2004-05,MIA,Restricted area,Home,1131,741,0,0,1482
2004-05,MIL,Above-break 3,Away,345,121,345,121,363
2004-05,MIL,Above-break 3,Home,315,109,315,109,327
2004-05,MIL,Corner 3,Away,123,44,123,44,132
2004-05,MIL,Corner 3,Home,133,51,133,51,153
2004-05,MIL,Mid-range,Away,1325,531,1,0,1062
2004-05,MIL,Mid-range,Home,1235,515,0,0,1030
2004-05,MIL,Paint (non-RA),Away,462,174,0,0,348
2004-05,MIL,Paint (non-RA),Home,339,154,0,0,308
2004-05,MIL,Restricted area,Away,1074,610,0,0,1220
2004-05,MIL,Restricted area,Home,1221,655,0,0,1310
2004-05,MIN,Above-break 3,Away,445,151,445,151,453
2004-05,MIN,Above-break 3,Home,433,145,433,145,435
2004-05,MIN,Corner 3,Away,127,46,126,45,137
2004-05,MIN,Corner 3,Home,127,54,126,54,162
2004-05,MIN,Mid-range,Away,1450,656,2,0,1312
2004-05,MIN,Mid-range,Home,1535,636,0,0,1272
2004-05,MIN,Paint (non-RA),Away,526,218,0,0,436
2004-05,MIN,Paint (non-RA),Home,429,192,0,0,384
2004-05,MIN,Restricted area,Away,751,436,0,0,872
2004-05,MIN,Restricted area,Home,793,511,0,0,1022
2004-05,NOP,Above-break 3,Away,477,152,477,152,456
2004-05,NOP,Above-break 3,Home,521,161,521,161,483
2004-05,NOP,Corner 3,Away,140,46,140,46,138
2004-05,NOP,Corner 3,Home,166,54,166,54,162
2004-05,NOP,Mid-range,Away,1319,487,3,2,976
2004-05,NOP,Mid-range,Home,1236,483,0,0,966
2004-05,NOP,Paint (non-RA),Away,366,123,0,0,246
2004-05,NOP,Paint (non-RA),Home,283,123,0,0,246
2004-05,NOP,Restricted area,Away,956,502,0,0,1004
2004-05,NOP,Restricted area,Home,1083,587,0,0,1174
2004-05,NYK,Above-break 3,Away,473,151,473,151,453
2004-05,NYK,Above-break 3,Home,416,158,416,158,474
2004-05,NYK,Corner 3,Away,171,70,171,70,210
2004-05,NYK,Corner 3,Home,160,61,160,61,183
2004-05,NYK,Mid-range,Away,1323,528,0,0,1056
2004-05,NYK,Mid-range,Home,1132,477,3,1,955
2004-05,NYK,Paint (non-RA),Away,400,169,0,0,338
2004-05,NYK,Paint (non-RA),Home,453,172,0,0,344
2004-05,NYK,Restricted area,Away,972,560,1,0,1120
2004-05,NYK,Restricted area,Home,1083,632,0,0,1264
2004-05,OKC,Above-break 3,Away,665,239,665,239,717
2004-05,OKC,Above-break 3,Home,692,246,691,245,737
2004-05,OKC,Corner 3,Away,225,88,225,88,264
2004-05,OKC,Corner 3,Home,220,92,220,92,276
2004-05,OKC,Mid-range,Away,946,365,3,1,731
2004-05,OKC,Mid-range,Home,873,339,0,0,678
2004-05,OKC,Paint (non-RA),Away,449,193,0,0,386
2004-05,OKC,Paint (non-RA),Home,434,176,0,0,352
2004-05,OKC,Restricted area,Away,934,523,0,0,1046
2004-05,OKC,Restricted area,Home,1040,621,1,1,1243
2004-05,ORL,Above-break 3,Away,334,113,334,113,339
2004-05,ORL,Above-break 3,Home,378,133,378,133,399
2004-05,ORL,Corner 3,Away,94,32,94,32,96
2004-05,ORL,Corner 3,Home,100,41,100,41,123
2004-05,ORL,Mid-range,Away,1389,543,3,1,1087
2004-05,ORL,Mid-range,Home,1352,543,0,0,1086
2004-05,ORL,Paint (non-RA),Away,443,162,0,0,324
2004-05,ORL,Paint (non-RA),Home,331,143,0,0,286
2004-05,ORL,Restricted area,Away,1042,603,0,0,1206
2004-05,ORL,Restricted area,Home,1209,721,0,0,1442
2004-05,PHI,Above-break 3,Away,491,167,491,167,501
2004-05,PHI,Above-break 3,Home,575,182,575,182,546
2004-05,PHI,Corner 3,Away,210,80,210,80,240
2004-05,PHI,Corner 3,Home,169,76,169,76,228
2004-05,PHI,Mid-range,Away,1119,388,1,0,776
2004-05,PHI,Mid-range,Home,1063,417,1,0,834
2004-05,PHI,Paint (non-RA),Away,449,180,0,0,360
2004-05,PHI,Paint (non-RA),Home,413,157,0,0,314
2004-05,PHI,Restricted area,Away,1095,632,0,0,1264
2004-05,PHI,Restricted area,Home,1146,667,0,0,1334
2004-05,PHX,Above-break 3,Away,646,260,646,260,780
2004-05,PHX,Above-break 3,Home,710,269,710,269,807
2004-05,PHX,Corner 3,Away,351,142,350,141,425
2004-05,PHX,Corner 3,Home,294,124,294,124,372
2004-05,PHX,Mid-range,Away,885,360,4,1,721
2004-05,PHX,Mid-range,Home,1030,423,0,0,846
2004-05,PHX,Paint (non-RA),Away,494,234,0,0,468
2004-05,PHX,Paint (non-RA),Home,427,170,0,0,340
2004-05,PHX,Restricted area,Away,1094,662,0,0,1324
2004-05,PHX,Restricted area,Home,1065,706,0,0,1412
2004-05,POR,Above-break 3,Away,513,179,513,179,537
2004-05,POR,Above-break 3,Home,380,138,380,138,414
2004-05,POR,Corner 3,Away,130,51,130,51,153
2004-05,POR,Corner 3,Home,124,48,124,48,144
2004-05,POR,Mid-range,Away,1067,368,1,1,737
2004-05,POR,Mid-range,Home,969,377,2,2,756
2004-05,POR,Paint (non-RA),Away,451,181,0,0,362
2004-05,POR,Paint (non-RA),Home,469,172,0,0,344
2004-05,POR,Restricted area,Away,1094,656,1,1,1313
2004-05,POR,Restricted area,Home,1215,726,0,0,1452
2004-05,SAC,Above-break 3,Away,506,181,506,181,543
2004-05,SAC,Above-break 3,Home,509,187,509,187,561
2004-05,SAC,Corner 3,Away,161,61,161,61,183
2004-05,SAC,Corner 3,Home,209,93,208,93,279
2004-05,SAC,Mid-range,Away,1482,586,3,0,1172
2004-05,SAC,Mid-range,Home,1396,590,0,0,1180
2004-05,SAC,Paint (non-RA),Away,346,133,0,0,266
2004-05,SAC,Paint (non-RA),Home,468,222,0,0,444
2004-05,SAC,Restricted area,Away,976,582,0,0,1164
2004-05,SAC,Restricted area,Home,916,568,0,0,1136
2004-05,SAS,Above-break 3,Away,395,126,395,126,378
2004-05,SAS,Above-break 3,Home,367,140,367,140,420
2004-05,SAS,Corner 3,Away,306,109,306,109,327
2004-05,SAS,Corner 3,Home,310,128,310,128,384
2004-05,SAS,Mid-range,Away,999,362,1,1,725
2004-05,SAS,Mid-range,Home,855,327,7,3,657
2004-05,SAS,Paint (non-RA),Away,535,219,0,0,438
2004-05,SAS,Paint (non-RA),Home,550,209,0,0,418
2004-05,SAS,Restricted area,Away,1079,628,0,0,1256
2004-05,SAS,Restricted area,Home,1046,675,1,0,1350
2004-05,TOR,Above-break 3,Away,482,164,482,164,492
2004-05,TOR,Above-break 3,Home,520,207,520,207,621
2004-05,TOR,Corner 3,Away,319,118,319,118,354
2004-05,TOR,Corner 3,Home,345,157,345,157,471
2004-05,TOR,Mid-range,Away,1116,447,2,2,896
2004-05,TOR,Mid-range,Home,1149,462,0,0,924
2004-05,TOR,Paint (non-RA),Away,366,139,0,0,278
2004-05,TOR,Paint (non-RA),Home,388,170,0,0,340
2004-05,TOR,Restricted area,Away,1065,597,0,0,1194
2004-05,TOR,Restricted area,Home,893,491,0,0,982
2004-05,UTA,Above-break 3,Away,247,70,247,70,210
2004-05,UTA,Above-break 3,Home,286,98,286,98,294
2004-05,UTA,Corner 3,Away,94,39,94,39,117
2004-05,UTA,Corner 3,Home,104,36,103,36,108
2004-05,UTA,Mid-range,Away,1341,526,1,1,1053
2004-05,UTA,Mid-range,Home,1349,533,17,6,1072
2004-05,UTA,Paint (non-RA),Away,388,155,0,0,310
2004-05,UTA,Paint (non-RA),Home,299,105,0,0,210
2004-05,UTA,Restricted area,Away,1101,619,0,0,1238
2004-05,UTA,Restricted area,Home,1078,647,0,0,1294
2004-05,WAS,Above-break 3,Away,575,205,575,205,615
2004-05,WAS,Above-break 3,Home,593,204,593,204,612
2004-05,WAS,Corner 3,Away,145,45,145,45,135
2004-05,WAS,Corner 3,Home,175,58,175,58,174
2004-05,WAS,Mid-range,Away,1106,414,0,0,828
2004-05,WAS,Mid-range,Home,1003,383,0,0,766
2004-05,WAS,Paint (non-RA),Away,506,198,0,0,396
2004-05,WAS,Paint (non-RA),Home,634,177,0,0,354
2004-05,WAS,Restricted area,Away,1046,596,1,1,1193
2004-05,WAS,Restricted area,Home,1003,685,1,0,1370
2005-06,ATL,Above-break 3,Away,402,143,400,141,427
2005-06,ATL,Above-break 3,Home,405,150,405,150,450
2005-06,ATL,Corner 3,Away,148,59,148,59,177
2005-06,ATL,Corner 3,Home,189,73,189,73,219
2005-06,ATL,Mid-range,Away,1095,420,1,1,841
2005-06,ATL,Mid-range,Home,1078,435,0,0,870
2005-06,ATL,Paint (non-RA),Away,394,145,0,0,290
2005-06,ATL,Paint (non-RA),Home,447,175,0,0,350
2005-06,ATL,Restricted area,Away,1172,666,0,0,1332
2005-06,ATL,Restricted area,Home,1155,680,0,0,1360
2005-06,BKN,Above-break 3,Away,499,164,499,164,492
2005-06,BKN,Above-break 3,Home,512,159,512,159,477
2005-06,BKN,Corner 3,Away,201,72,201,72,216
2005-06,BKN,Corner 3,Home,213,80,211,78,238
2005-06,BKN,Mid-range,Away,1140,462,0,0,924
2005-06,BKN,Mid-range,Home,1082,472,8,3,947
2005-06,BKN,Paint (non-RA),Away,373,137,0,0,274
2005-06,BKN,Paint (non-RA),Home,334,135,0,0,270
2005-06,BKN,Restricted area,Away,914,524,0,0,1048
2005-06,BKN,Restricted area,Home,1033,572,0,0,1144
2005-06,BOS,Above-break 3,Away,449,160,449,160,480
2005-06,BOS,Above-break 3,Home,466,164,466,164,492
2005-06,BOS,Corner 3,Away,192,79,192,79,237
2005-06,BOS,Corner 3,Home,166,59,166,59,177
2005-06,BOS,Mid-range,Away,1108,476,3,3,955
2005-06,BOS,Mid-range,Home,946,388,0,0,776
2005-06,BOS,Paint (non-RA),Away,363,148,0,0,296
2005-06,BOS,Paint (non-RA),Home,314,125,0,0,250
2005-06,BOS,Restricted area,Away,1075,645,0,0,1290
2005-06,BOS,Restricted area,Home,1229,705,0,0,1410
2005-06,CHA,Above-break 3,Away,406,123,406,123,369
2005-06,CHA,Above-break 3,Home,426,136,426,136,408
2005-06,CHA,Corner 3,Away,184,79,184,79,237
2005-06,CHA,Corner 3,Home,225,88,225,88,264
2005-06,CHA,Mid-range,Away,1306,507,2,1,1015
2005-06,CHA,Mid-range,Home,1175,415,0,0,830
2005-06,CHA,Paint (non-RA),Away,453,180,0,0,360
2005-06,CHA,Paint (non-RA),Home,344,137,0,0,274
2005-06,CHA,Restricted area,Away,1031,578,0,0,1156
2005-06,CHA,Restricted area,Home,1275,717,0,0,1434
2005-06,CHI,Above-break 3,Away,498,192,498,192,576
2005-06,CHI,Above-break 3,Home,525,192,525,192,576
2005-06,CHI,Corner 3,Away,220,85,220,85,255
2005-06,CHI,Corner 3,Home,219,89,219,89,267
2005-06,CHI,Mid-range,Away,1234,470,0,0,940
2005-06,CHI,Mid-range,Home,1229,531,3,2,1064
2005-06,CHI,Paint (non-RA),Away,451,190,0,0,380
2005-06,CHI,Paint (non-RA),Home,318,146,0,0,292
2005-06,CHI,Restricted area,Away,965,553,0,0,1106
2005-06,CHI,Restricted area,Home,1066,556,0,0,1112
2005-06,CLE,Above-break 3,Away,418,131,418,131,393
2005-06,CLE,Above-break 3,Home,479,167,479,167,501
2005-06,CLE,Corner 3,Away,279,96,279,96,288
2005-06,CLE,Corner 3,Home,274,103,274,103,309
2005-06,CLE,Mid-range,Away,1002,364,0,0,728
2005-06,CLE,Mid-range,Home,892,362,0,0,724
2005-06,CLE,Paint (non-RA),Away,361,140,0,0,280
2005-06,CLE,Paint (non-RA),Home,339,121,0,0,242
2005-06,CLE,Restricted area,Away,1143,695,0,0,1390
2005-06,CLE,Restricted area,Home,1210,729,0,0,1458
2005-06,DAL,Above-break 3,Away,453,146,453,146,438
2005-06,DAL,Above-break 3,Home,375,159,375,159,477
2005-06,DAL,Corner 3,Away,139,60,139,60,180
2005-06,DAL,Corner 3,Home,127,51,127,51,153
2005-06,DAL,Mid-range,Away,1170,505,0,0,1010
2005-06,DAL,Mid-range,Home,1105,481,0,0,962
2005-06,DAL,Paint (non-RA),Away,559,249,0,0,498
2005-06,DAL,Paint (non-RA),Home,542,228,0,0,456
2005-06,DAL,Restricted area,Away,876,496,0,0,992
2005-06,DAL,Restricted area,Home,1010,573,0,0,1146
2005-06,DEN,Above-break 3,Away,391,130,391,130,390
2005-06,DEN,Above-break 3,Home,325,107,325,107,321
2005-06,DEN,Corner 3,Away,157,52,157,52,156
2005-06,DEN,Corner 3,Home,182,59,182,59,177
2005-06,DEN,Mid-range,Away,1243,473,0,0,946
2005-06,DEN,Mid-range,Home,1229,497,1,1,995
2005-06,DEN,Paint (non-RA),Away,301,115,0,0,230
2005-06,DEN,Paint (non-RA),Home,318,115,0,0,230
2005-06,DEN,Restricted area,Away,1159,718,0,0,1436
2005-06,DEN,Restricted area,Home,1347,811,0,0,1622
2005-06,DET,Above-break 3,Away,534,205,534,205,615
2005-06,DET,Above-break 3,Home,460,169,458,168,506
2005-06,DET,Corner 3,Away,195,84,193,84,252
2005-06,DET,Corner 3,Home,260,99,260,99,297
2005-06,DET,Mid-range,Away,1341,553,2,1,1107
2005-06,DET,Mid-range,Home,1382,551,0,0,1102
2005-06,DET,Paint (non-RA),Away,376,144,0,0,288
2005-06,DET,Paint (non-RA),Home,213,91,0,0,182
2005-06,DET,Restricted area,Away,789,471,0,0,942
2005-06,DET,Restricted area,Home,1004,616,0,0,1232
2005-06,GSW,Above-break 3,Away,664,226,664,226,678
2005-06,GSW,Above-break 3,Home,639,208,639,208,624
2005-06,GSW,Corner 3,Away,267,100,266,100,300
2005-06,GSW,Corner 3,Home,245,90,244,90,270
2005-06,GSW,Mid-range,Away,1033,362,4,1,725
2005-06,GSW,Mid-range,Home,954,361,2,0,722
2005-06,GSW,Paint (non-RA),Away,307,115,0,0,230
2005-06,GSW,Paint (non-RA),Home,468,159,0,0,318
2005-06,GSW,Restricted area,Away,1151,645,0,0,1290
2005-06,GSW,Restricted area,Home,1044,673,0,0,1346
2005-06,HOU,Above-break 3,Away,518,181,518,181,543
2005-06,HOU,Above-break 3,Home,501,137,501,137,411
2005-06,HOU,Corner 3,Away,183,72,183,72,216
2005-06,HOU,Corner 3,Home,198,77,198,77,231
2005-06,HOU,Mid-range,Away,1113,451,4,2,904
2005-06,HOU,Mid-range,Home,1065,401,1,0,802
2005-06,HOU,Paint (non-RA),Away,431,174,0,0,348
2005-06,HOU,Paint (non-RA),Home,419,173,0,0,346
2005-06,HOU,Restricted area,Away,832,473,0,0,946
2005-06,HOU,Restricted area,Home,983,569,0,0,1138
2005-06,IND,Above-break 3,Away,602,203,602,203,609
2005-06,IND,Above-break 3,Home,541,191,541,191,573
2005-06,IND,Corner 3,Away,162,54,160,53,161
2005-06,IND,Corner 3,Home,220,88,220,88,264
2005-06,IND,Mid-range,Away,994,393,1,1,787
2005-06,IND,Mid-range,Home,1027,408,0,0,816
2005-06,IND,Paint (non-RA),Away,391,151,0,0,302
2005-06,IND,Paint (non-RA),Home,362,143,0,0,286
2005-06,IND,Restricted area,Away,988,568,0,0,1136
2005-06,IND,Restricted area,Home,975,587,0,0,1174
2005-06,LAC,Above-break 3,Away,339,118,339,118,354
2005-06,LAC,Above-break 3,Home,294,98,294,98,294
2005-06,LAC,Corner 3,Away,103,40,103,40,120
2005-06,LAC,Corner 3,Home,92,34,92,34,102
2005-06,LAC,Mid-range,Away,1344,560,1,0,1120
2005-06,LAC,Mid-range,Home,1245,512,0,0,1024
2005-06,LAC,Paint (non-RA),Away,637,307,0,0,614
2005-06,LAC,Paint (non-RA),Home,708,345,0,0,690
2005-06,LAC,Restricted area,Away,818,473,0,0,946
2005-06,LAC,Restricted area,Home,849,506,0,0,1012
2005-06,LAL,Above-break 3,Away,613,205,613,205,615
2005-06,LAL,Above-break 3,Home,647,229,646,228,686
2005-06,LAL,Corner 3,Away,164,68,164,68,204
2005-06,LAL,Corner 3,Home,147,51,147,51,153
2005-06,LAL,Mid-range,Away,1085,412,0,0,824
2005-06,LAL,Mid-range,Home,1009,414,0,0,828
2005-06,LAL,Paint (non-RA),Away,398,159,0,0,318
2005-06,LAL,Paint (non-RA),Home,455,218,0,0,436
2005-06,LAL,Restricted area,Away,1026,615,0,0,1230
2005-06,LAL,Restricted area,Home,1050,621,0,0,1242
2005-06,MEM,Above-break 3,Away,518,193,518,193,579
2005-06,MEM,Above-break 3,Home,560,207,560,207,621
2005-06,MEM,Corner 3,Away,271,108,271,108,324
2005-06,MEM,Corner 3,Home,218,81,218,81,243
2005-06,MEM,Mid-range,Away,869,315,1,0,630
2005-06,MEM,Mid-range,Home,782,304,2,1,609
2005-06,MEM,Paint (non-RA),Away,421,146,0,0,292
2005-06,MEM,Paint (non-RA),Home,389,142,0,0,284
2005-06,MEM,Restricted area,Away,1000,601,0,0,1202
2005-06,MEM,Restricted area,Home,1089,649,0,0,1298
2005-06,MIA,Above-break 3,Away,540,188,540,188,564
2005-06,MIA,Above-break 3,Home,460,139,460,139,417
2005-06,MIA,Corner 3,Away,235,94,235,94,282
2005-06,MIA,Corner 3,Home,187,74,187,74,222
2005-06,MIA,Mid-range,Away,892,330,1,0,660
2005-06,MIA,Mid-range,Home,757,310,2,1,621
2005-06,MIA,Paint (non-RA),Away,449,189,0,0,378
2005-06,MIA,Paint (non-RA),Home,555,217,0,0,434
2005-06,MIA,Restricted area,Away,1097,679,0,0,1358
2005-06,MIA,Restricted area,Home,1167,818,0,0,1636
2005-06,MIL,Above-break 3,Away,472,172,472,172,516
2005-06,MIL,Above-break 3,Home,451,169,450,169,507
2005-06,MIL,Corner 3,Away,190,79,190,79,237
2005-06,MIL,Corner 3,Home,219,87,219,87,261
2005-06,MIL,Mid-range,Away,1053,403,1,0,806
2005-06,MIL,Mid-range,Home,991,409,1,0,818
2005-06,MIL,Paint (non-RA),Away,495,189,0,0,378
2005-06,MIL,Paint (non-RA),Home,331,132,0,0,264
2005-06,MIL,Restricted area,Away,1064,612,0,0,1224
2005-06,MIL,Restricted area,Home,1298,724,0,0,1448
2005-06,MIN,Above-break 3,Away,393,127,393,127,381
2005-06,MIN,Above-break 3,Home,335,103,335,103,309
2005-06,MIN,Corner 3,Away,111,42,111,42,126
2005-06,MIN,Corner 3,Home,81,37,80,36,110
2005-06,MIN,Mid-range,Away,1356,564,2,1,1129
2005-06,MIN,Mid-range,Home,1447,584,1,0,1168
2005-06,MIN,Paint (non-RA),Away,389,157,0,0,314
2005-06,MIN,Paint (non-RA),Home,341,160,0,0,320
2005-06,MIN,Restricted area,Away,880,522,1,1,1045
2005-06,MIN,Restricted area,Home,988,592,0,0,1184
2005-06,NOP,Above-break 3,Away,296,95,296,95,285
2005-06,NOP,Above-break 3,Home,363,122,363,122,366
2005-06,NOP,Corner 3,Away,112,46,111,46,138
2005-06,NOP,Corner 3,Home,106,37,106,37,111
2005-06,NOP,Mid-range,Away,1320,510,0,0,1020
2005-06,NOP,Mid-range,Home,1174,472,1,0,944
2005-06,NOP,Paint (non-RA),Away,430,152,0,0,304
2005-06,NOP,Paint (non-RA),Home,455,178,0,0,356
2005-06,NOP,Restricted area,Away,1036,568,0,0,1136
2005-06,NOP,Restricted area,Home,1128,651,0,0,1302
2005-06,NYK,Above-break 3,Away,251,102,251,102,306
2005-06,NYK,Above-break 3,Home,274,83,274,83,249
2005-06,NYK,Corner 3,Away,166,72,166,72,216
2005-06,NYK,Corner 3,Home,178,63,178,63,189
2005-06,NYK,Mid-range,Away,979,354,0,0,708
2005-06,NYK,Mid-range,Home,931,374,0,0,748
2005-06,NYK,Paint (non-RA),Away,495,203,0,0,406
2005-06,NYK,Paint (non-RA),Home,447,179,0,0,358
2005-06,NYK,Restricted area,Away,1115,630,0,0,1260
2005-06,NYK,Restricted area,Home,1354,762,0,0,1524
2005-06,OKC,Above-break 3,Away,635,226,634,225,677
2005-06,OKC,Above-break 3,Home,617,232,617,232,696
2005-06,OKC,Corner 3,Away,159,67,159,67,201
2005-06,OKC,Corner 3,Home,198,80,198,80,240
2005-06,OKC,Mid-range,Away,1045,428,3,1,857
2005-06,OKC,Mid-range,Home,1014,412,0,0,824
2005-06,OKC,Paint (non-RA),Away,480,199,0,0,398
2005-06,OKC,Paint (non-RA),Home,533,240,0,0,480
2005-06,OKC,Restricted area,Away,1027,594,0,0,1188
2005-06,OKC,Restricted area,Home,983,599,1,0,1198
2005-06,ORL,Above-break 3,Away,301,116,301,116,348
2005-06,ORL,Above-break 3,Home,321,109,321,109,327
2005-06,ORL,Corner 3,Away,93,48,93,48,144
2005-06,ORL,Corner 3,Home,68,25,67,24,74
2005-06,ORL,Mid-range,Away,1178,466,2,2,934
2005-06,ORL,Mid-range,Home,1136,491,0,0,982
2005-06,ORL,Paint (non-RA),Away,409,155,0,0,310
2005-06,ORL,Paint (non-RA),Home,353,145,0,0,290
2005-06,ORL,Restricted area,Away,1090,646,0,0,1292
2005-06,ORL,Restricted area,Home,1206,710,0,0,1420
2005-06,PHI,Above-break 3,Away,358,124,358,124,372
2005-06,PHI,Above-break 3,Home,377,134,377,134,402
2005-06,PHI,Corner 3,Away,146,63,146,63,189
2005-06,PHI,Corner 3,Home,141,53,141,53,159
2005-06,PHI,Mid-range,Away,1153,450,2,1,901
2005-06,PHI,Mid-range,Home,1114,447,1,0,894
2005-06,PHI,Paint (non-RA),Away,517,202,0,0,404
2005-06,PHI,Paint (non-RA),Home,502,216,0,0,432
2005-06,PHI,Restricted area,Away,1054,625,0,0,1250
2005-06,PHI,Restricted area,Home,1178,687,0,0,1374
2005-06,PHX,Above-break 3,Away,691,253,691,253,759
2005-06,PHX,Above-break 3,Home,764,324,764,324,972
2005-06,PHX,Corner 3,Away,363,151,362,151,453
2005-06,PHX,Corner 3,Home,268,108,268,108,324
2005-06,PHX,Mid-range,Away,1216,509,0,0,1018
2005-06,PHX,Mid-range,Home,1272,551,2,1,1103
2005-06,PHX,Paint (non-RA),Away,344,148,0,0,296
2005-06,PHX,Paint (non-RA),Home,362,153,0,0,306
2005-06,PHX,Restricted area,Away,1013,644,0,0,1288
2005-06,PHX,Restricted area,Home,864,589,0,0,1178
2005-06,POR,Above-break 3,Away,345,111,345,111,333
2005-06,POR,Above-break 3,Home,370,138,370,138,414
2005-06,POR,Corner 3,Away,154,56,153,56,168
2005-06,POR,Corner 3,Home,157,57,157,57,171
2005-06,POR,Mid-range,Away,1209,460,1,1,921
2005-06,POR,Mid-range,Home,1153,457,0,0,914
2005-06,POR,Paint (non-RA),Away,419,160,0,0,320
2005-06,POR,Paint (non-RA),Home,387,143,0,0,286
2005-06,POR,Restricted area,Away,982,568,0,0,1136
2005-06,POR,Restricted area,Home,1075,640,0,0,1280
2005-06,SAC,Above-break 3,Away,510,173,509,173,519
2005-06,SAC,Above-break 3,Home,530,192,530,192,576
2005-06,SAC,Corner 3,Away,177,62,175,62,186
2005-06,SAC,Corner 3,Home,186,68,183,67,203
2005-06,SAC,Mid-range,Away,1279,502,1,0,1004
2005-06,SAC,Mid-range,Home,1169,461,0,0,922
2005-06,SAC,Paint (non-RA),Away,337,131,1,0,262
2005-06,SAC,Paint (non-RA),Home,415,189,0,0,378
2005-06,SAC,Restricted area,Away,960,583,0,0,1166
2005-06,SAC,Restricted area,Home,928,593,0,0,1186
2005-06,SAS,Above-break 3,Away,410,153,410,153,459
2005-06,SAS,Above-break 3,Home,368,125,368,125,375
2005-06,SAS,Corner 3,Away,280,118,280,118,354
2005-06,SAS,Corner 3,Home,291,126,290,126,378
2005-06,SAS,Mid-range,Away,1021,403,2,1,807
2005-06,SAS,Mid-range,Home,876,341,4,1,683
2005-06,SAS,Paint (non-RA),Away,503,210,0,0,420
2005-06,SAS,Paint (non-RA),Home,550,212,0,0,424
2005-06,SAS,Restricted area,Away,924,584,0,0,1168
2005-06,SAS,Restricted area,Home,1111,721,0,0,1442
2005-06,TOR,Above-break 3,Away,505,186,505,186,558
2005-06,TOR,Above-break 3,Home,516,196,516,196,588
2005-06,TOR,Corner 3,Away,286,118,286,118,354
2005-06,TOR,Corner 3,Home,296,105,296,105,315
2005-06,TOR,Mid-range,Away,1094,455,2,1,911
2005-06,TOR,Mid-range,Home,1205,494,1,0,988
2005-06,TOR,Paint (non-RA),Away,419,170,0,0,340
2005-06,TOR,Paint (non-RA),Home,392,179,0,0,358
2005-06,TOR,Restricted area,Away,932,539,1,1,1079
2005-06,TOR,Restricted area,Home,981,570,0,0,1140
2005-06,UTA,Above-break 3,Away,392,129,391,128,386
2005-06,UTA,Above-break 3,Home,392,133,392,133,399
2005-06,UTA,Corner 3,Away,63,24,62,23,71
2005-06,UTA,Corner 3,Home,64,25,63,24,74
2005-06,UTA,Mid-range,Away,1226,496,0,0,992
2005-06,UTA,Mid-range,Home,1163,396,8,2,794
2005-06,UTA,Paint (non-RA),Away,352,124,0,0,248
2005-06,UTA,Paint (non-RA),Home,324,126,0,0,252
2005-06,UTA,Restricted area,Away,1086,608,0,0,1216
2005-06,UTA,Restricted area,Home,1136,682,0,0,1364
2005-06,WAS,Above-break 3,Away,589,208,589,208,624
2005-06,WAS,Above-break 3,Home,531,197,531,197,591
2005-06,WAS,Corner 3,Away,151,58,151,58,174
2005-06,WAS,Corner 3,Home,111,34,111,34,102
2005-06,WAS,Mid-range,Away,1106,408,2,0,816
2005-06,WAS,Mid-range,Home,1120,435,0,0,870
2005-06,WAS,Paint (non-RA),Away,437,173,0,0,346
2005-06,WAS,Paint (non-RA),Home,499,183,0,0,366
2005-06,WAS,Restricted area,Away,1076,625,0,0,1250
2005-06,WAS,Restricted area,Home,1026,654,0,0,1308
2006-07,ATL,Above-break 3,Away,347,107,347,107,321
2006-07,ATL,Above-break 3,Home,402,130,402,130,390
2006-07,ATL,Corner 3,Away,140,57,140,57,171
2006-07,ATL,Corner 3,Home,138,46,138,46,138
2006-07,ATL,Mid-range,Away,1172,443,1,1,887
2006-07,ATL,Mid-range,Home,1144,463,0,0,926
2006-07,ATL,Paint (non-RA),Away,394,156,0,0,312
2006-07,ATL,Paint (non-RA),Home,285,107,0,0,214
2006-07,ATL,Restricted area,Away,1086,609,0,0,1218
2006-07,ATL,Restricted area,Home,1256,713,2,0,1426
2006-07,BKN,Above-break 3,Away,576,203,576,203,609
2006-07,BKN,Above-break 3,Home,608,218,608,218,654
2006-07,BKN,Corner 3,Away,229,85,229,85,255
2006-07,BKN,Corner 3,Home,249,102,249,102,306
2006-07,BKN,Mid-range,Away,1007,415,1,0,830
2006-07,BKN,Mid-range,Home,959,388,2,1,777
2006-07,BKN,Paint (non-RA),Away,328,143,0,0,286
2006-07,BKN,Paint (non-RA),Home,243,100,0,0,200
2006-07,BKN,Restricted area,Away,1030,604,0,0,1208
2006-07,BKN,Restricted area,Home,1139,655,0,0,1310
2006-07,BOS,Above-break 3,Away,452,152,452,152,456
2006-07,BOS,Above-break 3,Home,459,167,459,167,501
2006-07,BOS,Corner 3,Away,172,73,172,73,219
2006-07,BOS,Corner 3,Home,189,78,189,78,234
2006-07,BOS,Mid-range,Away,1008,370,1,1,741
2006-07,BOS,Mid-range,Home,1074,420,0,0,840
2006-07,BOS,Paint (non-RA),Away,472,189,0,0,378
2006-07,BOS,Paint (non-RA),Home,425,172,0,0,344
2006-07,BOS,Restricted area,Away,1102,638,0,0,1276
2006-07,BOS,Restricted area,Home,1091,599,0,0,1198
2006-07,CHA,Above-break 3,Away,404,136,404,136,408
2006-07,CHA,Above-break 3,Home,395,142,395,142,426
2006-07,CHA,Corner 3,Away,216,76,216,76,228
2006-07,CHA,Corner 3,Home,247,102,247,102,306
2006-07,CHA,Mid-range,Away,1185,507,1,0,1014
2006-07,CHA,Mid-range,Home,1081,392,0,0,784
2006-07,CHA,Paint (non-RA),Away,449,151,0,0,302
2006-07,CHA,Paint (non-RA),Home,363,153,0,0,306
2006-07,CHA,Restricted area,Away,1053,613,0,0,1226
2006-07,CHA,Restricted area,Home,1236,687,3,0,1374
2006-07,CHI,Above-break 3,Away,500,208,500,208,624
2006-07,CHI,Above-break 3,Home,438,153,438,153,459
2006-07,CHI,Corner 3,Away,132,53,131,52,158
2006-07,CHI,Corner 3,Home,154,66,154,66,198
2006-07,CHI,Mid-range,Away,1253,522,2,1,1045
2006-07,CHI,Mid-range,Home,1347,581,1,0,1162
2006-07,CHI,Paint (non-RA),Away,450,158,0,0,316
2006-07,CHI,Paint (non-RA),Home,320,144,0,0,288
2006-07,CHI,Restricted area,Away,980,554,0,0,1108
2006-07,CHI,Restricted area,Home,1078,607,0,0,1214
2006-07,CLE,Above-break 3,Away,452,151,452,151,453
2006-07,CLE,Above-break 3,Home,443,160,443,160,480
2006-07,CLE,Corner 3,Away,233,74,232,74,222
2006-07,CLE,Corner 3,Home,263,106,263,106,318
2006-07,CLE,Mid-range,Away,1155,432,1,0,864
2006-07,CLE,Mid-range,Home,1068,401,1,1,803
2006-07,CLE,Paint (non-RA),Away,406,157,0,0,314
2006-07,CLE,Paint (non-RA),Home,380,127,0,0,254
2006-07,CLE,Restricted area,Away,1057,645,0,0,1290
2006-07,CLE,Restricted area,Home,1189,723,0,0,1446
2006-07,DAL,Above-break 3,Away,441,173,441,173,519
2006-07,DAL,Above-break 3,Home,470,183,470,183,549
2006-07,DAL,Corner 3,Away,237,73,237,73,219
2006-07,DAL,Corner 3,Home,238,104,238,104,312
2006-07,DAL,Mid-range,Away,1227,520,3,1,1041
2006-07,DAL,Mid-range,Home,1148,509,1,1,1019
2006-07,DAL,Paint (non-RA),Away,420,170,0,0,340
2006-07,DAL,Paint (non-RA),Home,452,205,0,0,410
2006-07,DAL,Restricted area,Away,876,533,0,0,1066
2006-07,DAL,Restricted area,Home,919,540,0,0,1080
2006-07,DEN,Above-break 3,Away,543,185,543,185,555
2006-07,DEN,Above-break 3,Home,498,175,498,175,525
2006-07,DEN,Corner 3,Away,176,70,176,70,210
2006-07,DEN,Corner 3,Home,204,54,203,53,161
2006-07,DEN,Mid-range,Away,1078,417,2,0,834
2006-07,DEN,Mid-range,Home,972,350,2,1,701
2006-07,DEN,Paint (non-RA),Away,331,135,0,0,270
2006-07,DEN,Paint (non-RA),Home,388,153,0,0,306
2006-07,DEN,Restricted area,Away,1225,758,0,0,1516
2006-07,DEN,Restricted area,Home,1374,867,0,0,1734
2006-07,DET,Above-break 3,Away,460,150,460,150,450
2006-07,DET,Above-break 3,Home,395,143,395,143,429
2006-07,DET,Corner 3,Away,173,62,173,62,186
2006-07,DET,Corner 3,Home,263,93,263,93,279
2006-07,DET,Mid-range,Away,1243,507,1,0,1014
2006-07,DET,Mid-range,Home,1292,539,0,0,1078
2006-07,DET,Paint (non-RA),Away,418,184,0,0,368
2006-07,DET,Paint (non-RA),Home,286,109,0,0,218
2006-07,DET,Restricted area,Away,943,567,0,0,1134
2006-07,DET,Restricted area,Home,998,587,0,0,1174
2006-07,GSW,Above-break 3,Away,665,221,665,221,663
2006-07,GSW,Above-break 3,Home,604,214,604,214,642
2006-07,GSW,Corner 3,Away,338,123,337,123,369
2006-07,GSW,Corner 3,Home,343,141,343,141,423
2006-07,GSW,Mid-range,Away,907,349,2,1,699
2006-07,GSW,Mid-range,Home,788,293,0,0,586
2006-07,GSW,Paint (non-RA),Away,350,143,0,0,286
2006-07,GSW,Paint (non-RA),Home,369,120,0,0,240
2006-07,GSW,Restricted area,Away,1277,742,0,0,1484
2006-07,GSW,Restricted area,Home,1391,915,0,0,1830
2006-07,HOU,Above-break 3,Away,654,239,654,239,717
2006-07,HOU,Above-break 3,Home,701,255,701,255,765
2006-07,HOU,Corner 3,Away,255,97,255,97,291
2006-07,HOU,Corner 3,Home,273,112,273,112,336
2006-07,HOU,Mid-range,Away,1003,405,3,1,811
2006-07,HOU,Mid-range,Home,874,350,0,0,700
2006-07,HOU,Paint (non-RA),Away,450,186,0,0,372
2006-07,HOU,Paint (non-RA),Home,476,203,0,0,406
2006-07,HOU,Restricted area,Away,908,512,0,0,1024
2006-07,HOU,Restricted area,Home,927,546,0,0,1092
2006-07,IND,Above-break 3,Away,508,173,508,173,519
2006-07,IND,Above-break 3,Home,473,162,473,162,486
2006-07,IND,Corner 3,Away,164,61,164,61,183
2006-07,IND,Corner 3,Home,233,83,233,83,249
2006-07,IND,Mid-range,Away,1122,417,0,0,834
2006-07,IND,Mid-range,Home,1172,468,0,0,936
2006-07,IND,Paint (non-RA),Away,449,192,0,0,384
2006-07,IND,Paint (non-RA),Home,460,190,0,0,380
2006-07,IND,Restricted area,Away,1003,555,0,0,1110
2006-07,IND,Restricted area,Home,966,569,0,0,1138
2006-07,LAC,Above-break 3,Away,358,133,357,132,398
2006-07,LAC,Above-break 3,Home,357,114,357,114,342
2006-07,LAC,Corner 3,Away,93,43,93,43,129
2006-07,LAC,Corner 3,Home,81,26,80,25,77
2006-07,LAC,Mid-range,Away,1394,553,0,0,1106
2006-07,LAC,Mid-range,Home,1227,498,0,0,996
2006-07,LAC,Paint (non-RA),Away,551,226,0,0,452
2006-07,LAC,Paint (non-RA),Home,584,273,0,0,546
2006-07,LAC,Restricted area,Away,780,480,0,0,960
2006-07,LAC,Restricted area,Home,877,534,0,0,1068
2006-07,LAL,Above-break 3,Away,637,199,637,199,597
2006-07,LAL,Above-break 3,Home,663,249,663,249,747
2006-07,LAL,Corner 3,Away,217,84,217,84,252
2006-07,LAL,Corner 3,Home,190,75,190,75,225
2006-07,LAL,Mid-range,Away,974,405,3,1,811
2006-07,LAL,Mid-range,Home,879,366,0,0,732
2006-07,LAL,Paint (non-RA),Away,409,175,0,0,350
2006-07,LAL,Paint (non-RA),Home,439,188,0,0,376
2006-07,LAL,Restricted area,Away,1053,639,0,0,1278
2006-07,LAL,Restricted area,Home,1189,723,0,0,1446
2006-07,MEM,Above-break 3,Away,500,179,500,179,537
2006-07,MEM,Above-break 3,Home,616,219,616,219,657
2006-07,MEM,Corner 3,Away,121,48,121,48,144
2006-07,MEM,Corner 3,Home,106,52,106,52,156
2006-07,MEM,Mid-range,Away,994,391,2,2,784
2006-07,MEM,Mid-range,Home,889,368,0,0,736
2006-07,MEM,Paint (non-RA),Away,432,181,0,0,362
2006-07,MEM,Paint (non-RA),Home,469,209,0,0,418
2006-07,MEM,Restricted area,Away,1131,650,0,0,1300
2006-07,MEM,Restricted area,Home,1173,701,0,0,1402
2006-07,MIA,Above-break 3,Away,574,208,574,208,624
2006-07,MIA,Above-break 3,Home,524,163,524,163,489
2006-07,MIA,Corner 3,Away,239,75,239,75,225
2006-07,MIA,Corner 3,Home,184,80,184,80,240
2006-07,MIA,Mid-range,Away,976,374,1,0,748
2006-07,MIA,Mid-range,Home,860,354,5,2,710
2006-07,MIA,Paint (non-RA),Away,400,164,0,0,328
2006-07,MIA,Paint (non-RA),Home,519,235,0,0,470
2006-07,MIA,Restricted area,Away,1021,619,0,0,1238
2006-07,MIA,Restricted area,Home,979,647,0,0,1294
2006-07,MIL,Above-break 3,Away,536,183,536,183,549
2006-07,MIL,Above-break 3,Home,531,192,531,192,576
2006-07,MIL,Corner 3,Away,193,63,193,63,189
2006-07,MIL,Corner 3,Home,204,86,204,86,258
2006-07,MIL,Mid-range,Away,985,374,1,0,748
2006-07,MIL,Mid-range,Home,906,367,1,0,734
2006-07,MIL,Paint (non-RA),Away,459,187,0,0,374
2006-07,MIL,Paint (non-RA),Home,354,165,1,0,330
2006-07,MIL,Restricted area,Away,1230,733,0,0,1466
2006-07,MIL,Restricted area,Home,1311,771,0,0,1542
2006-07,MIN,Above-break 3,Away,404,145,404,145,435
2006-07,MIN,Above-break 3,Home,364,126,364,126,378
2006-07,MIN,Corner 3,Away,147,53,147,53,159
2006-07,MIN,Corner 3,Home,148,59,148,59,177
2006-07,MIN,Mid-range,Away,1333,554,0,0,1108
2006-07,MIN,Mid-range,Home,1445,625,2,0,1250
2006-07,MIN,Paint (non-RA),Away,448,192,0,0,384
2006-07,MIN,Paint (non-RA),Home,399,169,0,0,338
2006-07,MIN,Restricted area,Away,868,530,0,0,1060
2006-07,MIN,Restricted area,Home,922,543,0,0,1086
2006-07,NOP,Above-break 3,Away,476,161,476,161,483
2006-07,NOP,Above-break 3,Home,485,184,485,184,552
2006-07,NOP,Corner 3,Away,157,60,157,60,180
2006-07,NOP,Corner 3,Home,128,50,127,49,149
2006-07,NOP,Mid-range,Away,1094,403,1,1,807
2006-07,NOP,Mid-range,Home,1065,399,2,0,798
2006-07,NOP,Paint (non-RA),Away,483,194,0,0,388
2006-07,NOP,Paint (non-RA),Home,584,224,0,0,448
2006-07,NOP,Restricted area,Away,1083,654,0,0,1308
2006-07,NOP,Restricted area,Home,1111,642,0,0,1284
2006-07,NYK,Above-break 3,Away,487,172,487,172,516
2006-07,NYK,Above-break 3,Home,493,165,493,165,495
2006-07,NYK,Corner 3,Away,160,65,159,65,195
2006-07,NYK,Corner 3,Home,210,69,210,69,207
2006-07,NYK,Mid-range,Away,818,288,2,1,577
2006-07,NYK,Mid-range,Home,789,291,2,2,584
2006-07,NYK,Paint (non-RA),Away,447,181,0,0,362
2006-07,NYK,Paint (non-RA),Home,355,139,0,0,278
2006-07,NYK,Restricted area,Away,1243,735,0,0,1470
2006-07,NYK,Restricted area,Home,1337,798,0,0,1596
2006-07,OKC,Above-break 3,Away,566,206,566,206,618
2006-07,OKC,Above-break 3,Home,518,193,518,193,579
2006-07,OKC,Corner 3,Away,167,64,167,64,192
2006-07,OKC,Corner 3,Home,184,61,184,61,183
2006-07,OKC,Mid-range,Away,1020,383,2,1,767
2006-07,OKC,Mid-range,Home,958,392,0,0,784
2006-07,OKC,Paint (non-RA),Away,534,239,0,0,478
2006-07,OKC,Paint (non-RA),Home,611,257,0,0,514
2006-07,OKC,Restricted area,Away,1032,647,0,0,1294
2006-07,OKC,Restricted area,Home,1024,605,0,0,1210
2006-07,ORL,Above-break 3,Away,325,120,325,120,360
2006-07,ORL,Above-break 3,Home,343,113,343,113,339
2006-07,ORL,Corner 3,Away,151,54,151,54,162
2006-07,ORL,Corner 3,Home,134,53,134,53,159
2006-07,ORL,Mid-range,Away,1051,397,2,1,795
2006-07,ORL,Mid-range,Home,961,369,0,0,738
2006-07,ORL,Paint (non-RA),Away,436,174,0,0,348
2006-07,ORL,Paint (non-RA),Home,409,168,0,0,336
2006-07,ORL,Restricted area,Away,1127,707,1,1,1415
2006-07,ORL,Restricted area,Home,1147,720,0,0,1440
2006-07,PHI,Above-break 3,Away,294,102,294,102,306
2006-07,PHI,Above-break 3,Home,325,106,325,106,318
2006-07,PHI,Corner 3,Away,107,34,107,34,102
2006-07,PHI,Corner 3,Home,80,41,80,41,123
2006-07,PHI,Mid-range,Away,1316,514,0,0,1028
2006-07,PHI,Mid-range,Home,1250,500,1,1,1001
2006-07,PHI,Paint (non-RA),Away,451,179,0,0,358
2006-07,PHI,Paint (non-RA),Home,437,161,0,0,322
2006-07,PHI,Restricted area,Away,1061,663,0,0,1326
2006-07,PHI,Restricted area,Home,1071,632,0,0,1264
2006-07,PHX,Above-break 3,Away,625,242,625,242,726
2006-07,PHX,Above-break 3,Home,692,260,692,260,780
2006-07,PHX,Corner 3,Away,345,158,345,158,474
2006-07,PHX,Corner 3,Home,287,125,287,125,375
2006-07,PHX,Mid-range,Away,961,395,1,0,790
2006-07,PHX,Mid-range,Home,1008,414,0,0,828
2006-07,PHX,Paint (non-RA),Away,375,178,0,0,356
2006-07,PHX,Paint (non-RA),Home,371,169,0,0,338
2006-07,PHX,Restricted area,Away,1137,734,0,0,1468
2006-07,PHX,Restricted area,Home,1039,713,0,0,1426
2006-07,POR,Above-break 3,Away,373,122,372,122,366
2006-07,POR,Above-break 3,Home,366,118,366,118,354
2006-07,POR,Corner 3,Away,219,82,218,82,246
2006-07,POR,Corner 3,Home,247,101,247,101,303
2006-07,POR,Mid-range,Away,1128,442,3,1,885
2006-07,POR,Mid-range,Home,1106,446,3,2,894
2006-07,POR,Paint (non-RA),Away,492,201,0,0,402
2006-07,POR,Paint (non-RA),Home,414,179,0,0,358
2006-07,POR,Restricted area,Away,951,560,0,0,1120
2006-07,POR,Restricted area,Home,1073,623,0,0,1246
2006-07,SAC,Above-break 3,Away,572,195,572,195,585
2006-07,SAC,Above-break 3,Home,620,223,620,223,669
2006-07,SAC,Corner 3,Away,154,55,154,55,165
2006-07,SAC,Corner 3,Home,163,57,163,57,171
2006-07,SAC,Mid-range,Away,1064,398,0,0,796
2006-07,SAC,Mid-range,Home,1025,436,0,0,872
2006-07,SAC,Paint (non-RA),Away,423,166,0,0,332
2006-07,SAC,Paint (non-RA),Home,500,221,0,0,442
2006-07,SAC,Restricted area,Away,1061,627,0,0,1254
2006-07,SAC,Restricted area,Home,946,563,0,0,1126
2006-07,SAS,Above-break 3,Away,499,191,499,191,573
2006-07,SAS,Above-break 3,Home,433,154,433,154,462
2006-07,SAS,Corner 3,Away,312,130,312,130,390
2006-07,SAS,Corner 3,Home,302,117,302,117,351
2006-07,SAS,Mid-range,Away,991,395,1,1,791
2006-07,SAS,Mid-range,Home,939,378,5,2,758
2006-07,SAS,Paint (non-RA),Away,459,214,0,0,428
2006-07,SAS,Paint (non-RA),Home,428,169,0,0,338
2006-07,SAS,Restricted area,Away,889,561,0,0,1122
2006-07,SAS,Restricted area,Home,1067,690,0,0,1380
2006-07,TOR,Above-break 3,Away,465,147,465,147,441
2006-07,TOR,Above-break 3,Home,483,173,483,173,519
2006-07,TOR,Corner 3,Away,260,92,260,92,276
2006-07,TOR,Corner 3,Home,242,119,241,118,356
2006-07,TOR,Mid-range,Away,1268,519,1,0,1038
2006-07,TOR,Mid-range,Home,1252,534,1,0,1068
2006-07,TOR,Paint (non-RA),Away,350,137,0,0,274
2006-07,TOR,Paint (non-RA),Home,342,167,0,0,334
2006-07,TOR,Restricted area,Away,931,574,0,0,1148
2006-07,TOR,Restricted area,Home,941,569,0,0,1138
2006-07,UTA,Above-break 3,Away,456,155,456,155,465
2006-07,UTA,Above-break 3,Home,412,148,412,148,444
2006-07,UTA,Corner 3,Away,99,26,97,26,78
2006-07,UTA,Corner 3,Home,75,24,75,24,72
2006-07,UTA,Mid-range,Away,1085,452,0,0,904
2006-07,UTA,Mid-range,Home,1156,495,4,1,991
2006-07,UTA,Paint (non-RA),Away,390,142,0,0,284
2006-07,UTA,Paint (non-RA),Home,374,155,0,0,310
2006-07,UTA,Restricted area,Away,1207,709,0,0,1418
2006-07,UTA,Restricted area,Home,1205,763,0,0,1526
2006-07,WAS,Above-break 3,Away,640,223,639,222,668
2006-07,WAS,Above-break 3,Home,624,215,624,215,645
2006-07,WAS,Corner 3,Away,164,62,163,61,185
2006-07,WAS,Corner 3,Home,179,62,179,62,186
2006-07,WAS,Mid-range,Away,1189,430,1,0,860
2006-07,WAS,Mid-range,Home,1124,482,0,0,964
2006-07,WAS,Paint (non-RA),Away,334,152,0,0,304
2006-07,WAS,Paint (non-RA),Home,387,133,0,0,266
2006-07,WAS,Restricted area,Away,1063,635,0,0,1270
2006-07,WAS,Restricted area,Home,1108,675,0,0,1350
2007-08,ATL,Above-break 3,Away,360,130,360,130,390
2007-08,ATL,Above-break 3,Home,411,139,411,139,417
2007-08,ATL,Corner 3,Away,162,66,162,66,198
2007-08,ATL,Corner 3,Home,125,46,125,46,138
2007-08,ATL,Mid-range,Away,1111,403,3,1,807
2007-08,ATL,Mid-range,Home,1069,424,0,0,848
2007-08,ATL,Paint (non-RA),Away,516,195,0,0,390
2007-08,ATL,Paint (non-RA),Home,489,203,0,0,406
2007-08,ATL,Restricted area,Away,1103,638,1,1,1277
2007-08,ATL,Restricted area,Home,1190,730,0,0,1460
2007-08,BKN,Above-break 3,Away,519,166,519,166,498
2007-08,BKN,Above-break 3,Home,507,170,507,170,510
2007-08,BKN,Corner 3,Away,182,80,180,80,240
2007-08,BKN,Corner 3,Home,200,81,200,81,243
2007-08,BKN,Mid-range,Away,1096,457,1,1,915
2007-08,BKN,Mid-range,Home,1035,397,0,0,794
2007-08,BKN,Paint (non-RA),Away,360,136,0,0,272
2007-08,BKN,Paint (non-RA),Home,245,93,0,0,186
2007-08,BKN,Restricted area,Away,1044,591,0,0,1182
2007-08,BKN,Restricted area,Home,1239,685,0,0,1370
2007-08,BOS,Above-break 3,Away,603,238,603,238,714
2007-08,BOS,Above-break 3,Home,539,191,539,191,573
2007-08,BOS,Corner 3,Away,217,90,216,90,270
2007-08,BOS,Corner 3,Home,192,78,190,77,233
2007-08,BOS,Mid-range,Away,913,386,0,0,772
2007-08,BOS,Mid-range,Home,948,410,1,0,820
2007-08,BOS,Paint (non-RA),Away,345,146,0,0,292
2007-08,BOS,Paint (non-RA),Home,360,154,0,0,308
2007-08,BOS,Restricted area,Away,1076,619,0,0,1238
2007-08,BOS,Restricted area,Home,1078,674,0,0,1348
2007-08,CHA,Above-break 3,Away,481,173,481,173,519
2007-08,CHA,Above-break 3,Home,431,159,431,159,477
2007-08,CHA,Corner 3,Away,255,94,255,94,282
2007-08,CHA,Corner 3,Home,269,103,268,102,308
2007-08,CHA,Mid-range,Away,1052,411,1,0,822
2007-08,CHA,Mid-range,Home,1007,367,0,0,734
2007-08,CHA,Paint (non-RA),Away,408,167,0,0,334
2007-08,CHA,Paint (non-RA),Home,373,163,0,0,326
2007-08,CHA,Restricted area,Away,1056,602,1,1,1205
2007-08,CHA,Restricted area,Home,1216,721,0,0,1442
2007-08,CHI,Above-break 3,Away,494,181,494,181,543
2007-08,CHI,Above-break 3,Home,486,168,486,168,504
2007-08,CHI,Corner 3,Away,157,65,157,65,195
2007-08,CHI,Corner 3,Home,155,60,155,60,180
2007-08,CHI,Mid-range,Away,1272,493,1,0,986
2007-08,CHI,Mid-range,Home,1332,555,0,0,1110
2007-08,CHI,Paint (non-RA),Away,466,180,0,0,360
2007-08,CHI,Paint (non-RA),Home,340,133,0,0,266
2007-08,CHI,Restricted area,Away,984,543,1,0,1086
2007-08,CHI,Restricted area,Home,1164,609,0,0,1218
2007-08,CLE,Above-break 3,Away,507,182,506,182,546
2007-08,CLE,Above-break 3,Home,481,159,481,159,477
2007-08,CLE,Corner 3,Away,290,118,290,118,354
2007-08,CLE,Corner 3,Home,258,94,257,93,281
2007-08,CLE,Mid-range,Away,1095,389,0,0,778
2007-08,CLE,Mid-range,Home,1125,433,1,0,866
2007-08,CLE,Paint (non-RA),Away,366,129,0,0,258
2007-08,CLE,Paint (non-RA),Home,351,120,0,0,240
2007-08,CLE,Restricted area,Away,1072,631,0,0,1262
2007-08,CLE,Restricted area,Home,1142,682,0,0,1364
2007-08,DAL,Above-break 3,Away,508,171,508,171,513
2007-08,DAL,Above-break 3,Home,469,176,469,176,528
2007-08,DAL,Corner 3,Away,206,65,206,65,195
2007-08,DAL,Corner 3,Home,199,82,199,82,246
2007-08,DAL,Mid-range,Away,1225,525,0,0,1050
2007-08,DAL,Mid-range,Home,1181,551,0,0,1102
2007-08,DAL,Paint (non-RA),Away,443,190,0,0,380
2007-08,DAL,Paint (non-RA),Home,497,197,0,0,394
2007-08,DAL,Restricted area,Away,857,511,2,0,1022
2007-08,DAL,Restricted area,Home,911,557,0,0,1114
2007-08,DEN,Above-break 3,Away,614,207,614,207,621
2007-08,DEN,Above-break 3,Home,545,194,545,194,582
2007-08,DEN,Corner 3,Away,194,86,194,86,258
2007-08,DEN,Corner 3,Home,218,81,218,81,243
2007-08,DEN,Mid-range,Away,1034,423,2,1,847
2007-08,DEN,Mid-range,Home,1006,406,0,0,812
2007-08,DEN,Paint (non-RA),Away,415,164,0,0,328
2007-08,DEN,Paint (non-RA),Home,380,137,0,0,274
2007-08,DEN,Restricted area,Away,1218,772,0,0,1544
2007-08,DEN,Restricted area,Home,1382,837,0,0,1674
2007-08,DET,Above-break 3,Away,473,177,473,177,531
2007-08,DET,Above-break 3,Home,481,179,479,178,536
2007-08,DET,Corner 3,Away,180,62,180,62,186
2007-08,DET,Corner 3,Home,181,68,181,68,204
2007-08,DET,Mid-range,Away,1365,554,3,2,1110
2007-08,DET,Mid-range,Home,1465,635,0,0,1270
2007-08,DET,Paint (non-RA),Away,409,155,0,0,310
2007-08,DET,Paint (non-RA),Home,223,95,0,0,190
2007-08,DET,Restricted area,Away,823,509,0,0,1018
2007-08,DET,Restricted area,Home,937,565,0,0,1130
2007-08,GSW,Above-break 3,Away,807,269,807,269,807
2007-08,GSW,Above-break 3,Home,804,279,804,279,837
2007-08,GSW,Corner 3,Away,267,109,267,109,327
2007-08,GSW,Corner 3,Home,279,102,279,102,306
2007-08,GSW,Mid-range,Away,886,337,4,1,675
2007-08,GSW,Mid-range,Home,818,315,1,0,630
2007-08,GSW,Paint (non-RA),Away,330,137,0,0,274
2007-08,GSW,Paint (non-RA),Home,408,149,0,0,298
2007-08,GSW,Restricted area,Away,1359,804,1,1,1609
2007-08,GSW,Restricted area,Home,1426,902,1,0,1804
2007-08,HOU,Above-break 3,Away,616,208,616,208,624
2007-08,HOU,Above-break 3,Home,715,237,715,237,711
2007-08,HOU,Corner 3,Away,179,61,179,61,183
2007-08,HOU,Corner 3,Home,182,76,181,75,227
2007-08,HOU,Mid-range,Away,999,407,0,0,814
2007-08,HOU,Mid-range,Home,941,378,3,2,758
2007-08,HOU,Paint (non-RA),Away,466,171,0,0,342
2007-08,HOU,Paint (non-RA),Home,437,197,0,0,394
2007-08,HOU,Restricted area,Away,1039,621,1,0,1242
2007-08,HOU,Restricted area,Home,1112,647,0,0,1294
2007-08,IND,Above-break 3,Away,847,310,847,310,930
2007-08,IND,Above-break 3,Home,759,280,759,280,840
2007-08,IND,Corner 3,Away,157,57,157,57,171
2007-08,IND,Corner 3,Home,244,107,244,107,321
2007-08,IND,Mid-range,Away,1057,414,3,0,828
2007-08,IND,Mid-range,Home,1111,414,0,0,828
2007-08,IND,Paint (non-RA),Away,387,155,0,0,310
2007-08,IND,Paint (non-RA),Home,482,193,0,0,386
2007-08,IND,Restricted area,Away,988,599,1,1,1199
2007-08,IND,Restricted area,Home,951,573,0,0,1146
2007-08,LAC,Above-break 3,Away,455,164,455,164,492
2007-08,LAC,Above-break 3,Home,440,121,440,121,363
2007-08,LAC,Corner 3,Away,89,36,89,36,108
2007-08,LAC,Corner 3,Home,80,27,80,27,81
2007-08,LAC,Mid-range,Away,1430,551,0,0,1102
2007-08,LAC,Mid-range,Home,1240,498,0,0,996
2007-08,LAC,Paint (non-RA),Away,463,203,0,0,406
2007-08,LAC,Paint (non-RA),Home,485,188,0,0,376
2007-08,LAC,Restricted area,Away,804,464,0,0,928
2007-08,LAC,Restricted area,Home,944,566,0,0,1132
2007-08,LAL,Above-break 3,Away,619,210,619,210,630
2007-08,LAL,Above-break 3,Home,613,241,613,241,723
2007-08,LAL,Corner 3,Away,251,113,250,113,339
2007-08,LAL,Corner 3,Home,254,97,254,97,291
2007-08,LAL,Mid-range,Away,1056,442,2,1,885
2007-08,LAL,Mid-range,Home,888,351,0,0,702
2007-08,LAL,Paint (non-RA),Away,373,159,0,0,318
2007-08,LAL,Paint (non-RA),Home,437,186,0,0,372
2007-08,LAL,Restricted area,Away,1081,697,0,0,1394
2007-08,LAL,Restricted area,Home,1232,752,0,0,1504
2007-08,MEM,Above-break 3,Away,647,207,647,207,621
2007-08,MEM,Above-break 3,Home,736,269,736,269,807
2007-08,MEM,Corner 3,Away,201,71,201,71,213
2007-08,MEM,Corner 3,Home,166,73,166,73,219
2007-08,MEM,Mid-range,Away,874,323,0,0,646
2007-08,MEM,Mid-range,Home,800,313,0,0,626
2007-08,MEM,Paint (non-RA),Away,515,209,0,0,418
2007-08,MEM,Paint (non-RA),Home,526,239,0,0,478
2007-08,MEM,Restricted area,Away,1151,677,0,0,1354
2007-08,MEM,Restricted area,Home,1092,679,0,0,1358
2007-08,MIA,Above-break 3,Away,495,183,495,183,549
2007-08,MIA,Above-break 3,Home,549,183,549,183,549
2007-08,MIA,Corner 3,Away,161,66,161,66,198
2007-08,MIA,Corner 3,Home,155,59,154,58,176
2007-08,MIA,Mid-range,Away,1213,479,2,0,958
2007-08,MIA,Mid-range,Home,1193,470,0,0,940
2007-08,MIA,Paint (non-RA),Away,384,122,0,0,244
2007-08,MIA,Paint (non-RA),Home,418,173,0,0,346
2007-08,MIA,Restricted area,Away,901,528,1,1,1057
2007-08,MIA,Restricted area,Home,856,545,0,0,1090
2007-08,MIL,Above-break 3,Away,486,151,486,151,453
2007-08,MIL,Above-break 3,Home,460,158,460,158,474
2007-08,MIL,Corner 3,Away,164,59,163,58,176
2007-08,MIL,Corner 3,Home,187,84,187,84,252
2007-08,MIL,Mid-range,Away,1134,457,1,0,914
2007-08,MIL,Mid-range,Home,978,416,2,0,832
2007-08,MIL,Paint (non-RA),Away,551,219,0,0,438
2007-08,MIL,Paint (non-RA),Home,445,187,0,0,374
2007-08,MIL,Restricted area,Away,1067,610,1,0,1220
2007-08,MIL,Restricted area,Home,1262,685,2,1,1371
2007-08,MIN,Above-break 3,Away,492,180,492,180,540
2007-08,MIN,Above-break 3,Home,490,170,490,170,510
2007-08,MIN,Corner 3,Away,128,45,128,45,135
2007-08,MIN,Corner 3,Home,121,45,119,45,135
2007-08,MIN,Mid-range,Away,1078,416,2,1,833
2007-08,MIN,Mid-range,Home,1117,447,1,0,894
2007-08,MIN,Paint (non-RA),Away,572,254,0,0,508
2007-08,MIN,Paint (non-RA),Home,612,256,0,0,512
2007-08,MIN,Restricted area,Away,1142,633,0,0,1266
2007-08,MIN,Restricted area,Home,1037,630,0,0,1260
2007-08,NOP,Above-break 3,Away,575,217,575,217,651
2007-08,NOP,Above-break 3,Home,554,197,554,197,591
2007-08,NOP,Corner 3,Away,239,109,239,109,327
2007-08,NOP,Corner 3,Home,244,105,243,105,315
2007-08,NOP,Mid-range,Away,1090,437,3,1,875
2007-08,NOP,Mid-range,Home,1074,448,0,0,896
2007-08,NOP,Paint (non-RA),Away,591,239,0,0,478
2007-08,NOP,Paint (non-RA),Home,455,210,0,0,420
2007-08,NOP,Restricted area,Away,922,567,0,0,1134
2007-08,NOP,Restricted area,Home,1045,634,0,0,1268
2007-08,NYK,Above-break 3,Away,524,183,524,183,549
2007-08,NYK,Above-break 3,Home,533,173,533,173,519
2007-08,NYK,Corner 3,Away,177,63,176,63,189
2007-08,NYK,Corner 3,Home,197,70,197,70,210
2007-08,NYK,Mid-range,Away,1052,410,0,0,820
2007-08,NYK,Mid-range,Home,861,348,3,0,696
2007-08,NYK,Paint (non-RA),Away,548,194,0,0,388
2007-08,NYK,Paint (non-RA),Home,377,165,0,0,330
2007-08,NYK,Restricted area,Away,1106,631,0,0,1262
2007-08,NYK,Restricted area,Home,1361,729,0,0,1458
2007-08,OKC,Above-break 3,Away,340,106,340,106,318
2007-08,OKC,Above-break 3,Home,360,120,360,120,360
2007-08,OKC,Corner 3,Away,126,47,126,47,141
2007-08,OKC,Corner 3,Home,105,40,105,40,120
2007-08,OKC,Mid-range,Away,1457,561,0,0,1122
2007-08,OKC,Mid-range,Home,1411,567,0,0,1134
2007-08,OKC,Paint (non-RA),Away,496,186,0,0,372
2007-08,OKC,Paint (non-RA),Home,596,252,0,0,504
2007-08,OKC,Restricted area,Away,1109,650,0,0,1300
2007-08,OKC,Restricted area,Home,1027,596,3,0,1192
2007-08,ORL,Above-break 3,Away,700,253,700,253,759
2007-08,ORL,Above-break 3,Home,635,251,635,251,753
2007-08,ORL,Corner 3,Away,357,142,356,142,426
2007-08,ORL,Corner 3,Home,362,154,362,154,462
2007-08,ORL,Mid-range,Away,719,294,2,1,589
2007-08,ORL,Mid-range,Home,677,251,0,0,502
2007-08,ORL,Paint (non-RA),Away,425,181,0,0,362
2007-08,ORL,Paint (non-RA),Home,399,173,0,0,346
2007-08,ORL,Restricted area,Away,1032,650,0,0,1300
2007-08,ORL,Restricted area,Home,1122,709,1,0,1418
2007-08,PHI,Above-break 3,Away,316,102,315,101,305
2007-08,PHI,Above-break 3,Home,354,100,354,100,300
2007-08,PHI,Corner 3,Away,127,52,127,52,156
2007-08,PHI,Corner 3,Home,132,47,132,47,141
2007-08,PHI,Mid-range,Away,1240,478,0,0,956
2007-08,PHI,Mid-range,Home,1134,429,0,0,858
2007-08,PHI,Paint (non-RA),Away,439,163,0,0,326
2007-08,PHI,Paint (non-RA),Home,419,181,0,0,362
2007-08,PHI,Restricted area,Away,1211,726,1,1,1453
2007-08,PHI,Restricted area,Home,1253,777,0,0,1554
2007-08,PHX,Above-break 3,Away,571,231,571,231,693
2007-08,PHX,Above-break 3,Home,604,230,604,230,690
2007-08,PHX,Corner 3,Away,331,125,331,125,375
2007-08,PHX,Corner 3,Home,252,107,252,107,321
2007-08,PHX,Mid-range,Away,965,414,0,0,828
2007-08,PHX,Mid-range,Home,1049,462,0,0,924
2007-08,PHX,Paint (non-RA),Away,401,185,0,0,370
2007-08,PHX,Paint (non-RA),Home,456,207,0,0,414
2007-08,PHX,Restricted area,Away,1084,722,0,0,1444
2007-08,PHX,Restricted area,Home,1064,709,1,1,1419
2007-08,POR,Above-break 3,Away,429,152,429,152,456
2007-08,POR,Above-break 3,Home,411,160,411,160,480
2007-08,POR,Corner 3,Away,261,102,261,102,306
2007-08,POR,Corner 3,Home,291,121,291,121,363
2007-08,POR,Mid-range,Away,1379,544,1,0,1088
2007-08,POR,Mid-range,Home,1351,582,4,2,1166
2007-08,POR,Paint (non-RA),Away,493,219,0,0,438
2007-08,POR,Paint (non-RA),Home,434,181,0,0,362
2007-08,POR,Restricted area,Away,711,418,0,0,836
2007-08,POR,Restricted area,Home,757,455,0,0,910
2007-08,SAC,Above-break 3,Away,498,182,498,182,546
2007-08,SAC,Above-break 3,Home,485,182,485,182,546
2007-08,SAC,Corner 3,Away,180,76,180,76,228
2007-08,SAC,Corner 3,Home,196,70,196,70,210
2007-08,SAC,Mid-range,Away,1097,460,0,0,920
2007-08,SAC,Mid-range,Home,1026,410,0,0,820
2007-08,SAC,Paint (non-RA),Away,381,154,0,0,308
2007-08,SAC,Paint (non-RA),Home,460,188,0,0,376
2007-08,SAC,Restricted area,Away,1114,650,0,0,1300
2007-08,SAC,Restricted area,Home,1113,671,0,0,1342
2007-08,SAS,Above-break 3,Away,456,151,456,151,453
2007-08,SAS,Above-break 3,Home,439,166,439,166,498
2007-08,SAS,Corner 3,Away,342,137,342,137,411
2007-08,SAS,Corner 3,Home,349,136,347,136,408
2007-08,SAS,Mid-range,Away,1087,441,0,0,882
2007-08,SAS,Mid-range,Home,1049,428,14,4,860
2007-08,SAS,Paint (non-RA),Away,485,188,0,0,376
2007-08,SAS,Paint (non-RA),Home,470,198,0,0,396
2007-08,SAS,Restricted area,Away,820,511,0,0,1022
2007-08,SAS,Restricted area,Home,916,582,1,0,1164
2007-08,TOR,Above-break 3,Away,477,177,477,177,531
2007-08,TOR,Above-break 3,Home,500,201,499,200,602
2007-08,TOR,Corner 3,Away,217,92,217,92,276
2007-08,TOR,Corner 3,Home,245,100,245,100,300
2007-08,TOR,Mid-range,Away,1436,611,0,0,1222
2007-08,TOR,Mid-range,Home,1341,558,2,0,1116
2007-08,TOR,Paint (non-RA),Away,317,130,0,0,260
2007-08,TOR,Paint (non-RA),Home,294,147,0,0,294
2007-08,TOR,Restricted area,Away,896,534,0,0,1068
2007-08,TOR,Restricted area,Home,984,595,0,0,1190
2007-08,UTA,Above-break 3,Away,403,127,403,127,381
2007-08,UTA,Above-break 3,Home,443,188,443,188,564
2007-08,UTA,Corner 3,Away,96,37,96,37,111
2007-08,UTA,Corner 3,Home,120,49,120,49,147
2007-08,UTA,Mid-range,Away,1087,450,1,1,901
2007-08,UTA,Mid-range,Home,1128,488,13,5,981
2007-08,UTA,Paint (non-RA),Away,429,175,0,0,350
2007-08,UTA,Paint (non-RA),Home,342,157,0,0,314
2007-08,UTA,Restricted area,Away,1294,810,1,0,1620
2007-08,UTA,Restricted area,Home,1232,798,0,0,1596
2007-08,WAS,Above-break 3,Away,671,236,671,236,708
2007-08,WAS,Above-break 3,Home,624,219,624,219,657
2007-08,WAS,Corner 3,Away,131,46,131,46,138
2007-08,WAS,Corner 3,Home,180,73,180,73,219
2007-08,WAS,Mid-range,Away,1093,405,1,0,810
2007-08,WAS,Mid-range,Home,1039,405,1,1,811
2007-08,WAS,Paint (non-RA),Away,459,181,0,0,362
2007-08,WAS,Paint (non-RA),Home,468,177,0,0,354
2007-08,WAS,Restricted area,Away,997,589,0,0,1178
2007-08,WAS,Restricted area,Home,1027,655,0,0,1310
2008-09,ATL,Above-break 3,Away,554,198,554,198,594
2008-09,ATL,Above-break 3,Home,553,203,553,203,609
2008-09,ATL,Corner 3,Away,260,106,260,106,318
2008-09,ATL,Corner 3,Home,245,88,245,88,264
2008-09,ATL,Mid-range,Away,952,352,0,0,704
2008-09,ATL,Mid-range,Home,946,377,0,0,754
2008-09,ATL,Paint (non-RA),Away,480,208,0,0,416
2008-09,ATL,Paint (non-RA),Home,553,253,0,0,506
2008-09,ATL,Restricted area,Away,981,581,0,0,1162
2008-09,ATL,Restricted area,Home,906,588,0,0,1176
2008-09,BKN,Above-break 3,Away,569,197,569,197,591
2008-09,BKN,Above-break 3,Home,598,205,598,205,615
2008-09,BKN,Corner 3,Away,281,128,281,128,384
2008-09,BKN,Corner 3,Home,274,121,273,120,362
2008-09,BKN,Mid-range,Away,1040,408,2,1,817
2008-09,BKN,Mid-range,Home,932,342,2,0,684
2008-09,BKN,Paint (non-RA),Away,346,139,0,0,278
2008-09,BKN,Paint (non-RA),Home,304,127,0,0,254
2008-09,BKN,Restricted area,Away,1030,602,0,0,1204
2008-09,BKN,Restricted area,Home,1152,655,0,0,1310
2008-09,BOS,Above-break 3,Away,460,170,460,170,510
2008-09,BOS,Above-break 3,Home,464,177,464,177,531
2008-09,BOS,Corner 3,Away,209,86,208,85,257
2008-09,BOS,Corner 3,Home,216,104,215,104,312
2008-09,BOS,Mid-range,Away,993,419,0,0,838
2008-09,BOS,Mid-range,Home,967,407,3,2,816
2008-09,BOS,Paint (non-RA),Away,421,180,0,0,360
2008-09,BOS,Paint (non-RA),Home,374,144,0,0,288
2008-09,BOS,Restricted area,Away,1021,616,0,0,1232
2008-09,BOS,Restricted area,Home,1203,772,0,0,1544
2008-09,CHA,Above-break 3,Away,480,180,480,180,540
2008-09,CHA,Above-break 3,Home,433,153,433,153,459
2008-09,CHA,Corner 3,Away,192,79,192,79,237
2008-09,CHA,Corner 3,Home,215,77,215,77,231
2008-09,CHA,Mid-range,Away,979,392,1,0,784
2008-09,CHA,Mid-range,Home,834,338,0,0,676
2008-09,CHA,Paint (non-RA),Away,459,186,0,0,372
2008-09,CHA,Paint (non-RA),Home,304,126,0,0,252
2008-09,CHA,Restricted area,Away,1077,618,0,0,1236
2008-09,CHA,Restricted area,Home,1308,716,0,0,1432
2008-09,CHI,Above-break 3,Away,490,188,490,188,564
2008-09,CHI,Above-break 3,Home,455,180,455,180,540
2008-09,CHI,Corner 3,Away,171,66,171,66,198
2008-09,CHI,Corner 3,Home,158,57,158,57,171
2008-09,CHI,Mid-range,Away,1286,526,2,1,1053
2008-09,CHI,Mid-range,Home,1305,557,3,1,1115
2008-09,CHI,Paint (non-RA),Away,378,134,0,0,268
2008-09,CHI,Paint (non-RA),Home,271,94,0,0,188
2008-09,CHI,Restricted area,Away,1091,638,0,0,1276
2008-09,CHI,Restricted area,Home,1227,686,0,0,1372
2008-09,CLE,Above-break 3,Away,566,213,566,213,639
2008-09,CLE,Above-break 3,Home,472,188,472,188,564
2008-09,CLE,Corner 3,Away,270,115,269,115,345
2008-09,CLE,Corner 3,Home,349,139,349,139,417
2008-09,CLE,Mid-range,Away,1109,444,2,0,888
2008-09,CLE,Mid-range,Home,1111,459,1,0,918
2008-09,CLE,Paint (non-RA),Away,354,134,0,0,268
2008-09,CLE,Paint (non-RA),Home,352,146,0,0,292
2008-09,CLE,Restricted area,Away,913,571,1,1,1143
2008-09,CLE,Restricted area,Home,948,613,0,0,1226
2008-09,DAL,Above-break 3,Away,603,204,603,204,612
2008-09,DAL,Above-break 3,Home,527,203,527,203,609
2008-09,DAL,Corner 3,Away,225,70,224,70,210
2008-09,DAL,Corner 3,Home,259,93,259,93,279
2008-09,DAL,Mid-range,Away,1288,569,0,0,1138
2008-09,DAL,Mid-range,Home,1205,545,1,0,1090
2008-09,DAL,Paint (non-RA),Away,367,149,0,0,298
2008-09,DAL,Paint (non-RA),Home,420,189,1,0,378
2008-09,DAL,Restricted area,Away,915,525,0,0,1050
2008-09,DAL,Restricted area,Home,944,580,0,0,1160
2008-09,DEN,Above-break 3,Away,567,209,567,209,627
2008-09,DEN,Above-break 3,Home,598,225,598,225,675
2008-09,DEN,Corner 3,Away,129,50,129,50,150
2008-09,DEN,Corner 3,Home,164,63,164,63,189
2008-09,DEN,Mid-range,Away,964,366,1,0,732
2008-09,DEN,Mid-range,Home,879,342,0,0,684
2008-09,DEN,Paint (non-RA),Away,337,132,0,0,264
2008-09,DEN,Paint (non-RA),Home,359,141,0,0,282
2008-09,DEN,Restricted area,Away,1231,747,0,0,1494
2008-09,DEN,Restricted area,Home,1264,782,0,0,1564
2008-09,DET,Above-break 3,Away,349,120,349,120,360
2008-09,DET,Above-break 3,Home,291,93,291,93,279
2008-09,DET,Corner 3,Away,217,86,217,86,258
2008-09,DET,Corner 3,Home,207,76,207,76,228
2008-09,DET,Mid-range,Away,1395,557,3,2,1116
2008-09,DET,Mid-range,Home,1518,634,0,0,1268
2008-09,DET,Paint (non-RA),Away,429,195,0,0,390
2008-09,DET,Paint (non-RA),Home,250,110,0,0,220
2008-09,DET,Restricted area,Away,910,519,0,0,1038
2008-09,DET,Restricted area,Home,982,591,1,0,1182
2008-09,GSW,Above-break 3,Away,559,186,558,186,558
2008-09,GSW,Above-break 3,Home,556,207,556,207,621
2008-09,GSW,Corner 3,Away,176,82,175,82,246
2008-09,GSW,Corner 3,Home,166,73,166,73,219
2008-09,GSW,Mid-range,Away,1190,431,1,1,863
2008-09,GSW,Mid-range,Home,1149,484,0,0,968
2008-09,GSW,Paint (non-RA),Away,396,166,0,0,332
2008-09,GSW,Paint (non-RA),Home,439,148,0,0,296
2008-09,GSW,Restricted area,Away,1201,691,0,0,1382
2008-09,GSW,Restricted area,Home,1204,762,0,0,1524
2008-09,HOU,Above-break 3,Away,643,243,643,243,729
2008-09,HOU,Above-break 3,Home,648,245,648,245,735
2008-09,HOU,Corner 3,Away,181,70,180,70,210
2008-09,HOU,Corner 3,Home,159,62,158,62,186
2008-09,HOU,Mid-range,Away,902,350,1,1,701
2008-09,HOU,Mid-range,Home,836,347,0,0,694
2008-09,HOU,Paint (non-RA),Away,488,209,0,0,418
2008-09,HOU,Paint (non-RA),Home,544,249,0,0,498
2008-09,HOU,Restricted area,Away,1006,582,0,0,1164
2008-09,HOU,Restricted area,Home,1092,602,0,0,1204
2008-09,IND,Above-break 3,Away,711,265,711,265,795
2008-09,IND,Above-break 3,Home,685,270,685,270,810
2008-09,IND,Corner 3,Away,141,52,141,52,156
2008-09,IND,Corner 3,Home,176,64,176,64,192
2008-09,IND,Mid-range,Away,1063,424,2,1,849
2008-09,IND,Mid-range,Home,1104,442,0,0,884
2008-09,IND,Paint (non-RA),Away,453,192,0,0,384
2008-09,IND,Paint (non-RA),Home,464,191,0,0,382
2008-09,IND,Restricted area,Away,1140,666,1,0,1332
2008-09,IND,Restricted area,Home,1134,654,0,0,1308
2008-09,LAC,Above-break 3,Away,595,209,595,209,627
2008-09,LAC,Above-break 3,Home,598,200,598,200,600
2008-09,LAC,Corner 3,Away,145,62,144,62,186
2008-09,LAC,Corner 3,Home,145,60,144,60,180
2008-09,LAC,Mid-range,Away,1067,387,1,1,775
2008-09,LAC,Mid-range,Home,936,356,0,0,712
2008-09,LAC,Paint (non-RA),Away,436,176,0,0,352
2008-09,LAC,Paint (non-RA),Home,415,169,0,0,338
2008-09,LAC,Restricted area,Away,1131,658,0,0,1316
2008-09,LAC,Restricted area,Home,1196,675,0,0,1350
2008-09,LAL,Above-break 3,Away,529,194,529,194,582
2008-09,LAL,Above-break 3,Home,536,192,536,192,576
2008-09,LAL,Corner 3,Away,193,66,193,66,198
2008-09,LAL,Corner 3,Home,241,93,240,93,279
2008-09,LAL,Mid-range,Away,1036,417,1,0,834
2008-09,LAL,Mid-range,Home,994,417,0,0,834
2008-09,LAL,Paint (non-RA),Away,600,272,0,0,544
2008-09,LAL,Paint (non-RA),Home,529,232,0,0,464
2008-09,LAL,Restricted area,Away,1101,690,0,0,1380
2008-09,LAL,Restricted area,Home,1205,732,0,0,1464
2008-09,MEM,Above-break 3,Away,394,137,394,137,411
2008-09,MEM,Above-break 3,Home,411,148,411,148,444
2008-09,MEM,Corner 3,Away,138,54,138,54,162
2008-09,MEM,Corner 3,Home,147,59,147,59,177
2008-09,MEM,Mid-range,Away,1004,410,0,0,820
2008-09,MEM,Mid-range,Home,909,373,0,0,746
2008-09,MEM,Paint (non-RA),Away,557,218,0,0,436
2008-09,MEM,Paint (non-RA),Home,564,233,0,0,466
2008-09,MEM,Restricted area,Away,1037,592,2,0,1184
2008-09,MEM,Restricted area,Home,1136,641,0,0,1282
2008-09,MIA,Above-break 3,Away,542,185,542,185,555
2008-09,MIA,Above-break 3,Home,582,222,582,222,666
2008-09,MIA,Corner 3,Away,251,83,251,83,249
2008-09,MIA,Corner 3,Home,227,90,227,90,270
2008-09,MIA,Mid-range,Away,1185,499,2,0,998
2008-09,MIA,Mid-range,Home,1105,435,4,2,872
2008-09,MIA,Paint (non-RA),Away,386,164,0,0,328
2008-09,MIA,Paint (non-RA),Home,453,195,0,0,390
2008-09,MIA,Restricted area,Away,966,562,0,0,1124
2008-09,MIA,Restricted area,Home,926,599,0,0,1198
2008-09,MIL,Above-break 3,Away,460,152,459,152,456
2008-09,MIL,Above-break 3,Home,497,179,497,179,537
2008-09,MIL,Corner 3,Away,226,94,226,94,282
2008-09,MIL,Corner 3,Home,218,85,217,85,255
2008-09,MIL,Mid-range,Away,1215,472,0,0,944
2008-09,MIL,Mid-range,Home,1176,474,0,0,948
2008-09,MIL,Paint (non-RA),Away,449,184,0,0,368
2008-09,MIL,Paint (non-RA),Home,386,173,0,0,346
2008-09,MIL,Restricted area,Away,997,559,0,0,1118
2008-09,MIL,Restricted area,Home,1122,636,0,0,1272
2008-09,MIN,Above-break 3,Away,535,192,535,192,576
2008-09,MIN,Above-break 3,Home,515,156,514,156,468
2008-09,MIN,Corner 3,Away,240,100,240,100,300
2008-09,MIN,Corner 3,Home,230,94,230,94,282
2008-09,MIN,Mid-range,Away,958,378,1,1,757
2008-09,MIN,Mid-range,Home,1039,389,1,0,778
2008-09,MIN,Paint (non-RA),Away,416,168,0,0,336
2008-09,MIN,Paint (non-RA),Home,482,195,0,0,390
2008-09,MIN,Restricted area,Away,1184,638,0,0,1276
2008-09,MIN,Restricted area,Home,1149,676,0,0,1352
2008-09,NOP,Above-break 3,Away,497,174,497,174,522
2008-09,NOP,Above-break 3,Home,503,169,503,169,507
2008-09,NOP,Corner 3,Away,259,108,259,108,324
2008-09,NOP,Corner 3,Home,254,103,254,103,309
2008-09,NOP,Mid-range,Away,1094,423,1,0,846
2008-09,NOP,Mid-range,Home,945,378,1,1,757
2008-09,NOP,Paint (non-RA),Away,515,232,0,0,464
2008-09,NOP,Paint (non-RA),Home,475,219,0,0,438
2008-09,NOP,Restricted area,Away,866,526,0,0,1052
2008-09,NOP,Restricted area,Home,947,578,0,0,1156
2008-09,NYK,Above-break 3,Away,886,301,885,301,903
2008-09,NYK,Above-break 3,Home,802,303,802,303,909
2008-09,NYK,Corner 3,Away,278,115,278,115,345
2008-09,NYK,Corner 3,Home,291,101,291,101,303
2008-09,NYK,Mid-range,Away,864,328,5,2,658
2008-09,NYK,Mid-range,Home,766,289,0,0,578
2008-09,NYK,Paint (non-RA),Away,344,141,0,0,282
2008-09,NYK,Paint (non-RA),Home,320,131,0,0,262
2008-09,NYK,Restricted area,Away,1182,688,3,1,1377
2008-09,NYK,Restricted area,Home,1339,760,1,0,1520
2008-09,OKC,Above-break 3,Away,365,125,365,125,375
2008-09,OKC,Above-break 3,Home,361,132,358,130,394
2008-09,OKC,Corner 3,Away,108,39,108,39,117
2008-09,OKC,Corner 3,Home,105,35,103,34,104
2008-09,OKC,Mid-range,Away,1321,476,0,0,952
2008-09,OKC,Mid-range,Home,1214,458,0,0,916
2008-09,OKC,Paint (non-RA),Away,447,162,0,0,324
2008-09,OKC,Paint (non-RA),Home,421,155,0,0,310
2008-09,OKC,Restricted area,Away,1182,710,0,0,1420
2008-09,OKC,Restricted area,Home,1179,707,2,0,1414
2008-09,ORL,Above-break 3,Away,763,299,763,299,897
2008-09,ORL,Above-break 3,Home,699,253,699,253,759
2008-09,ORL,Corner 3,Away,321,125,321,125,375
2008-09,ORL,Corner 3,Home,350,138,350,138,414
2008-09,ORL,Mid-range,Away,832,334,0,0,668
2008-09,ORL,Mid-range,Home,763,309,2,2,620
2008-09,ORL,Paint (non-RA),Away,432,168,0,0,336
2008-09,ORL,Paint (non-RA),Home,380,148,0,0,296
2008-09,ORL,Restricted area,Away,860,535,1,0,1070
2008-09,ORL,Restricted area,Home,1005,620,0,0,1240
2008-09,PHI,Above-break 3,Away,377,113,376,113,339
2008-09,PHI,Above-break 3,Home,368,118,368,118,354
2008-09,PHI,Corner 3,Away,169,55,169,55,165
2008-09,PHI,Corner 3,Home,143,54,143,54,162
2008-09,PHI,Mid-range,Away,1045,411,0,0,822
2008-09,PHI,Mid-range,Home,1058,422,1,0,844
2008-09,PHI,Paint (non-RA),Away,405,145,0,0,290
2008-09,PHI,Paint (non-RA),Home,401,158,0,0,316
2008-09,PHI,Restricted area,Away,1265,773,0,0,1546
2008-09,PHI,Restricted area,Home,1285,747,0,0,1494
2008-09,PHX,Above-break 3,Away,514,192,514,192,576
2008-09,PHX,Above-break 3,Home,466,185,466,185,555
2008-09,PHX,Corner 3,Away,230,84,230,84,252
2008-09,PHX,Corner 3,Home,213,91,213,91,273
2008-09,PHX,Mid-range,Away,799,312,3,0,624
2008-09,PHX,Mid-range,Home,887,377,0,0,754
2008-09,PHX,Paint (non-RA),Away,472,202,0,0,404
2008-09,PHX,Paint (non-RA),Home,598,286,0,0,572
2008-09,PHX,Restricted area,Away,1307,838,0,0,1676
2008-09,PHX,Restricted area,Home,1190,805,0,0,1610
2008-09,POR,Above-break 3,Away,457,177,457,177,531
2008-09,POR,Above-break 3,Home,429,160,429,160,480
2008-09,POR,Corner 3,Away,305,126,305,126,378
2008-09,POR,Corner 3,Home,333,132,333,132,396
2008-09,POR,Mid-range,Away,1074,411,2,0,822
2008-09,POR,Mid-range,Home,1009,426,0,0,852
2008-09,POR,Paint (non-RA),Away,453,192,0,0,384
2008-09,POR,Paint (non-RA),Home,415,172,0,0,344
2008-09,POR,Restricted area,Away,897,544,0,0,1088
2008-09,POR,Restricted area,Home,1093,677,0,0,1354
2008-09,SAC,Above-break 3,Away,555,193,555,193,579
2008-09,SAC,Above-break 3,Home,572,202,572,202,606
2008-09,SAC,Corner 3,Away,208,97,208,97,291
2008-09,SAC,Corner 3,Home,237,92,237,92,276
2008-09,SAC,Mid-range,Away,1068,440,3,1,881
2008-09,SAC,Mid-range,Home,1078,423,2,1,847
2008-09,SAC,Paint (non-RA),Away,430,163,0,0,326
2008-09,SAC,Paint (non-RA),Home,474,173,0,0,346
2008-09,SAC,Restricted area,Away,1031,588,0,0,1176
2008-09,SAC,Restricted area,Home,1015,619,0,0,1238
2008-09,SAS,Above-break 3,Away,505,192,505,192,576
2008-09,SAS,Above-break 3,Home,442,180,440,179,539
2008-09,SAS,Corner 3,Away,298,109,297,108,326
2008-09,SAS,Corner 3,Home,332,140,331,140,420
2008-09,SAS,Mid-range,Away,1203,495,1,0,990
2008-09,SAS,Mid-range,Home,1136,484,35,5,973
2008-09,SAS,Paint (non-RA),Away,409,185,0,0,370
2008-09,SAS,Paint (non-RA),Home,408,177,0,0,354
2008-09,SAS,Restricted area,Away,896,512,0,0,1024
2008-09,SAS,Restricted area,Home,894,567,0,0,1134
2008-09,TOR,Above-break 3,Away,492,169,492,169,507
2008-09,TOR,Above-break 3,Home,450,172,450,172,516
2008-09,TOR,Corner 3,Away,184,74,184,74,222
2008-09,TOR,Corner 3,Home,144,63,144,63,189
2008-09,TOR,Mid-range,Away,1352,554,0,0,1108
2008-09,TOR,Mid-range,Home,1402,610,2,1,1221
2008-09,TOR,Paint (non-RA),Away,467,176,0,0,352
2008-09,TOR,Paint (non-RA),Home,363,163,0,0,326
2008-09,TOR,Restricted area,Away,839,512,0,0,1024
2008-09,TOR,Restricted area,Home,964,561,1,0,1122
2008-09,UTA,Above-break 3,Away,443,139,443,139,417
2008-09,UTA,Above-break 3,Home,423,156,423,156,468
2008-09,UTA,Corner 3,Away,126,48,126,48,144
2008-09,UTA,Corner 3,Home,116,47,116,47,141
2008-09,UTA,Mid-range,Away,1117,455,2,0,910
2008-09,UTA,Mid-range,Home,1089,452,2,1,905
2008-09,UTA,Paint (non-RA),Away,351,123,0,0,246
2008-09,UTA,Paint (non-RA),Home,345,145,0,0,290
2008-09,UTA,Restricted area,Away,1297,783,1,1,1567
2008-09,UTA,Restricted area,Home,1307,795,0,0,1590
2008-09,WAS,Above-break 3,Away,460,152,460,152,456
2008-09,WAS,Above-break 3,Home,484,163,484,163,489
2008-09,WAS,Corner 3,Away,125,40,125,40,120
2008-09,WAS,Corner 3,Home,121,40,121,40,120
2008-09,WAS,Mid-range,Away,1147,443,2,0,886
2008-09,WAS,Mid-range,Home,1156,457,0,0,914
2008-09,WAS,Paint (non-RA),Away,450,182,0,0,364
2008-09,WAS,Paint (non-RA),Home,424,159,0,0,318
2008-09,WAS,Restricted area,Away,1129,670,0,0,1340
2008-09,WAS,Restricted area,Home,1153,688,0,0,1376
2009-10,ATL,Above-break 3,Away,433,173,433,173,519
2009-10,ATL,Above-break 3,Home,421,139,421,139,417
2009-10,ATL,Corner 3,Away,265,82,265,82,246
2009-10,ATL,Corner 3,Home,316,129,316,129,387
2009-10,ATL,Mid-range,Away,1046,418,0,0,836
2009-10,ATL,Mid-range,Home,1026,411,0,0,822
2009-10,ATL,Paint (non-RA),Away,574,244,0,0,488
2009-10,ATL,Paint (non-RA),Home,545,239,0,0,478
2009-10,ATL,Restricted area,Away,1012,634,0,0,1268
2009-10,ATL,Restricted area,Home,1143,711,0,0,1422
2009-10,BKN,Above-break 3,Away,418,144,418,144,432
2009-10,BKN,Above-break 3,Home,363,93,363,93,279
2009-10,BKN,Corner 3,Away,179,61,179,61,183
2009-10,BKN,Corner 3,Home,212,76,211,76,228
2009-10,BKN,Mid-range,Away,1102,393,0,0,786
2009-10,BKN,Mid-range,Home,1057,396,0,0,792
2009-10,BKN,Paint (non-RA),Away,485,197,0,0,394
2009-10,BKN,Paint (non-RA),Home,413,148,0,0,296
2009-10,BKN,Restricted area,Away,1086,629,0,0,1258
2009-10,BKN,Restricted area,Home,1225,673,0,0,1346
2009-10,BOS,Above-break 3,Away,537,196,537,196,588
2009-10,BOS,Above-break 3,Home,555,192,555,192,576
2009-10,BOS,Corner 3,Away,160,59,160,59,177
2009-10,BOS,Corner 3,Home,169,52,169,52,156
2009-10,BOS,Mid-range,Away,924,379,0,0,758
2009-10,BOS,Mid-range,Home,832,352,0,0,704
2009-10,BOS,Paint (non-RA),Away,422,178,0,0,356
2009-10,BOS,Paint (non-RA),Home,409,190,0,0,380
2009-10,BOS,Restricted area,Away,1056,668,0,0,1336
2009-10,BOS,Restricted area,Home,1218,773,0,0,1546
2009-10,CHA,Above-break 3,Away,466,148,466,148,444
2009-10,CHA,Above-break 3,Home,453,163,453,163,489
2009-10,CHA,Corner 3,Away,199,75,199,75,225
2009-10,CHA,Corner 3,Home,193,73,193,73,219
2009-10,CHA,Mid-range,Away,914,343,0,0,686
2009-10,CHA,Mid-range,Home,777,287,0,0,574
2009-10,CHA,Paint (non-RA),Away,371,141,0,0,282
2009-10,CHA,Paint (non-RA),Home,300,117,0,0,234
2009-10,CHA,Restricted area,Away,1147,677,0,0,1354
2009-10,CHA,Restricted area,Home,1466,833,0,0,1666
2009-10,CHI,Above-break 3,Away,374,110,374,110,330
2009-10,CHI,Above-break 3,Home,346,110,346,110,330
2009-10,CHI,Corner 3,Away,167,68,167,68,204
2009-10,CHI,Corner 3,Home,169,64,169,64,192
2009-10,CHI,Mid-range,Away,1291,515,0,0,1030
2009-10,CHI,Mid-range,Home,1380,554,0,0,1108
2009-10,CHI,Paint (non-RA),Away,450,181,0,0,362
2009-10,CHI,Paint (non-RA),Home,345,172,0,0,344
2009-10,CHI,Restricted area,Away,1088,649,0,0,1298
2009-10,CHI,Restricted area,Home,1205,658,0,0,1316
2009-10,CLE,Above-break 3,Away,520,187,520,187,561
2009-10,CLE,Above-break 3,Home,510,194,510,194,582
2009-10,CLE,Corner 3,Away,274,116,273,116,348
2009-10,CLE,Corner 3,Home,266,103,266,103,309
2009-10,CLE,Mid-range,Away,969,356,0,0,712
2009-10,CLE,Mid-range,Home,867,339,0,0,678
2009-10,CLE,Paint (non-RA),Away,342,144,0,0,288
2009-10,CLE,Paint (non-RA),Home,395,181,0,0,362
2009-10,CLE,Restricted area,Away,1087,710,0,0,1420
2009-10,CLE,Restricted area,Home,1148,769,0,0,1538
2009-10,DAL,Above-break 3,Away,581,220,581,220,660
2009-10,DAL,Above-break 3,Home,558,205,558,205,615
2009-10,DAL,Corner 3,Away,184,74,184,74,222
2009-10,DAL,Corner 3,Home,161,59,161,59,177
2009-10,DAL,Mid-range,Away,1211,535,0,0,1070
2009-10,DAL,Mid-range,Home,1153,491,0,0,982
2009-10,DAL,Paint (non-RA),Away,438,177,0,0,354
2009-10,DAL,Paint (non-RA),Home,499,207,0,0,414
2009-10,DAL,Restricted area,Away,953,575,0,0,1150
2009-10,DAL,Restricted area,Home,1008,597,0,0,1194
2009-10,DEN,Above-break 3,Away,566,205,566,205,615
2009-10,DEN,Above-break 3,Home,598,201,598,201,603
2009-10,DEN,Corner 3,Away,155,58,154,58,174
2009-10,DEN,Corner 3,Home,183,80,183,80,240
2009-10,DEN,Mid-range,Away,1046,421,0,0,842
2009-10,DEN,Mid-range,Home,973,390,0,0,780
2009-10,DEN,Paint (non-RA),Away,352,131,0,0,262
2009-10,DEN,Paint (non-RA),Home,396,162,0,0,324
2009-10,DEN,Restricted area,Away,1177,701,0,0,1402
2009-10,DEN,Restricted area,Home,1216,775,0,0,1550
2009-10,DET,Above-break 3,Away,381,126,381,126,378
2009-10,DET,Above-break 3,Home,395,116,395,116,348
2009-10,DET,Corner 3,Away,211,74,211,74,222
2009-10,DET,Corner 3,Home,188,56,187,56,168
2009-10,DET,Mid-range,Away,1225,504,0,0,1008
2009-10,DET,Mid-range,Home,1230,490,0,0,980
2009-10,DET,Paint (non-RA),Away,462,188,0,0,376
2009-10,DET,Paint (non-RA),Home,343,133,0,0,266
2009-10,DET,Restricted area,Away,1039,611,0,0,1222
2009-10,DET,Restricted area,Home,1112,640,0,0,1280
2009-10,GSW,Above-break 3,Away,611,208,611,208,624
2009-10,GSW,Above-break 3,Home,614,234,614,234,702
2009-10,GSW,Corner 3,Away,224,93,224,93,279
2009-10,GSW,Corner 3,Home,218,98,218,98,294
2009-10,GSW,Mid-range,Away,1199,509,0,0,1018
2009-10,GSW,Mid-range,Home,1197,481,0,0,962
2009-10,GSW,Paint (non-RA),Away,367,151,0,0,302
2009-10,GSW,Paint (non-RA),Home,374,136,0,0,272
2009-10,GSW,Restricted area,Away,1103,672,0,0,1344
2009-10,GSW,Restricted area,Home,1167,747,0,0,1494
2009-10,HOU,Above-break 3,Away,705,240,705,240,720
2009-10,HOU,Above-break 3,Home,658,221,658,221,663
2009-10,HOU,Corner 3,Away,240,96,240,96,288
2009-10,HOU,Corner 3,Home,219,88,218,88,264
2009-10,HOU,Mid-range,Away,860,327,0,0,654
2009-10,HOU,Mid-range,Home,809,317,0,0,634
2009-10,HOU,Paint (non-RA),Away,494,200,0,0,400
2009-10,HOU,Paint (non-RA),Home,473,216,0,0,432
2009-10,HOU,Restricted area,Away,1163,656,0,0,1312
2009-10,HOU,Restricted area,Home,1285,732,0,0,1464
2009-10,IND,Above-break 3,Away,770,267,770,267,801
2009-10,IND,Above-break 3,Home,743,256,743,256,768
2009-10,IND,Corner 3,Away,177,64,177,64,192
2009-10,IND,Corner 3,Home,193,71,193,71,213
2009-10,IND,Mid-range,Away,1007,389,0,0,778
2009-10,IND,Mid-range,Home,1015,407,0,0,814
2009-10,IND,Paint (non-RA),Away,420,177,0,0,354
2009-10,IND,Paint (non-RA),Home,402,167,0,0,334
2009-10,IND,Restricted area,Away,984,570,0,0,1140
2009-10,IND,Restricted area,Home,1099,651,0,0,1302
2009-10,LAC,Above-break 3,Away,556,184,556,184,552
2009-10,LAC,Above-break 3,Home,540,175,540,175,525
2009-10,LAC,Corner 3,Away,172,60,172,60,180
2009-10,LAC,Corner 3,Home,169,63,169,63,189
2009-10,LAC,Mid-range,Away,1111,402,0,0,804
2009-10,LAC,Mid-range,Home,971,398,0,0,796
2009-10,LAC,Paint (non-RA),Away,412,181,0,0,362
2009-10,LAC,Paint (non-RA),Home,342,156,0,0,312
2009-10,LAC,Restricted area,Away,1125,690,0,0,1380
2009-10,LAC,Restricted area,Home,1183,692,0,0,1384
2009-10,LAL,Above-break 3,Away,580,184,580,184,552
2009-10,LAL,Above-break 3,Home,587,200,587,200,600
2009-10,LAL,Corner 3,Away,180,70,180,70,210
2009-10,LAL,Corner 3,Home,198,77,197,77,231
2009-10,LAL,Mid-range,Away,1066,453,0,0,906
2009-10,LAL,Mid-range,Home,921,365,0,0,730
2009-10,LAL,Paint (non-RA),Away,558,249,0,0,498
2009-10,LAL,Paint (non-RA),Home,567,244,0,0,488
2009-10,LAL,Restricted area,Away,1006,593,0,0,1186
2009-10,LAL,Restricted area,Home,1194,708,0,0,1416
2009-10,MEM,Above-break 3,Away,330,114,330,114,342
2009-10,MEM,Above-break 3,Home,433,130,433,130,390
2009-10,MEM,Corner 3,Away,102,45,102,45,135
2009-10,MEM,Corner 3,Home,130,53,130,53,159
2009-10,MEM,Mid-range,Away,1043,423,0,0,846
2009-10,MEM,Mid-range,Home,953,351,0,0,702
2009-10,MEM,Paint (non-RA),Away,627,254,0,0,508
2009-10,MEM,Paint (non-RA),Home,637,294,0,0,588
2009-10,MEM,Restricted area,Away,1319,795,0,0,1590
2009-10,MEM,Restricted area,Home,1276,762,0,0,1524
2009-10,MIA,Above-break 3,Away,473,158,473,158,474
2009-10,MIA,Above-break 3,Home,549,181,549,181,543
2009-10,MIA,Corner 3,Away,217,85,217,85,255
2009-10,MIA,Corner 3,Home,175,70,175,70,210
2009-10,MIA,Mid-range,Away,1242,497,0,0,994
2009-10,MIA,Mid-range,Home,1222,477,0,0,954
2009-10,MIA,Paint (non-RA),Away,329,133,0,0,266
2009-10,MIA,Paint (non-RA),Home,466,216,0,0,432
2009-10,MIA,Restricted area,Away,960,610,0,0,1220
2009-10,MIA,Restricted area,Home,873,557,0,0,1114
2009-10,MIL,Above-break 3,Away,622,204,622,204,612
2009-10,MIL,Above-break 3,Home,644,225,644,225,675
2009-10,MIL,Corner 3,Away,286,108,286,108,324
2009-10,MIL,Corner 3,Home,248,105,246,105,315
2009-10,MIL,Mid-range,Away,1150,471,0,0,942
2009-10,MIL,Mid-range,Home,1048,418,0,0,836
2009-10,MIL,Paint (non-RA),Away,462,173,0,0,346
2009-10,MIL,Paint (non-RA),Home,454,188,0,0,376
2009-10,MIL,Restricted area,Away,947,548,0,0,1096
2009-10,MIL,Restricted area,Home,1122,607,0,0,1214
2009-10,MIN,Above-break 3,Away,441,151,441,151,453
2009-10,MIN,Above-break 3,Home,453,154,453,154,462
2009-10,MIN,Corner 3,Away,150,58,150,58,174
2009-10,MIN,Corner 3,Home,117,38,117,38,114
2009-10,MIN,Mid-range,Away,1202,454,0,0,908
2009-10,MIN,Mid-range,Home,1209,462,0,0,924
2009-10,MIN,Paint (non-RA),Away,567,236,0,0,472
2009-10,MIN,Paint (non-RA),Home,563,236,0,0,472
2009-10,MIN,Restricted area,Away,1138,649,0,0,1298
2009-10,MIN,Restricted area,Home,1063,666,0,0,1332
2009-10,NOP,Above-break 3,Away,625,213,625,213,639
2009-10,NOP,Above-break 3,Home,615,222,615,222,666
2009-10,NOP,Corner 3,Away,158,66,158,66,198
2009-10,NOP,Corner 3,Home,164,70,164,70,210
2009-10,NOP,Mid-range,Away,1089,447,0,0,894
2009-10,NOP,Mid-range,Home,1033,408,0,0,816
2009-10,NOP,Paint (non-RA),Away,516,232,0,0,464
2009-10,NOP,Paint (non-RA),Home,409,184,0,0,368
2009-10,NOP,Restricted area,Away,1035,635,0,0,1270
2009-10,NOP,Restricted area,Home,1188,701,0,0,1402
2009-10,NYK,Above-break 3,Away,866,304,866,304,912
2009-10,NYK,Above-break 3,Home,808,266,808,266,798
2009-10,NYK,Corner 3,Away,219,84,219,84,252
2009-10,NYK,Corner 3,Home,239,88,239,88,264
2009-10,NYK,Mid-range,Away,934,337,0,0,674
2009-10,NYK,Mid-range,Home,913,398,0,0,796
2009-10,NYK,Paint (non-RA),Away,330,136,0,0,272
2009-10,NYK,Paint (non-RA),Home,247,110,0,0,220
2009-10,NYK,Restricted area,Away,1073,678,0,0,1356
2009-10,NYK,Restricted area,Home,1234,725,0,0,1450
2009-10,OKC,Above-break 3,Away,466,169,466,169,507
2009-10,OKC,Above-break 3,Home,465,151,465,151,453
2009-10,OKC,Corner 3,Away,151,46,151,46,138
2009-10,OKC,Corner 3,Home,141,53,140,52,158
2009-10,OKC,Mid-range,Away,1171,456,0,0,912
2009-10,OKC,Mid-range,Home,1069,424,0,0,848
2009-10,OKC,Paint (non-RA),Away,448,189,0,0,378
2009-10,OKC,Paint (non-RA),Home,449,202,0,0,404
2009-10,OKC,Restricted area,Away,1136,654,0,0,1308
2009-10,OKC,Restricted area,Home,1126,719,0,0,1438
2009-10,ORL,Above-break 3,Away,832,296,832,296,888
2009-10,ORL,Above-break 3,Home,731,272,731,272,816
2009-10,ORL,Corner 3,Away,327,144,327,144,432
2009-10,ORL,Corner 3,Home,328,129,328,129,387
2009-10,ORL,Mid-range,Away,699,265,0,0,530
2009-10,ORL,Mid-range,Home,732,312,0,0,624
2009-10,ORL,Paint (non-RA),Away,392,172,0,0,344
2009-10,ORL,Paint (non-RA),Home,347,175,0,0,350
2009-10,ORL,Restricted area,Away,928,579,0,0,1158
2009-10,ORL,Restricted area,Home,1055,661,0,0,1322
2009-10,PHI,Above-break 3,Away,494,177,494,177,531
2009-10,PHI,Above-break 3,Home,507,154,507,154,462
2009-10,PHI,Corner 3,Away,209,83,208,83,249
2009-10,PHI,Corner 3,Home,150,59,150,59,177
2009-10,PHI,Mid-range,Away,1126,463,0,0,926
2009-10,PHI,Mid-range,Home,1103,439,0,0,878
2009-10,PHI,Paint (non-RA),Away,455,183,0,0,366
2009-10,PHI,Paint (non-RA),Home,481,210,0,0,420
2009-10,PHI,Restricted area,Away,1082,642,0,0,1284
2009-10,PHI,Restricted area,Home,1077,676,0,0,1352
2009-10,PHX,Above-break 3,Away,648,260,648,260,780
2009-10,PHX,Above-break 3,Home,636,259,636,259,777
2009-10,PHX,Corner 3,Away,231,105,231,105,315
2009-10,PHX,Corner 3,Home,242,105,242,105,315
2009-10,PHX,Mid-range,Away,893,366,0,0,732
2009-10,PHX,Mid-range,Home,938,383,0,0,766
2009-10,PHX,Paint (non-RA),Away,438,202,0,0,404
2009-10,PHX,Paint (non-RA),Home,582,283,0,0,566
2009-10,PHX,Restricted area,Away,1156,705,0,0,1410
2009-10,PHX,Restricted area,Home,1011,670,0,0,1340
2009-10,POR,Above-break 3,Away,434,147,434,147,441
2009-10,POR,Above-break 3,Home,447,158,447,158,474
2009-10,POR,Corner 3,Away,215,81,215,81,243
2009-10,POR,Corner 3,Home,266,105,266,105,315
2009-10,POR,Mid-range,Away,1260,529,0,0,1058
2009-10,POR,Mid-range,Home,1147,458,0,0,916
2009-10,POR,Paint (non-RA),Away,417,185,0,0,370
2009-10,POR,Paint (non-RA),Home,338,133,0,0,266
2009-10,POR,Restricted area,Away,894,551,0,0,1102
2009-10,POR,Restricted area,Home,1009,627,0,0,1254
2009-10,SAC,Above-break 3,Away,508,170,508,170,510
2009-10,SAC,Above-break 3,Home,498,162,498,162,486
2009-10,SAC,Corner 3,Away,166,63,166,63,189
2009-10,SAC,Corner 3,Home,194,86,194,86,258
2009-10,SAC,Mid-range,Away,1035,396,0,0,792
2009-10,SAC,Mid-range,Home,1066,431,0,0,862
2009-10,SAC,Paint (non-RA),Away,457,177,0,0,354
2009-10,SAC,Paint (non-RA),Home,600,243,0,0,486
2009-10,SAC,Restricted area,Away,1211,712,0,0,1424
2009-10,SAC,Restricted area,Home,1143,703,0,0,1406
2009-10,SAS,Above-break 3,Away,491,156,491,156,468
2009-10,SAS,Above-break 3,Home,465,175,465,175,525
2009-10,SAS,Corner 3,Away,281,99,281,99,297
2009-10,SAS,Corner 3,Home,297,123,297,123,369
2009-10,SAS,Mid-range,Away,1049,414,0,0,828
2009-10,SAS,Mid-range,Home,978,406,0,0,812
2009-10,SAS,Paint (non-RA),Away,445,193,0,0,386
2009-10,SAS,Paint (non-RA),Home,424,178,0,0,356
2009-10,SAS,Restricted area,Away,1053,650,0,0,1300
2009-10,SAS,Restricted area,Home,1163,755,0,0,1510
2009-10,TOR,Above-break 3,Away,568,224,568,224,672
2009-10,TOR,Above-break 3,Home,493,159,493,159,477
2009-10,TOR,Corner 3,Away,149,65,149,65,195
2009-10,TOR,Corner 3,Home,151,68,151,68,204
2009-10,TOR,Mid-range,Away,1128,483,0,0,966
2009-10,TOR,Mid-range,Home,1113,464,0,0,928
2009-10,TOR,Paint (non-RA),Away,427,188,0,0,376
2009-10,TOR,Paint (non-RA),Home,412,181,0,0,362
2009-10,TOR,Restricted area,Away,996,629,0,0,1258
2009-10,TOR,Restricted area,Home,1158,736,0,0,1472
2009-10,UTA,Above-break 3,Away,480,151,480,151,453
2009-10,UTA,Above-break 3,Home,462,173,462,173,519
2009-10,UTA,Corner 3,Away,114,55,114,55,165
2009-10,UTA,Corner 3,Home,142,60,142,60,180
2009-10,UTA,Mid-range,Away,982,395,0,0,790
2009-10,UTA,Mid-range,Home,942,401,0,0,802
2009-10,UTA,Paint (non-RA),Away,452,175,0,0,350
2009-10,UTA,Paint (non-RA),Home,380,167,0,0,334
2009-10,UTA,Restricted area,Away,1286,786,0,0,1572
2009-10,UTA,Restricted area,Home,1326,864,0,0,1728
2009-10,WAS,Above-break 3,Away,460,154,460,154,462
2009-10,WAS,Above-break 3,Home,455,165,455,165,495
2009-10,WAS,Corner 3,Away,137,54,137,54,162
2009-10,WAS,Corner 3,Home,159,59,159,59,177
2009-10,WAS,Mid-range,Away,1244,492,0,0,984
2009-10,WAS,Mid-range,Home,1277,535,0,0,1070
2009-10,WAS,Paint (non-RA),Away,429,167,0,0,334
2009-10,WAS,Paint (non-RA),Home,496,178,0,0,356
2009-10,WAS,Restricted area,Away,1051,603,0,0,1206
2009-10,WAS,Restricted area,Home,978,601,0,0,1202
2010-11,ATL,Above-break 3,Away,463,165,463,165,495
2010-11,ATL,Above-break 3,Home,440,142,440,142,426
2010-11,ATL,Corner 3,Away,238,93,238,93,279
2010-11,ATL,Corner 3,Home,272,101,272,101,303
2010-11,ATL,Mid-range,Away,1166,484,0,0,968
2010-11,ATL,Mid-range,Home,1103,471,0,0,942
2010-11,ATL,Paint (non-RA),Away,552,244,0,0,488
2010-11,ATL,Paint (non-RA),Home,496,219,0,0,438
2010-11,ATL,Restricted area,Away,762,477,0,0,954
2010-11,ATL,Restricted area,Home,923,574,0,0,1148
2010-11,BKN,Above-break 3,Away,468,146,468,146,438
2010-11,BKN,Above-break 3,Home,485,183,485,183,549
2010-11,BKN,Corner 3,Away,181,56,181,56,168
2010-11,BKN,Corner 3,Home,185,73,185,73,219
2010-11,BKN,Mid-range,Away,1150,462,0,0,924
2010-11,BKN,Mid-range,Home,1062,399,0,0,798
2010-11,BKN,Paint (non-RA),Away,604,250,0,0,500
2010-11,BKN,Paint (non-RA),Home,616,258,0,0,516
2010-11,BKN,Restricted area,Away,901,529,0,0,1058
2010-11,BKN,Restricted area,Home,968,561,0,0,1122
2010-11,BOS,Above-break 3,Away,388,124,388,124,372
2010-11,BOS,Above-break 3,Home,424,145,424,145,435
2010-11,BOS,Corner 3,Away,146,68,146,68,204
2010-11,BOS,Corner 3,Home,153,71,153,71,213
2010-11,BOS,Mid-range,Away,1120,463,0,0,926
2010-11,BOS,Mid-range,Home,1041,452,0,0,904
2010-11,BOS,Paint (non-RA),Away,480,192,0,0,384
2010-11,BOS,Paint (non-RA),Home,320,133,0,0,266
2010-11,BOS,Restricted area,Away,986,617,0,0,1234
2010-11,BOS,Restricted area,Home,1153,758,0,0,1516
2010-11,CHA,Above-break 3,Away,481,138,481,138,414
2010-11,CHA,Above-break 3,Home,477,170,477,170,510
2010-11,CHA,Corner 3,Away,115,40,115,40,120
2010-11,CHA,Corner 3,Home,111,45,111,45,135
2010-11,CHA,Mid-range,Away,1027,402,0,0,804
2010-11,CHA,Mid-range,Home,970,393,0,0,786
2010-11,CHA,Paint (non-RA),Away,462,165,0,0,330
2010-11,CHA,Paint (non-RA),Home,358,148,0,0,296
2010-11,CHA,Restricted area,Away,1055,651,0,0,1302
2010-11,CHA,Restricted area,Home,1290,721,0,0,1442
2010-11,CHI,Above-break 3,Away,506,174,506,174,522
2010-11,CHI,Above-break 3,Home,497,189,497,189,567
2010-11,CHI,Corner 3,Away,192,64,191,64,192
2010-11,CHI,Corner 3,Home,204,84,204,84,252
2010-11,CHI,Mid-range,Away,1016,381,0,0,762
2010-11,CHI,Mid-range,Home,1047,433,0,0,866
2010-11,CHI,Paint (non-RA),Away,429,169,0,0,338
2010-11,CHI,Paint (non-RA),Home,367,138,0,0,276
2010-11,CHI,Restricted area,Away,1129,722,0,0,1444
2010-11,CHI,Restricted area,Home,1183,688,0,0,1376
2010-11,CLE,Above-break 3,Away,536,172,536,172,516
2010-11,CLE,Above-break 3,Home,584,202,584,202,606
2010-11,CLE,Corner 3,Away,163,61,163,61,183
2010-11,CLE,Corner 3,Home,201,76,199,74,226
2010-11,CLE,Mid-range,Away,964,353,0,0,706
2010-11,CLE,Mid-range,Home,968,367,0,0,734
2010-11,CLE,Paint (non-RA),Away,542,199,0,0,398
2010-11,CLE,Paint (non-RA),Home,540,194,0,0,388
2010-11,CLE,Restricted area,Away,1114,659,0,0,1318
2010-11,CLE,Restricted area,Home,1028,603,0,0,1206
2010-11,DAL,Above-break 3,Away,621,217,621,217,651
2010-11,DAL,Above-break 3,Home,593,216,593,216,648
2010-11,DAL,Corner 3,Away,265,108,265,108,324
2010-11,DAL,Corner 3,Home,271,103,271,103,309
2010-11,DAL,Mid-range,Away,1017,436,0,0,872
2010-11,DAL,Mid-range,Home,986,465,0,0,930
2010-11,DAL,Paint (non-RA),Away,463,177,0,0,354
2010-11,DAL,Paint (non-RA),Home,502,210,0,0,420
2010-11,DAL,Restricted area,Away,864,576,0,0,1152
2010-11,DAL,Restricted area,Home,863,560,0,0,1120
2010-11,DEN,Above-break 3,Away,585,228,585,228,684
2010-11,DEN,Above-break 3,Home,597,230,597,230,690
2010-11,DEN,Corner 3,Away,231,91,231,91,273
2010-11,DEN,Corner 3,Home,270,111,270,111,333
2010-11,DEN,Mid-range,Away,856,316,0,0,632
2010-11,DEN,Mid-range,Home,809,348,0,0,696
2010-11,DEN,Paint (non-RA),Away,375,131,0,0,262
2010-11,DEN,Paint (non-RA),Home,276,123,0,0,246
2010-11,DEN,Restricted area,Away,1206,743,0,0,1486
2010-11,DEN,Restricted area,Home,1387,822,0,0,1644
2010-11,DET,Above-break 3,Away,381,133,381,133,399
2010-11,DET,Above-break 3,Home,386,148,386,148,444
2010-11,DET,Corner 3,Away,260,99,260,99,297
2010-11,DET,Corner 3,Home,210,90,210,90,270
2010-11,DET,Mid-range,Away,1187,451,0,0,902
2010-11,DET,Mid-range,Home,1140,467,0,0,934
2010-11,DET,Paint (non-RA),Away,475,178,0,0,356
2010-11,DET,Paint (non-RA),Home,397,137,0,0,274
2010-11,DET,Restricted area,Away,1004,609,0,0,1218
2010-11,DET,Restricted area,Home,1188,742,0,0,1484
2010-11,GSW,Above-break 3,Away,566,208,566,208,624
2010-11,GSW,Above-break 3,Home,633,250,633,250,750
2010-11,GSW,Corner 3,Away,286,117,286,117,351
2010-11,GSW,Corner 3,Home,245,109,245,109,327
2010-11,GSW,Mid-range,Away,986,376,0,0,752
2010-11,GSW,Mid-range,Home,1070,443,0,0,886
2010-11,GSW,Paint (non-RA),Away,540,177,0,0,354
2010-11,GSW,Paint (non-RA),Home,486,181,0,0,362
2010-11,GSW,Restricted area,Away,1138,708,0,0,1416
2010-11,GSW,Restricted area,Home,1078,681,0,0,1362
2010-11,HOU,Above-break 3,Away,694,265,694,265,795
2010-11,HOU,Above-break 3,Home,694,234,694,234,702
2010-11,HOU,Corner 3,Away,228,96,228,96,288
2010-11,HOU,Corner 3,Home,210,81,210,81,243
2010-11,HOU,Mid-range,Away,924,380,0,0,760
2010-11,HOU,Mid-range,Home,877,352,0,0,704
2010-11,HOU,Paint (non-RA),Away,572,207,0,0,414
2010-11,HOU,Paint (non-RA),Home,642,258,0,0,516
2010-11,HOU,Restricted area,Away,1016,631,0,0,1262
2010-11,HOU,Restricted area,Home,1101,665,0,0,1330
2010-11,IND,Above-break 3,Away,654,229,654,229,687
2010-11,IND,Above-break 3,Home,637,219,637,219,657
2010-11,IND,Corner 3,Away,168,62,168,62,186
2010-11,IND,Corner 3,Home,182,75,182,75,225
2010-11,IND,Mid-range,Away,1041,400,0,0,800
2010-11,IND,Mid-range,Home,1084,441,0,0,882
2010-11,IND,Paint (non-RA),Away,539,191,0,0,382
2010-11,IND,Paint (non-RA),Home,473,187,0,0,374
2010-11,IND,Restricted area,Away,945,569,0,0,1138
2010-11,IND,Restricted area,Home,1052,630,0,0,1260
2010-11,LAC,Above-break 3,Away,537,194,537,194,582
2010-11,LAC,Above-break 3,Home,551,184,551,184,552
2010-11,LAC,Corner 3,Away,203,66,203,66,198
2010-11,LAC,Corner 3,Home,207,66,206,66,198
2010-11,LAC,Mid-range,Away,906,329,0,0,658
2010-11,LAC,Mid-range,Home,810,306,0,0,612
2010-11,LAC,Paint (non-RA),Away,463,168,0,0,336
2010-11,LAC,Paint (non-RA),Home,442,155,0,0,310
2010-11,LAC,Restricted area,Away,1188,733,0,0,1466
2010-11,LAC,Restricted area,Home,1265,811,0,0,1622
2010-11,LAL,Above-break 3,Away,514,174,514,174,522
2010-11,LAL,Above-break 3,Home,509,166,509,166,498
2010-11,LAL,Corner 3,Away,207,84,207,84,252
2010-11,LAL,Corner 3,Home,233,97,233,97,291
2010-11,LAL,Mid-range,Away,1032,407,0,0,814
2010-11,LAL,Mid-range,Home,955,371,0,0,742
2010-11,LAL,Paint (non-RA),Away,590,242,0,0,484
2010-11,LAL,Paint (non-RA),Home,614,259,0,0,518
2010-11,LAL,Restricted area,Away,976,620,0,0,1240
2010-11,LAL,Restricted area,Home,1103,705,0,0,1410
2010-11,MEM,Above-break 3,Away,327,111,327,111,333
2010-11,MEM,Above-break 3,Home,319,101,319,101,303
2010-11,MEM,Corner 3,Away,137,48,137,48,144
2010-11,MEM,Corner 3,Home,118,49,118,49,147
2010-11,MEM,Mid-range,Away,1065,383,0,0,766
2010-11,MEM,Mid-range,Home,949,401,0,0,802
2010-11,MEM,Paint (non-RA),Away,696,280,0,0,560
2010-11,MEM,Paint (non-RA),Home,751,311,0,0,622
2010-11,MEM,Restricted area,Away,1193,719,0,0,1438
2010-11,MEM,Restricted area,Home,1221,797,0,0,1594
2010-11,MIA,Above-break 3,Away,465,173,465,173,519
2010-11,MIA,Above-break 3,Home,505,157,505,157,471
2010-11,MIA,Corner 3,Away,272,111,271,111,333
2010-11,MIA,Corner 3,Home,225,104,225,104,312
2010-11,MIA,Mid-range,Away,1101,466,0,0,932
2010-11,MIA,Mid-range,Home,1093,461,0,0,922
2010-11,MIA,Paint (non-RA),Away,394,156,0,0,312
2010-11,MIA,Paint (non-RA),Home,441,193,0,0,386
2010-11,MIA,Restricted area,Away,913,614,0,0,1228
2010-11,MIA,Restricted area,Home,879,594,0,0,1188
2010-11,MIL,Above-break 3,Away,477,166,477,166,498
2010-11,MIL,Above-break 3,Home,488,146,488,146,438
2010-11,MIL,Corner 3,Away,209,75,209,75,225
2010-11,MIL,Corner 3,Home,229,97,228,96,290
2010-11,MIL,Mid-range,Away,1152,437,0,0,874
2010-11,MIL,Mid-range,Home,1063,430,0,0,860
2010-11,MIL,Paint (non-RA),Away,470,167,0,0,334
2010-11,MIL,Paint (non-RA),Home,505,202,0,0,404
2010-11,MIL,Restricted area,Away,999,568,0,0,1136
2010-11,MIL,Restricted area,Home,940,526,0,0,1052
2010-11,MIN,Above-break 3,Away,596,201,596,201,603
2010-11,MIN,Above-break 3,Home,617,237,617,237,711
2010-11,MIN,Corner 3,Away,142,66,140,66,198
2010-11,MIN,Corner 3,Home,185,84,185,84,252
2010-11,MIN,Mid-range,Away,1015,420,0,0,840
2010-11,MIN,Mid-range,Home,1120,418,0,0,836
2010-11,MIN,Paint (non-RA),Away,708,264,0,0,528
2010-11,MIN,Paint (non-RA),Home,625,237,0,0,474
2010-11,MIN,Restricted area,Away,1018,592,0,0,1184
2010-11,MIN,Restricted area,Home,961,570,0,0,1140
2010-11,NOP,Above-break 3,Away,393,142,393,142,426
2010-11,NOP,Above-break 3,Home,422,151,422,151,453
2010-11,NOP,Corner 3,Away,200,78,200,78,234
2010-11,NOP,Corner 3,Home,204,71,204,71,213
2010-11,NOP,Mid-range,Away,1156,491,0,0,982
2010-11,NOP,Mid-range,Home,1103,468,0,0,936
2010-11,NOP,Paint (non-RA),Away,629,234,0,0,468
2010-11,NOP,Paint (non-RA),Home,551,238,0,0,476
2010-11,NOP,Restricted area,Away,831,495,0,0,990
2010-11,NOP,Restricted area,Home,914,574,0,0,1148
2010-11,NYK,Above-break 3,Away,769,264,769,264,792
2010-11,NYK,Above-break 3,Home,721,257,721,257,771
2010-11,NYK,Corner 3,Away,286,139,285,139,417
2010-11,NYK,Corner 3,Home,292,105,292,105,315
2010-11,NYK,Mid-range,Away,916,355,0,0,710
2010-11,NYK,Mid-range,Home,827,345,0,0,690
2010-11,NYK,Paint (non-RA),Away,474,178,0,0,356
2010-11,NYK,Paint (non-RA),Home,453,176,0,0,352
2010-11,NYK,Restricted area,Away,1009,599,0,0,1198
2010-11,NYK,Restricted area,Home,1106,722,0,0,1444
2010-11,OKC,Above-break 3,Away,551,184,551,184,552
2010-11,OKC,Above-break 3,Home,568,203,568,203,609
2010-11,OKC,Corner 3,Away,144,51,144,51,153
2010-11,OKC,Corner 3,Home,131,49,129,49,147
2010-11,OKC,Mid-range,Away,1124,443,0,0,886
2010-11,OKC,Mid-range,Home,979,385,0,0,770
2010-11,OKC,Paint (non-RA),Away,504,194,0,0,388
2010-11,OKC,Paint (non-RA),Home,458,162,0,0,324
2010-11,OKC,Restricted area,Away,1011,649,0,0,1298
2010-11,OKC,Restricted area,Home,1128,746,0,0,1492
2010-11,ORL,Above-break 3,Away,774,295,774,295,885
2010-11,ORL,Above-break 3,Home,779,277,779,277,831
2010-11,ORL,Corner 3,Away,290,110,290,110,330
2010-11,ORL,Corner 3,Home,240,87,240,87,261
2010-11,ORL,Mid-range,Away,856,352,0,0,704
2010-11,ORL,Mid-range,Home,753,307,0,0,614
2010-11,ORL,Paint (non-RA),Away,450,170,0,0,340
2010-11,ORL,Paint (non-RA),Home,395,165,0,0,330
2010-11,ORL,Restricted area,Away,847,546,0,0,1092
2010-11,ORL,Restricted area,Home,1007,646,0,0,1292
2010-11,PHI,Above-break 3,Away,433,138,433,138,414
2010-11,PHI,Above-break 3,Home,483,177,483,177,531
2010-11,PHI,Corner 3,Away,157,61,156,61,183
2010-11,PHI,Corner 3,Home,160,67,160,67,201
2010-11,PHI,Mid-range,Away,1230,510,0,0,1020
2010-11,PHI,Mid-range,Home,1166,477,0,0,954
2010-11,PHI,Paint (non-RA),Away,577,219,0,0,438
2010-11,PHI,Paint (non-RA),Home,579,220,0,0,440
2010-11,PHI,Restricted area,Away,1000,623,0,0,1246
2010-11,PHI,Restricted area,Home,975,633,0,0,1266
2010-11,PHX,Above-break 3,Away,673,238,673,238,714
2010-11,PHX,Above-break 3,Home,669,261,669,261,783
2010-11,PHX,Corner 3,Away,261,105,261,105,315
2010-11,PHX,Corner 3,Home,239,97,239,97,291
2010-11,PHX,Mid-range,Away,977,392,0,0,784
2010-11,PHX,Mid-range,Home,1023,411,0,0,822
2010-11,PHX,Paint (non-RA),Away,498,208,0,0,416
2010-11,PHX,Paint (non-RA),Home,550,217,0,0,434
2010-11,PHX,Restricted area,Away,1011,675,0,0,1350
2010-11,PHX,Restricted area,Home,928,615,0,0,1230
2010-11,POR,Above-break 3,Away,497,167,497,167,501
2010-11,POR,Above-break 3,Home,491,158,491,158,474
2010-11,POR,Corner 3,Away,227,93,226,93,279
2010-11,POR,Corner 3,Home,265,99,265,99,297
2010-11,POR,Mid-range,Away,1092,419,0,0,838
2010-11,POR,Mid-range,Home,956,350,0,0,700
2010-11,POR,Paint (non-RA),Away,503,185,0,0,370
2010-11,POR,Paint (non-RA),Home,439,175,0,0,350
2010-11,POR,Restricted area,Away,954,586,0,0,1172
2010-11,POR,Restricted area,Home,1151,718,0,0,1436
2010-11,SAC,Above-break 3,Away,417,137,417,137,411
2010-11,SAC,Above-break 3,Home,460,136,460,136,408
2010-11,SAC,Corner 3,Away,171,66,171,66,198
2010-11,SAC,Corner 3,Home,203,87,203,87,261
2010-11,SAC,Mid-range,Away,1172,462,0,0,924
2010-11,SAC,Mid-range,Home,1066,396,0,0,792
2010-11,SAC,Paint (non-RA),Away,528,193,0,0,386
2010-11,SAC,Paint (non-RA),Home,661,232,0,0,464
2010-11,SAC,Restricted area,Away,1202,731,0,0,1462
2010-11,SAC,Restricted area,Home,1073,692,0,0,1384
2010-11,SAS,Above-break 3,Away,539,191,539,191,573
2010-11,SAS,Above-break 3,Home,522,219,522,219,657
2010-11,SAS,Corner 3,Away,296,122,296,122,366
2010-11,SAS,Corner 3,Home,361,153,361,153,459
2010-11,SAS,Mid-range,Away,942,376,0,0,752
2010-11,SAS,Mid-range,Home,836,351,0,0,702
2010-11,SAS,Paint (non-RA),Away,629,270,0,0,540
2010-11,SAS,Paint (non-RA),Home,505,208,0,0,416
2010-11,SAS,Restricted area,Away,944,591,0,0,1182
2010-11,SAS,Restricted area,Home,1045,667,0,0,1334
2010-11,TOR,Above-break 3,Away,425,143,425,143,429
2010-11,TOR,Above-break 3,Home,396,115,396,115,345
2010-11,TOR,Corner 3,Away,118,36,118,36,108
2010-11,TOR,Corner 3,Home,140,51,140,51,153
2010-11,TOR,Mid-range,Away,1221,467,0,0,934
2010-11,TOR,Mid-range,Home,1099,481,0,0,962
2010-11,TOR,Paint (non-RA),Away,500,198,0,0,396
2010-11,TOR,Paint (non-RA),Home,426,192,0,0,384
2010-11,TOR,Restricted area,Away,1161,699,0,0,1398
2010-11,TOR,Restricted area,Home,1257,762,0,0,1524
2010-11,UTA,Above-break 3,Away,521,184,521,184,552
2010-11,UTA,Above-break 3,Home,477,161,477,161,483
2010-11,UTA,Corner 3,Away,103,39,103,39,117
2010-11,UTA,Corner 3,Home,141,51,139,50,152
2010-11,UTA,Mid-range,Away,1031,417,0,0,834
2010-11,UTA,Mid-range,Home,1060,432,0,0,864
2010-11,UTA,Paint (non-RA),Away,564,222,0,0,444
2010-11,UTA,Paint (non-RA),Home,468,178,0,0,356
2010-11,UTA,Restricted area,Away,1047,639,0,0,1278
2010-11,UTA,Restricted area,Home,1162,740,0,0,1480
2010-11,WAS,Above-break 3,Away,420,138,420,138,414
2010-11,WAS,Above-break 3,Home,391,126,391,126,378
2010-11,WAS,Corner 3,Away,181,58,180,57,173
2010-11,WAS,Corner 3,Home,181,71,181,71,213
2010-11,WAS,Mid-range,Away,1183,441,0,0,882
2010-11,WAS,Mid-range,Home,1310,509,0,0,1018
2010-11,WAS,Paint (non-RA),Away,557,218,0,0,436
2010-11,WAS,Paint (non-RA),Home,480,171,0,0,342
2010-11,WAS,Restricted area,Away,1085,653,0,0,1306
2010-11,WAS,Restricted area,Home,1090,663,0,0,1326
2011-12,ATL,Above-break 3,Away,451,154,451,154,462
2011-12,ATL,Above-break 3,Home,407,153,407,153,459
2011-12,ATL,Corner 3,Away,225,96,225,96,288
2011-12,ATL,Corner 3,Home,239,88,239,88,264
2011-12,ATL,Mid-range,Away,856,324,0,0,648
2011-12,ATL,Mid-range,Home,796,298,0,0,596
2011-12,ATL,Paint (non-RA),Away,358,163,0,0,326
2011-12,ATL,Paint (non-RA),Home,362,136,0,0,272
2011-12,ATL,Restricted area,Away,764,467,0,0,934
2011-12,ATL,Restricted area,Home,882,549,0,0,1098
2011-12,BKN,Above-break 3,Away,538,196,538,196,588
2011-12,BKN,Above-break 3,Home,519,170,519,170,510
2011-12,BKN,Corner 3,Away,211,75,211,75,225
2011-12,BKN,Corner 3,Home,205,65,205,65,195
2011-12,BKN,Mid-range,Away,829,303,0,0,606
2011-12,BKN,Mid-range,Home,837,347,0,0,694
2011-12,BKN,Paint (non-RA),Away,312,124,0,0,248
2011-12,BKN,Paint (non-RA),Home,323,134,0,0,268
2011-12,BKN,Restricted area,Away,742,413,0,0,826
2011-12,BKN,Restricted area,Home,796,434,0,0,868
2011-12,BOS,Above-break 3,Away,330,114,330,114,342
2011-12,BOS,Above-break 3,Home,332,109,332,109,327
2011-12,BOS,Corner 3,Away,161,72,161,72,216
2011-12,BOS,Corner 3,Home,161,68,161,68,204
2011-12,BOS,Mid-range,Away,1026,438,0,0,876
2011-12,BOS,Mid-range,Home,927,386,0,0,772
2011-12,BOS,Paint (non-RA),Away,274,94,0,0,188
2011-12,BOS,Paint (non-RA),Home,317,124,0,0,248
2011-12,BOS,Restricted area,Away,717,438,0,0,876
2011-12,BOS,Restricted area,Home,837,498,0,0,996
2011-12,CHA,Above-break 3,Away,388,120,388,120,360
2011-12,CHA,Above-break 3,Home,347,94,347,94,282
2011-12,CHA,Corner 3,Away,78,24,78,24,72
2011-12,CHA,Corner 3,Home,67,25,67,25,75
2011-12,CHA,Mid-range,Away,1056,388,0,0,776
2011-12,CHA,Mid-range,Home,1042,380,0,0,760
2011-12,CHA,Paint (non-RA),Away,335,125,0,0,250
2011-12,CHA,Paint (non-RA),Home,299,89,0,0,178
2011-12,CHA,Restricted area,Away,778,458,0,0,916
2011-12,CHA,Restricted area,Home,891,490,0,0,980
2011-12,CHI,Above-break 3,Away,405,167,405,167,501
2011-12,CHI,Above-break 3,Home,400,141,400,141,423
2011-12,CHI,Corner 3,Away,135,52,135,52,156
2011-12,CHI,Corner 3,Home,163,59,163,59,177
2011-12,CHI,Mid-range,Away,933,359,0,0,718
2011-12,CHI,Mid-range,Home,941,368,0,0,736
2011-12,CHI,Paint (non-RA),Away,344,143,0,0,286
2011-12,CHI,Paint (non-RA),Home,318,120,0,0,240
2011-12,CHI,Restricted area,Away,882,523,0,0,1046
2011-12,CHI,Restricted area,Home,927,535,0,0,1070
2011-12,CLE,Above-break 3,Away,477,161,477,161,483
2011-12,CLE,Above-break 3,Home,477,164,477,164,492
2011-12,CLE,Corner 3,Away,154,51,154,51,153
2011-12,CLE,Corner 3,Home,159,64,159,64,192
2011-12,CLE,Mid-range,Away,630,221,0,0,442
2011-12,CLE,Mid-range,Home,657,216,0,0,432
2011-12,CLE,Paint (non-RA),Away,423,151,0,0,302
2011-12,CLE,Paint (non-RA),Home,450,140,0,0,280
2011-12,CLE,Restricted area,Away,988,542,0,0,1084
2011-12,CLE,Restricted area,Home,939,551,0,0,1102
2011-12,DAL,Above-break 3,Away,567,193,567,193,579
2011-12,DAL,Above-break 3,Home,550,185,550,185,555
2011-12,DAL,Corner 3,Away,164,64,164,64,192
2011-12,DAL,Corner 3,Home,173,55,173,55,165
2011-12,DAL,Mid-range,Away,805,320,0,0,640
2011-12,DAL,Mid-range,Home,825,349,0,0,698
2011-12,DAL,Paint (non-RA),Away,459,170,0,0,340
2011-12,DAL,Paint (non-RA),Home,408,149,0,0,298
2011-12,DAL,Restricted area,Away,682,443,0,0,886
2011-12,DAL,Restricted area,Home,769,470,0,0,940
2011-12,DEN,Above-break 3,Away,466,157,466,157,471
2011-12,DEN,Above-break 3,Home,405,127,405,127,381
2011-12,DEN,Corner 3,Away,180,62,180,62,186
2011-12,DEN,Corner 3,Home,237,88,237,88,264
2011-12,DEN,Mid-range,Away,517,193,0,0,386
2011-12,DEN,Mid-range,Home,477,183,0,0,366
2011-12,DEN,Paint (non-RA),Away,398,157,0,0,314
2011-12,DEN,Paint (non-RA),Home,321,130,0,0,260
2011-12,DEN,Restricted area,Away,1195,738,0,0,1476
2011-12,DEN,Restricted area,Home,1185,736,0,0,1472
2011-12,DET,Above-break 3,Away,327,109,327,109,327
2011-12,DET,Above-break 3,Home,342,122,342,122,366
2011-12,DET,Corner 3,Away,119,45,119,45,135
2011-12,DET,Corner 3,Home,114,41,114,41,123
2011-12,DET,Mid-range,Away,847,300,0,0,600
2011-12,DET,Mid-range,Home,800,307,0,0,614
2011-12,DET,Paint (non-RA),Away,412,156,0,0,312
2011-12,DET,Paint (non-RA),Home,398,154,0,0,308
2011-12,DET,Restricted area,Away,919,513,0,0,1026
2011-12,DET,Restricted area,Home,940,544,0,0,1088
2011-12,GSW,Above-break 3,Away,451,174,451,174,522
2011-12,GSW,Above-break 3,Home,510,177,510,177,531
2011-12,GSW,Corner 3,Away,213,95,212,94,284
2011-12,GSW,Corner 3,Home,165,78,165,78,234
2011-12,GSW,Mid-range,Away,874,360,0,0,720
2011-12,GSW,Mid-range,Home,829,348,0,0,696
2011-12,GSW,Paint (non-RA),Away,366,123,0,0,246
2011-12,GSW,Paint (non-RA),Home,409,164,0,0,328
2011-12,GSW,Restricted area,Away,811,476,0,0,952
2011-12,GSW,Restricted area,Home,802,493,0,0,986
2011-12,HOU,Above-break 3,Away,464,152,464,152,456
2011-12,HOU,Above-break 3,Home,468,156,468,156,468
2011-12,HOU,Corner 3,Away,188,87,188,87,261
2011-12,HOU,Corner 3,Home,200,83,200,83,249
2011-12,HOU,Mid-range,Away,826,346,0,0,692
2011-12,HOU,Mid-range,Home,802,315,0,0,630
2011-12,HOU,Paint (non-RA),Away,461,153,0,0,306
2011-12,HOU,Paint (non-RA),Home,507,196,0,0,392
2011-12,HOU,Restricted area,Away,799,489,0,0,978
2011-12,HOU,Restricted area,Home,818,512,0,0,1024
2011-12,IND,Above-break 3,Away,380,147,380,147,441
2011-12,IND,Above-break 3,Home,364,135,364,135,405
2011-12,IND,Corner 3,Away,153,61,153,61,183
2011-12,IND,Corner 3,Home,154,48,154,48,144
2011-12,IND,Mid-range,Away,760,269,0,0,538
2011-12,IND,Mid-range,Home,844,333,0,0,666
2011-12,IND,Paint (non-RA),Away,539,212,0,0,424
2011-12,IND,Paint (non-RA),Home,447,177,0,0,354
2011-12,IND,Restricted area,Away,819,458,0,0,916
2011-12,IND,Restricted area,Home,902,513,0,0,1026
2011-12,LAC,Above-break 3,Away,526,190,526,190,570
2011-12,LAC,Above-break 3,Home,474,169,474,169,507
2011-12,LAC,Corner 3,Away,207,73,207,73,219
2011-12,LAC,Corner 3,Home,220,80,220,80,240
2011-12,LAC,Mid-range,Away,853,325,0,0,650
2011-12,LAC,Mid-range,Home,768,308,0,0,616
2011-12,LAC,Paint (non-RA),Away,357,132,0,0,264
2011-12,LAC,Paint (non-RA),Home,316,118,0,0,236
2011-12,LAC,Restricted area,Away,762,478,0,0,956
2011-12,LAC,Restricted area,Home,869,564,0,0,1128
2011-12,LAL,Above-break 3,Away,397,121,397,121,363
2011-12,LAL,Above-break 3,Home,383,128,383,128,384
2011-12,LAL,Corner 3,Away,168,53,168,53,159
2011-12,LAL,Corner 3,Home,154,58,154,58,174
2011-12,LAL,Mid-range,Away,846,337,0,0,674
2011-12,LAL,Mid-range,Home,782,326,0,0,652
2011-12,LAL,Paint (non-RA),Away,513,201,0,0,402
2011-12,LAL,Paint (non-RA),Home,455,180,0,0,360
2011-12,LAL,Restricted area,Away,764,487,0,0,974
2011-12,LAL,Restricted area,Home,847,536,0,0,1072
2011-12,MEM,Above-break 3,Away,316,94,316,94,282
2011-12,MEM,Above-break 3,Home,313,109,313,109,327
2011-12,MEM,Corner 3,Away,105,41,105,41,123
2011-12,MEM,Corner 3,Home,95,32,95,32,96
2011-12,MEM,Mid-range,Away,917,340,0,0,680
2011-12,MEM,Mid-range,Home,807,319,0,0,638
2011-12,MEM,Paint (non-RA),Away,514,193,0,0,386
2011-12,MEM,Paint (non-RA),Home,537,218,0,0,436
2011-12,MEM,Restricted area,Away,859,516,0,0,1032
2011-12,MEM,Restricted area,Home,939,562,0,0,1124
2011-12,MIA,Above-break 3,Away,328,114,328,114,342
2011-12,MIA,Above-break 3,Home,347,128,347,128,384
2011-12,MIA,Corner 3,Away,187,71,187,71,213
2011-12,MIA,Corner 3,Home,164,56,163,56,168
2011-12,MIA,Mid-range,Away,868,346,0,0,692
2011-12,MIA,Mid-range,Home,795,327,0,0,654
2011-12,MIA,Paint (non-RA),Away,367,147,0,0,294
2011-12,MIA,Paint (non-RA),Home,403,155,0,0,310
2011-12,MIA,Restricted area,Away,862,529,0,0,1058
2011-12,MIA,Restricted area,Home,886,572,0,0,1144
2011-12,MIL,Above-break 3,Away,491,159,491,159,477
2011-12,MIL,Above-break 3,Home,435,156,435,156,468
2011-12,MIL,Corner 3,Away,143,49,143,49,147
2011-12,MIL,Corner 3,Home,181,66,181,66,198
2011-12,MIL,Mid-range,Away,858,312,0,0,624
2011-12,MIL,Mid-range,Home,901,381,0,0,762
2011-12,MIL,Paint (non-RA),Away,397,149,0,0,298
2011-12,MIL,Paint (non-RA),Home,322,109,0,0,218
2011-12,MIL,Restricted area,Away,913,551,0,0,1102
2011-12,MIL,Restricted area,Home,996,564,0,0,1128
2011-12,MIN,Above-break 3,Away,537,181,537,181,543
2011-12,MIN,Above-break 3,Home,506,158,506,158,474
2011-12,MIN,Corner 3,Away,174,61,174,61,183
2011-12,MIN,Corner 3,Home,196,73,196,73,219
2011-12,MIN,Mid-range,Away,732,278,0,0,556
2011-12,MIN,Mid-range,Home,701,257,0,0,514
2011-12,MIN,Paint (non-RA),Away,373,120,0,0,240
2011-12,MIN,Paint (non-RA),Home,379,134,0,0,268
2011-12,MIN,Restricted area,Away,898,560,0,0,1120
2011-12,MIN,Restricted area,Home,928,533,0,0,1066
2011-12,NOP,Above-break 3,Away,268,89,268,89,267
2011-12,NOP,Above-break 3,Home,291,91,291,91,273
2011-12,NOP,Corner 3,Away,103,44,103,44,132
2011-12,NOP,Corner 3,Home,111,35,111,35,105
2011-12,NOP,Mid-range,Away,887,352,0,0,704
2011-12,NOP,Mid-range,Home,903,362,0,0,724
2011-12,NOP,Paint (non-RA),Away,479,199,0,0,398
2011-12,NOP,Paint (non-RA),Home,444,185,0,0,370
2011-12,NOP,Restricted area,Away,801,464,0,0,928
2011-12,NOP,Restricted area,Home,812,479,0,0,958
2011-12,NYK,Above-break 3,Away,565,180,565,180,540
2011-12,NYK,Above-break 3,Home,579,204,579,204,612
2011-12,NYK,Corner 3,Away,165,68,165,68,204
2011-12,NYK,Corner 3,Home,217,65,217,65,195
2011-12,NYK,Mid-range,Away,719,260,0,0,520
2011-12,NYK,Mid-range,Home,634,253,0,0,506
2011-12,NYK,Paint (non-RA),Away,307,99,0,0,198
2011-12,NYK,Paint (non-RA),Home,279,88,0,0,176
2011-12,NYK,Restricted area,Away,924,562,0,0,1124
2011-12,NYK,Restricted area,Home,934,586,0,0,1172
2011-12,OKC,Above-break 3,Away,516,166,516,166,498
2011-12,OKC,Above-break 3,Home,539,202,539,202,606
2011-12,OKC,Corner 3,Away,127,49,127,49,147
2011-12,OKC,Corner 3,Home,128,55,126,55,165
2011-12,OKC,Mid-range,Away,755,305,0,0,610
2011-12,OKC,Mid-range,Home,700,303,0,0,606
2011-12,OKC,Paint (non-RA),Away,407,150,0,0,300
2011-12,OKC,Paint (non-RA),Home,331,132,0,0,264
2011-12,OKC,Restricted area,Away,828,518,0,0,1036
2011-12,OKC,Restricted area,Home,889,582,0,0,1164
2011-12,ORL,Above-break 3,Away,703,253,703,253,759
2011-12,ORL,Above-break 3,Home,674,252,674,252,756
2011-12,ORL,Corner 3,Away,209,86,209,86,258
2011-12,ORL,Corner 3,Home,191,79,191,79,237
2011-12,ORL,Mid-range,Away,541,192,0,0,384
2011-12,ORL,Mid-range,Home,557,180,0,0,360
2011-12,ORL,Paint (non-RA),Away,312,115,0,0,230
2011-12,ORL,Paint (non-RA),Home,301,116,0,0,232
2011-12,ORL,Restricted area,Away,779,452,0,0,904
2011-12,ORL,Restricted area,Home,887,550,0,0,1100
2011-12,PHI,Above-break 3,Away,363,135,363,135,405
2011-12,PHI,Above-break 3,Home,392,147,392,147,441
2011-12,PHI,Corner 3,Away,104,35,104,35,105
2011-12,PHI,Corner 3,Home,100,32,99,32,96
2011-12,PHI,Mid-range,Away,996,395,0,0,790
2011-12,PHI,Mid-range,Home,1099,444,0,0,888
2011-12,PHI,Paint (non-RA),Away,511,223,0,0,446
2011-12,PHI,Paint (non-RA),Home,458,164,0,0,328
2011-12,PHI,Restricted area,Away,781,455,0,0,910
2011-12,PHI,Restricted area,Home,707,441,0,0,882
2011-12,PHX,Above-break 3,Away,483,152,483,152,456
2011-12,PHX,Above-break 3,Home,483,180,483,180,540
2011-12,PHX,Corner 3,Away,173,60,173,60,180
2011-12,PHX,Corner 3,Home,145,52,145,52,156
2011-12,PHX,Mid-range,Away,867,347,0,0,694
2011-12,PHX,Mid-range,Home,905,370,0,0,740
2011-12,PHX,Paint (non-RA),Away,372,148,0,0,296
2011-12,PHX,Paint (non-RA),Home,458,196,0,0,392
2011-12,PHX,Restricted area,Away,831,514,0,0,1028
2011-12,PHX,Restricted area,Home,717,476,0,0,952
2011-12,POR,Above-break 3,Away,452,133,452,133,399
2011-12,POR,Above-break 3,Home,484,175,484,175,525
2011-12,POR,Corner 3,Away,207,81,207,81,243
2011-12,POR,Corner 3,Home,224,89,224,89,267
2011-12,POR,Mid-range,Away,880,342,0,0,684
2011-12,POR,Mid-range,Home,738,297,0,0,594
2011-12,POR,Paint (non-RA),Away,378,152,0,0,304
2011-12,POR,Paint (non-RA),Home,276,105,0,0,210
2011-12,POR,Restricted area,Away,767,451,0,0,902
2011-12,POR,Restricted area,Home,996,577,0,0,1154
2011-12,SAC,Above-break 3,Away,471,142,471,142,426
2011-12,SAC,Above-break 3,Home,457,144,457,144,432
2011-12,SAC,Corner 3,Away,159,48,159,48,144
2011-12,SAC,Corner 3,Home,202,76,202,76,228
2011-12,SAC,Mid-range,Away,697,244,0,0,488
2011-12,SAC,Mid-range,Home,646,236,0,0,472
2011-12,SAC,Paint (non-RA),Away,434,138,0,0,276
2011-12,SAC,Paint (non-RA),Home,527,202,0,0,404
2011-12,SAC,Restricted area,Away,1106,646,0,0,1292
2011-12,SAC,Restricted area,Home,1001,613,0,0,1226
2011-12,SAS,Above-break 3,Away,471,172,471,172,516
2011-12,SAS,Above-break 3,Home,475,190,475,190,570
2011-12,SAS,Corner 3,Away,219,86,219,86,258
2011-12,SAS,Corner 3,Home,234,104,234,104,312
2011-12,SAS,Mid-range,Away,736,305,0,0,610
2011-12,SAS,Mid-range,Home,656,261,0,0,522
2011-12,SAS,Paint (non-RA),Away,507,208,0,0,416
2011-12,SAS,Paint (non-RA),Home,430,178,0,0,356
2011-12,SAS,Restricted area,Away,849,527,0,0,1054
2011-12,SAS,Restricted area,Home,880,580,0,0,1160
2011-12,TOR,Above-break 3,Away,421,145,421,145,435
2011-12,TOR,Above-break 3,Home,377,129,377,129,387
2011-12,TOR,Corner 3,Away,121,41,121,41,123
2011-12,TOR,Corner 3,Home,144,50,144,50,150
2011-12,TOR,Mid-range,Away,932,330,0,0,660
2011-12,TOR,Mid-range,Home,917,351,0,0,702
2011-12,TOR,Paint (non-RA),Away,334,142,0,0,284
2011-12,TOR,Paint (non-RA),Home,328,125,0,0,250
2011-12,TOR,Restricted area,Away,737,444,0,0,888
2011-12,TOR,Restricted area,Home,831,511,0,0,1022
2011-12,UTA,Above-break 3,Away,331,108,331,108,324
2011-12,UTA,Above-break 3,Home,334,110,334,110,330
2011-12,UTA,Corner 3,Away,84,21,84,21,63
2011-12,UTA,Corner 3,Home,84,34,84,34,102
2011-12,UTA,Mid-range,Away,867,304,0,0,608
2011-12,UTA,Mid-range,Home,842,303,0,0,606
2011-12,UTA,Paint (non-RA),Away,536,212,0,0,424
2011-12,UTA,Paint (non-RA),Home,517,212,0,0,424
2011-12,UTA,Restricted area,Away,966,606,0,0,1212
2011-12,UTA,Restricted area,Home,958,613,0,0,1226
2011-12,WAS,Above-break 3,Away,368,108,368,108,324
2011-12,WAS,Above-break 3,Home,372,103,372,103,309
2011-12,WAS,Corner 3,Away,163,71,163,71,213
2011-12,WAS,Corner 3,Home,163,59,163,59,177
2011-12,WAS,Mid-range,Away,873,303,0,0,606
2011-12,WAS,Mid-range,Home,872,347,0,0,694
2011-12,WAS,Paint (non-RA),Away,415,145,0,0,290
2011-12,WAS,Paint (non-RA),Home,429,145,0,0,290
2011-12,WAS,Restricted area,Away,891,539,0,0,1078
2011-12,WAS,Restricted area,Home,920,591,0,0,1182
2012-13,ATL,Above-break 3,Away,707,257,707,257,771
2012-13,ATL,Above-break 3,Home,661,230,661,230,690
2012-13,ATL,Corner 3,Away,223,89,223,89,267
2012-13,ATL,Corner 3,Home,298,130,298,130,390
2012-13,ATL,Mid-range,Away,928,362,0,0,724
2012-13,ATL,Mid-range,Home,837,327,0,0,654
2012-13,ATL,Paint (non-RA),Away,476,180,0,0,360
2012-13,ATL,Paint (non-RA),Home,445,163,0,0,326
2012-13,ATL,Restricted area,Away,979,636,0,0,1272
2012-13,ATL,Restricted area,Home,1078,710,0,0,1420
2012-13,BKN,Above-break 3,Away,544,187,544,187,561
2012-13,BKN,Above-break 3,Home,572,191,572,191,573
2012-13,BKN,Corner 3,Away,330,124,330,124,372
2012-13,BKN,Corner 3,Home,299,126,299,126,378
2012-13,BKN,Mid-range,Away,823,340,0,0,680
2012-13,BKN,Mid-range,Home,731,276,0,0,552
2012-13,BKN,Paint (non-RA),Away,561,226,0,0,452
2012-13,BKN,Paint (non-RA),Home,616,264,0,0,528
2012-13,BKN,Restricted area,Away,993,585,0,0,1170
2012-13,BKN,Restricted area,Home,1060,623,0,0,1246
2012-13,BOS,Above-break 3,Away,453,152,453,152,456
2012-13,BOS,Above-break 3,Home,433,152,433,152,456
2012-13,BOS,Corner 3,Away,258,108,257,107,323
2012-13,BOS,Corner 3,Home,224,87,224,87,261
2012-13,BOS,Mid-range,Away,1123,480,0,0,960
2012-13,BOS,Mid-range,Home,1071,481,0,0,962
2012-13,BOS,Paint (non-RA),Away,457,164,0,0,328
2012-13,BOS,Paint (non-RA),Home,382,162,0,0,324
2012-13,BOS,Restricted area,Away,985,584,0,0,1168
2012-13,BOS,Restricted area,Home,1050,631,0,0,1262
2012-13,CHA,Above-break 3,Away,552,165,552,165,495
2012-13,CHA,Above-break 3,Home,538,187,538,187,561
2012-13,CHA,Corner 3,Away,165,66,165,66,198
2012-13,CHA,Corner 3,Home,129,51,129,51,153
2012-13,CHA,Mid-range,Away,1095,420,0,0,840
2012-13,CHA,Mid-range,Home,933,351,0,0,702
2012-13,CHA,Paint (non-RA),Away,474,156,0,0,312
2012-13,CHA,Paint (non-RA),Home,436,149,0,0,298
2012-13,CHA,Restricted area,Away,1031,569,0,0,1138
2012-13,CHA,Restricted area,Home,1281,709,0,0,1418
2012-13,CHI,Above-break 3,Away,496,166,496,166,498
2012-13,CHI,Above-break 3,Home,465,175,465,175,525
2012-13,CHI,Corner 3,Away,155,54,155,54,162
2012-13,CHI,Corner 3,Home,138,51,138,51,153
2012-13,CHI,Mid-range,Away,1142,425,0,0,850
2012-13,CHI,Mid-range,Home,1163,422,0,0,844
2012-13,CHI,Paint (non-RA),Away,448,168,0,0,336
2012-13,CHI,Paint (non-RA),Home,423,127,0,0,254
2012-13,CHI,Restricted area,Away,1093,664,0,0,1328
2012-13,CHI,Restricted area,Home,1164,674,0,0,1348
2012-13,CLE,Above-break 3,Away,636,224,636,224,672
2012-13,CLE,Above-break 3,Home,586,203,586,203,609
2012-13,CLE,Corner 3,Away,163,53,163,53,159
2012-13,CLE,Corner 3,Home,184,66,184,66,198
2012-13,CLE,Mid-range,Away,998,400,0,0,800
2012-13,CLE,Mid-range,Home,1028,415,0,0,830
2012-13,CLE,Paint (non-RA),Away,536,193,0,0,386
2012-13,CLE,Paint (non-RA),Home,547,200,0,0,400
2012-13,CLE,Restricted area,Away,1108,620,0,0,1240
2012-13,CLE,Restricted area,Home,1103,618,0,0,1236
2012-13,DAL,Above-break 3,Away,617,226,617,226,678
2012-13,DAL,Above-break 3,Home,608,240,608,240,720
2012-13,DAL,Corner 3,Away,182,69,181,68,206
2012-13,DAL,Corner 3,Home,204,72,204,72,216
2012-13,DAL,Mid-range,Away,1098,475,0,0,950
2012-13,DAL,Mid-range,Home,1069,439,0,0,878
2012-13,DAL,Paint (non-RA),Away,610,245,0,0,490
2012-13,DAL,Paint (non-RA),Home,620,280,0,0,560
2012-13,DAL,Restricted area,Away,920,550,0,0,1100
2012-13,DAL,Restricted area,Home,946,586,0,0,1172
2012-13,DEN,Above-break 3,Away,501,170,501,170,510
2012-13,DEN,Above-break 3,Home,461,164,461,164,492
2012-13,DEN,Corner 3,Away,238,73,238,73,219
2012-13,DEN,Corner 3,Home,295,114,295,114,342
2012-13,DEN,Mid-range,Away,625,214,0,0,428
2012-13,DEN,Mid-range,Home,624,224,0,0,448
2012-13,DEN,Paint (non-RA),Away,557,196,0,0,392
2012-13,DEN,Paint (non-RA),Home,465,168,0,0,336
2012-13,DEN,Restricted area,Away,1550,985,0,0,1970
2012-13,DEN,Restricted area,Home,1644,1031,0,0,2062
2012-13,DET,Above-break 3,Away,512,180,512,180,540
2012-13,DET,Above-break 3,Home,510,188,510,188,564
2012-13,DET,Corner 3,Away,201,72,200,71,215
2012-13,DET,Corner 3,Home,202,74,202,74,222
2012-13,DET,Mid-range,Away,786,276,0,0,552
2012-13,DET,Mid-range,Home,779,281,0,0,562
2012-13,DET,Paint (non-RA),Away,499,173,0,0,346
2012-13,DET,Paint (non-RA),Home,463,170,0,0,340
2012-13,DET,Restricted area,Away,1341,764,0,0,1528
2012-13,DET,Restricted area,Home,1329,801,0,0,1602
2012-13,GSW,Above-break 3,Away,605,237,605,237,711
2012-13,GSW,Above-break 3,Home,626,246,626,246,738
2012-13,GSW,Corner 3,Away,210,94,210,94,282
2012-13,GSW,Corner 3,Home,170,80,170,80,240
2012-13,GSW,Mid-range,Away,1140,458,0,0,916
2012-13,GSW,Mid-range,Home,1048,442,0,0,884
2012-13,GSW,Paint (non-RA),Away,533,193,0,0,386
2012-13,GSW,Paint (non-RA),Home,607,240,0,0,480
2012-13,GSW,Restricted area,Away,966,577,0,0,1154
2012-13,GSW,Restricted area,Home,914,562,0,0,1124
2012-13,HOU,Above-break 3,Away,851,296,851,296,888
2012-13,HOU,Above-break 3,Home,810,295,810,295,885
2012-13,HOU,Corner 3,Away,357,142,357,142,426
2012-13,HOU,Corner 3,Home,339,132,339,132,396
2012-13,HOU,Mid-range,Away,507,184,0,0,368
2012-13,HOU,Mid-range,Home,483,178,0,0,356
2012-13,HOU,Paint (non-RA),Away,389,140,0,0,280
2012-13,HOU,Paint (non-RA),Home,406,138,0,0,276
2012-13,HOU,Restricted area,Away,1268,769,0,0,1538
2012-13,HOU,Restricted area,Home,1360,848,0,0,1696
2012-13,IND,Above-break 3,Away,559,182,559,182,546
2012-13,IND,Above-break 3,Home,603,222,603,222,666
2012-13,IND,Corner 3,Away,199,67,199,67,201
2012-13,IND,Corner 3,Home,214,84,214,84,252
2012-13,IND,Mid-range,Away,878,330,0,0,660
2012-13,IND,Mid-range,Home,928,345,0,0,690
2012-13,IND,Paint (non-RA),Away,610,250,0,0,500
2012-13,IND,Paint (non-RA),Home,496,176,0,0,352
2012-13,IND,Restricted area,Away,903,544,0,0,1088
2012-13,IND,Restricted area,Home,1111,645,0,0,1290
2012-13,LAC,Above-break 3,Away,547,183,547,183,549
2012-13,LAC,Above-break 3,Home,593,213,593,213,639
2012-13,LAC,Corner 3,Away,295,107,295,107,321
2012-13,LAC,Corner 3,Home,306,124,306,124,372
2012-13,LAC,Mid-range,Away,883,346,0,0,692
2012-13,LAC,Mid-range,Home,850,345,0,0,690
2012-13,LAC,Paint (non-RA),Away,455,194,0,0,388
2012-13,LAC,Paint (non-RA),Home,473,204,0,0,408
2012-13,LAC,Restricted area,Away,1101,692,0,0,1384
2012-13,LAC,Restricted area,Home,1094,752,0,0,1504
2012-13,LAL,Above-break 3,Away,727,260,727,260,780
2012-13,LAL,Above-break 3,Home,716,251,716,251,753
2012-13,LAL,Corner 3,Away,279,99,279,99,297
2012-13,LAL,Corner 3,Home,268,101,266,101,303
2012-13,LAL,Mid-range,Away,780,305,0,0,610
2012-13,LAL,Mid-range,Home,711,298,0,0,596
2012-13,LAL,Paint (non-RA),Away,490,183,0,0,366
2012-13,LAL,Paint (non-RA),Home,483,190,0,0,380
2012-13,LAL,Restricted area,Away,1030,643,0,0,1286
2012-13,LAL,Restricted area,Home,1129,707,0,0,1414
2012-13,MEM,Above-break 3,Away,376,123,376,123,369
2012-13,MEM,Above-break 3,Home,391,129,391,129,387
2012-13,MEM,Corner 3,Away,174,66,174,66,198
2012-13,MEM,Corner 3,Home,154,64,154,64,192
2012-13,MEM,Mid-range,Away,1036,438,0,0,876
2012-13,MEM,Mid-range,Home,1016,379,0,0,758
2012-13,MEM,Paint (non-RA),Away,553,203,0,0,406
2012-13,MEM,Paint (non-RA),Home,689,285,0,0,570
2012-13,MEM,Restricted area,Away,1122,641,0,0,1282
2012-13,MEM,Restricted area,Home,1156,636,0,0,1272
2012-13,MIA,Above-break 3,Away,559,212,559,212,636
2012-13,MIA,Above-break 3,Home,525,196,525,196,588
2012-13,MIA,Corner 3,Away,368,147,368,147,441
2012-13,MIA,Corner 3,Home,349,162,349,162,486
2012-13,MIA,Mid-range,Away,874,359,0,0,718
2012-13,MIA,Mid-range,Home,863,371,0,0,742
2012-13,MIA,Paint (non-RA),Away,361,143,0,0,286
2012-13,MIA,Paint (non-RA),Home,399,166,0,0,332
2012-13,MIA,Restricted area,Away,1009,675,0,0,1350
2012-13,MIA,Restricted area,Home,1033,717,0,0,1434
2012-13,MIL,Above-break 3,Away,678,237,678,237,711
2012-13,MIL,Above-break 3,Home,572,209,572,209,627
2012-13,MIL,Corner 3,Away,184,72,184,72,216
2012-13,MIL,Corner 3,Home,227,83,226,83,249
2012-13,MIL,Mid-range,Away,1034,367,0,0,734
2012-13,MIL,Mid-range,Home,1020,407,0,0,814
2012-13,MIL,Paint (non-RA),Away,520,183,0,0,366
2012-13,MIL,Paint (non-RA),Home,422,138,0,0,276
2012-13,MIL,Restricted area,Away,1134,670,0,0,1340
2012-13,MIL,Restricted area,Home,1396,762,0,0,1524
2012-13,MIN,Above-break 3,Away,597,171,597,171,513
2012-13,MIN,Above-break 3,Home,524,156,524,156,468
2012-13,MIN,Corner 3,Away,169,68,169,68,204
2012-13,MIN,Corner 3,Home,177,55,175,55,165
2012-13,MIN,Mid-range,Away,1017,416,0,0,832
2012-13,MIN,Mid-range,Home,1021,396,0,0,792
2012-13,MIN,Paint (non-RA),Away,450,143,0,0,286
2012-13,MIN,Paint (non-RA),Home,331,117,0,0,234
2012-13,MIN,Restricted area,Away,1135,684,0,0,1368
2012-13,MIN,Restricted area,Home,1271,737,0,0,1474
2012-13,NOP,Above-break 3,Away,590,211,590,211,633
2012-13,NOP,Above-break 3,Home,602,222,602,222,666
2012-13,NOP,Corner 3,Away,134,55,134,55,165
2012-13,NOP,Corner 3,Home,132,47,132,47,141
2012-13,NOP,Mid-range,Away,869,346,0,0,692
2012-13,NOP,Mid-range,Home,855,334,0,0,668
2012-13,NOP,Paint (non-RA),Away,604,224,0,0,448
2012-13,NOP,Paint (non-RA),Home,514,204,0,0,408
2012-13,NOP,Restricted area,Away,1073,632,0,0,1264
2012-13,NOP,Restricted area,Home,1200,680,0,0,1360
2012-13,NYK,Above-break 3,Away,890,325,890,325,975
2012-13,NYK,Above-break 3,Home,877,347,877,347,1041
2012-13,NYK,Corner 3,Away,257,94,255,93,281
2012-13,NYK,Corner 3,Home,319,124,319,124,372
2012-13,NYK,Mid-range,Away,935,383,0,0,766
2012-13,NYK,Mid-range,Home,833,338,0,0,676
2012-13,NYK,Paint (non-RA),Away,268,86,0,0,172
2012-13,NYK,Paint (non-RA),Home,223,85,0,0,170
2012-13,NYK,Restricted area,Away,989,582,0,0,1164
2012-13,NYK,Restricted area,Home,1068,630,0,0,1260
2012-13,OKC,Above-break 3,Away,611,198,611,198,594
2012-13,OKC,Above-break 3,Home,557,221,557,221,663
2012-13,OKC,Corner 3,Away,215,88,215,88,264
2012-13,OKC,Corner 3,Home,192,89,191,89,267
2012-13,OKC,Mid-range,Away,936,385,0,0,770
2012-13,OKC,Mid-range,Home,940,397,0,0,794
2012-13,OKC,Paint (non-RA),Away,501,199,0,0,398
2012-13,OKC,Paint (non-RA),Home,450,189,0,0,378
2012-13,OKC,Restricted area,Away,974,641,0,0,1282
2012-13,OKC,Restricted area,Home,1114,717,0,0,1434
2012-13,ORL,Above-break 3,Away,569,156,569,156,468
2012-13,ORL,Above-break 3,Home,603,219,603,219,657
2012-13,ORL,Corner 3,Away,177,65,177,65,195
2012-13,ORL,Corner 3,Home,182,66,182,66,198
2012-13,ORL,Mid-range,Away,1082,418,0,0,836
2012-13,ORL,Mid-range,Home,1010,379,0,0,758
2012-13,ORL,Paint (non-RA),Away,570,247,0,0,494
2012-13,ORL,Paint (non-RA),Home,515,220,0,0,440
2012-13,ORL,Restricted area,Away,1070,653,0,0,1306
2012-13,ORL,Restricted area,Home,1120,670,0,0,1340
2012-13,PHI,Above-break 3,Away,497,173,497,173,519
2012-13,PHI,Above-break 3,Home,481,175,481,175,525
2012-13,PHI,Corner 3,Away,204,78,204,78,234
2012-13,PHI,Corner 3,Home,244,92,244,92,276
2012-13,PHI,Mid-range,Away,1196,447,0,0,894
2012-13,PHI,Mid-range,Home,1204,499,0,0,998
2012-13,PHI,Paint (non-RA),Away,527,209,0,0,418
2012-13,PHI,Paint (non-RA),Home,464,176,0,0,352
2012-13,PHI,Restricted area,Away,1000,583,0,0,1166
2012-13,PHI,Restricted area,Home,1066,627,0,0,1254
2012-13,PHX,Above-break 3,Away,524,164,524,164,492
2012-13,PHX,Above-break 3,Home,511,166,511,166,498
2012-13,PHX,Corner 3,Away,185,71,185,71,213
2012-13,PHX,Corner 3,Home,223,79,223,79,237
2012-13,PHX,Mid-range,Away,1204,483,0,0,966
2012-13,PHX,Mid-range,Home,1137,440,0,0,880
2012-13,PHX,Paint (non-RA),Away,481,176,0,0,352
2012-13,PHX,Paint (non-RA),Home,486,154,0,0,308
2012-13,PHX,Restricted area,Away,1037,650,0,0,1300
2012-13,PHX,Restricted area,Home,1117,678,0,0,1356
2012-13,POR,Above-break 3,Away,756,266,756,266,798
2012-13,POR,Above-break 3,Home,669,223,669,223,669
2012-13,POR,Corner 3,Away,217,92,217,92,276
2012-13,POR,Corner 3,Home,247,91,247,91,273
2012-13,POR,Mid-range,Away,1014,409,0,0,818
2012-13,POR,Mid-range,Home,975,394,0,0,788
2012-13,POR,Paint (non-RA),Away,392,138,0,0,276
2012-13,POR,Paint (non-RA),Home,338,144,0,0,288
2012-13,POR,Restricted area,Away,969,582,0,0,1164
2012-13,POR,Restricted area,Home,1123,669,0,0,1338
2012-13,SAC,Above-break 3,Away,615,215,615,215,645
2012-13,SAC,Above-break 3,Home,589,216,589,216,648
2012-13,SAC,Corner 3,Away,211,76,211,76,228
2012-13,SAC,Corner 3,Home,251,102,251,102,306
2012-13,SAC,Mid-range,Away,849,287,0,0,574
2012-13,SAC,Mid-range,Home,840,314,0,0,628
2012-13,SAC,Paint (non-RA),Away,488,174,0,0,348
2012-13,SAC,Paint (non-RA),Home,660,282,0,0,564
2012-13,SAC,Restricted area,Away,1314,743,0,0,1486
2012-13,SAC,Restricted area,Home,1072,676,0,0,1352
2012-13,SAS,Above-break 3,Away,600,219,600,219,657
2012-13,SAS,Above-break 3,Home,517,183,517,183,549
2012-13,SAS,Corner 3,Away,316,120,316,120,360
2012-13,SAS,Corner 3,Home,318,141,318,141,423
2012-13,SAS,Mid-range,Away,838,358,0,0,716
2012-13,SAS,Mid-range,Home,858,360,0,0,720
2012-13,SAS,Paint (non-RA),Away,524,207,0,0,414
2012-13,SAS,Paint (non-RA),Home,454,203,0,0,406
2012-13,SAS,Restricted area,Away,1075,657,0,0,1314
2012-13,SAS,Restricted area,Home,1162,762,0,0,1524
2012-13,TOR,Above-break 3,Away,657,215,657,215,645
2012-13,TOR,Above-break 3,Home,641,229,641,229,687
2012-13,TOR,Corner 3,Away,185,73,185,73,219
2012-13,TOR,Corner 3,Home,171,53,170,53,159
2012-13,TOR,Mid-range,Away,1110,425,0,0,850
2012-13,TOR,Mid-range,Home,1062,405,0,0,810
2012-13,TOR,Paint (non-RA),Away,469,212,0,0,424
2012-13,TOR,Paint (non-RA),Home,501,196,0,0,392
2012-13,TOR,Restricted area,Away,917,569,0,0,1138
2012-13,TOR,Restricted area,Home,960,601,0,0,1202
2012-13,UTA,Above-break 3,Away,522,187,522,187,561
2012-13,UTA,Above-break 3,Home,532,201,532,201,603
2012-13,UTA,Corner 3,Away,168,57,168,57,171
2012-13,UTA,Corner 3,Home,147,62,147,62,186
2012-13,UTA,Mid-range,Away,1060,385,0,0,770
2012-13,UTA,Mid-range,Home,1036,394,0,0,788
2012-13,UTA,Paint (non-RA),Away,568,228,0,0,456
2012-13,UTA,Paint (non-RA),Home,539,210,0,0,420
2012-13,UTA,Restricted area,Away,1078,635,0,0,1270
2012-13,UTA,Restricted area,Home,1044,687,0,0,1374
2012-13,WAS,Above-break 3,Away,508,148,508,148,444
2012-13,WAS,Above-break 3,Home,470,165,470,165,495
2012-13,WAS,Corner 3,Away,271,120,271,120,360
2012-13,WAS,Corner 3,Home,237,112,237,112,336
2012-13,WAS,Mid-range,Away,1132,414,0,0,828
2012-13,WAS,Mid-range,Home,1166,450,0,0,900
2012-13,WAS,Paint (non-RA),Away,551,217,0,0,434
2012-13,WAS,Paint (non-RA),Home,543,221,0,0,442
2012-13,WAS,Restricted area,Away,869,496,0,0,992
2012-13,WAS,Restricted area,Home,937,567,0,0,1134
2013-14,ATL,Above-break 3,Away,781,283,781,283,849
2013-14,ATL,Above-break 3,Home,739,255,739,255,765
2013-14,ATL,Corner 3,Away,291,112,291,112,336
2013-14,ATL,Corner 3,Home,291,117,291,117,351
2013-14,ATL,Mid-range,Away,717,305,0,0,610
2013-14,ATL,Mid-range,Home,770,305,0,0,610
2013-14,ATL,Paint (non-RA),Away,577,246,0,0,492
2013-14,ATL,Paint (non-RA),Home,506,201,0,0,402
2013-14,ATL,Restricted area,Away,982,603,0,0,1206
2013-14,ATL,Restricted area,Home,1020,633,0,0,1266
2013-14,BKN,Above-break 3,Away,738,257,738,257,771
2013-14,BKN,Above-break 3,Home,683,261,683,261,783
2013-14,BKN,Corner 3,Away,228,84,228,84,252
2013-14,BKN,Corner 3,Home,252,106,252,106,318
2013-14,BKN,Mid-range,Away,832,325,0,0,650
2013-14,BKN,Mid-range,Home,761,321,0,0,642
2013-14,BKN,Paint (non-RA),Away,534,222,0,0,444
2013-14,BKN,Paint (non-RA),Home,484,218,0,0,436
2013-14,BKN,Restricted area,Away,917,551,0,0,1102
2013-14,BKN,Restricted area,Home,941,585,0,0,1170
2013-14,BOS,Above-break 3,Away,637,214,637,214,642
2013-14,BOS,Above-break 3,Home,645,194,645,194,582
2013-14,BOS,Corner 3,Away,192,67,191,67,201
2013-14,BOS,Corner 3,Home,239,100,239,100,300
2013-14,BOS,Mid-range,Away,1115,432,0,0,864
2013-14,BOS,Mid-range,Home,1027,440,0,0,880
2013-14,BOS,Paint (non-RA),Away,460,160,0,0,320
2013-14,BOS,Paint (non-RA),Home,454,166,0,0,332
2013-14,BOS,Restricted area,Away,1056,615,0,0,1230
2013-14,BOS,Restricted area,Home,1041,608,0,0,1216
2013-14,CHA,Above-break 3,Away,577,205,577,205,615
2013-14,CHA,Above-break 3,Home,560,193,560,193,579
2013-14,CHA,Corner 3,Away,171,66,171,66,198
2013-14,CHA,Corner 3,Home,143,52,143,52,156
2013-14,CHA,Mid-range,Away,1122,398,0,0,796
2013-14,CHA,Mid-range,Home,1064,406,0,0,812
2013-14,CHA,Paint (non-RA),Away,523,234,0,0,468
2013-14,CHA,Paint (non-RA),Home,413,171,0,0,342
2013-14,CHA,Restricted area,Away,975,593,0,0,1186
2013-14,CHA,Restricted area,Home,1162,658,0,0,1316
2013-14,CHI,Above-break 3,Away,577,197,577,197,591
2013-14,CHI,Above-break 3,Home,528,181,528,181,543
2013-14,CHI,Corner 3,Away,166,68,166,68,204
2013-14,CHI,Corner 3,Home,168,59,168,59,177
2013-14,CHI,Mid-range,Away,1008,380,0,0,760
2013-14,CHI,Mid-range,Home,1090,428,0,0,856
2013-14,CHI,Paint (non-RA),Away,433,153,0,0,306
2013-14,CHI,Paint (non-RA),Home,378,129,0,0,258
2013-14,CHI,Restricted area,Away,1036,596,0,0,1192
2013-14,CHI,Restricted area,Home,1173,649,0,0,1298
2013-14,CLE,Above-break 3,Away,586,209,586,209,627
2013-14,CLE,Above-break 3,Home,605,215,605,215,645
2013-14,CLE,Corner 3,Away,231,84,231,84,252
2013-14,CLE,Corner 3,Home,198,76,198,76,228
2013-14,CLE,Mid-range,Away,1042,424,0,0,848
2013-14,CLE,Mid-range,Home,1096,418,0,0,836
2013-14,CLE,Paint (non-RA),Away,533,213,0,0,426
2013-14,CLE,Paint (non-RA),Home,580,239,0,0,478
2013-14,CLE,Restricted area,Away,1027,576,0,0,1152
2013-14,CLE,Restricted area,Home,1037,582,0,0,1164
2013-14,DAL,Above-break 3,Away,747,277,747,277,831
2013-14,DAL,Above-break 3,Home,730,281,730,281,843
2013-14,DAL,Corner 3,Away,184,84,183,84,252
2013-14,DAL,Corner 3,Home,202,78,202,78,234
2013-14,DAL,Mid-range,Away,981,411,0,0,822
2013-14,DAL,Mid-range,Home,913,400,0,0,800
2013-14,DAL,Paint (non-RA),Away,545,227,0,0,454
2013-14,DAL,Paint (non-RA),Home,541,216,0,0,432
2013-14,DAL,Restricted area,Away,986,616,0,0,1232
2013-14,DAL,Restricted area,Home,1014,658,0,0,1316
2013-14,DEN,Above-break 3,Away,722,234,722,234,702
2013-14,DEN,Above-break 3,Home,726,263,726,263,789
2013-14,DEN,Corner 3,Away,232,106,231,106,318
2013-14,DEN,Corner 3,Home,259,99,259,99,297
2013-14,DEN,Mid-range,Away,736,274,0,0,548
2013-14,DEN,Mid-range,Home,768,273,0,0,546
2013-14,DEN,Paint (non-RA),Away,552,204,0,0,408
2013-14,DEN,Paint (non-RA),Home,544,186,0,0,372
2013-14,DEN,Restricted area,Away,1197,729,0,0,1458
2013-14,DEN,Restricted area,Home,1285,779,0,0,1558
2013-14,DET,Above-break 3,Away,595,186,595,186,558
2013-14,DET,Above-break 3,Home,557,158,557,158,474
2013-14,DET,Corner 3,Away,203,84,203,84,252
2013-14,DET,Corner 3,Home,200,78,200,78,234
2013-14,DET,Mid-range,Away,788,263,0,0,526
2013-14,DET,Mid-range,Home,782,285,0,0,570
2013-14,DET,Paint (non-RA),Away,572,217,0,0,434
2013-14,DET,Paint (non-RA),Home,576,189,0,0,378
2013-14,DET,Restricted area,Away,1431,837,0,0,1674
2013-14,DET,Restricted area,Home,1395,884,0,0,1768
2013-14,GSW,Above-break 3,Away,774,293,774,293,879
2013-14,GSW,Above-break 3,Home,740,275,740,275,825
2013-14,GSW,Corner 3,Away,249,102,249,102,306
2013-14,GSW,Corner 3,Home,253,104,253,104,312
2013-14,GSW,Mid-range,Away,873,360,0,0,720
2013-14,GSW,Mid-range,Home,795,318,0,0,636
2013-14,GSW,Paint (non-RA),Away,544,216,0,0,432
2013-14,GSW,Paint (non-RA),Home,667,273,0,0,546
2013-14,GSW,Restricted area,Away,1036,628,0,0,1256
2013-14,GSW,Restricted area,Home,1053,667,0,0,1334
2013-14,HOU,Above-break 3,Away,807,284,807,284,852
2013-14,HOU,Above-break 3,Home,838,289,838,289,867
2013-14,HOU,Corner 3,Away,248,90,248,90,270
2013-14,HOU,Corner 3,Home,271,111,271,111,333
2013-14,HOU,Mid-range,Away,387,134,0,0,268
2013-14,HOU,Mid-range,Home,341,117,0,0,234
2013-14,HOU,Paint (non-RA),Away,529,220,0,0,440
2013-14,HOU,Paint (non-RA),Home,546,230,0,0,460
2013-14,HOU,Restricted area,Away,1355,823,0,0,1646
2013-14,HOU,Restricted area,Home,1266,815,0,0,1630
2013-14,IND,Above-break 3,Away,593,211,593,211,633
2013-14,IND,Above-break 3,Home,542,178,542,178,534
2013-14,IND,Corner 3,Away,195,84,195,84,252
2013-14,IND,Corner 3,Home,197,77,197,77,231
2013-14,IND,Mid-range,Away,1002,393,0,0,786
2013-14,IND,Mid-range,Home,1029,433,0,0,866
2013-14,IND,Paint (non-RA),Away,578,233,0,0,466
2013-14,IND,Paint (non-RA),Home,512,211,0,0,422
2013-14,IND,Restricted area,Away,919,519,0,0,1038
2013-14,IND,Restricted area,Home,991,610,0,0,1220
2013-14,LAC,Above-break 3,Away,687,235,687,235,705
2013-14,LAC,Above-break 3,Home,670,216,670,216,648
2013-14,LAC,Corner 3,Away,302,121,302,121,363
2013-14,LAC,Corner 3,Home,289,118,289,118,354
2013-14,LAC,Mid-range,Away,994,414,0,0,828
2013-14,LAC,Mid-range,Home,904,380,0,0,760
2013-14,LAC,Paint (non-RA),Away,420,151,0,0,302
2013-14,LAC,Paint (non-RA),Home,389,156,0,0,312
2013-14,LAC,Restricted area,Away,966,645,0,0,1290
2013-14,LAC,Restricted area,Home,1122,769,0,0,1538
2013-14,LAL,Above-break 3,Away,744,289,744,289,867
2013-14,LAL,Above-break 3,Home,767,277,767,277,831
2013-14,LAL,Corner 3,Away,253,98,253,98,294
2013-14,LAL,Corner 3,Home,256,109,256,109,327
2013-14,LAL,Mid-range,Away,907,331,0,0,662
2013-14,LAL,Mid-range,Home,893,351,0,0,702
2013-14,LAL,Paint (non-RA),Away,558,211,0,0,422
2013-14,LAL,Paint (non-RA),Home,555,224,0,0,448
2013-14,LAL,Restricted area,Away,1040,615,0,0,1230
2013-14,LAL,Restricted area,Home,995,633,0,0,1266
2013-14,MEM,Above-break 3,Away,374,130,374,130,390
2013-14,MEM,Above-break 3,Home,431,154,431,154,462
2013-14,MEM,Corner 3,Away,163,54,163,54,162
2013-14,MEM,Corner 3,Home,162,66,162,66,198
2013-14,MEM,Mid-range,Away,1025,398,0,0,796
2013-14,MEM,Mid-range,Home,902,367,0,0,734
2013-14,MEM,Paint (non-RA),Away,727,302,0,0,604
2013-14,MEM,Paint (non-RA),Home,663,279,0,0,558
2013-14,MEM,Restricted area,Away,1078,658,0,0,1316
2013-14,MEM,Restricted area,Home,1181,713,0,0,1426
2013-14,MIA,Above-break 3,Away,605,196,605,196,588
2013-14,MIA,Above-break 3,Home,523,170,523,170,510
2013-14,MIA,Corner 3,Away,341,143,340,143,429
2013-14,MIA,Corner 3,Home,356,155,356,155,465
2013-14,MIA,Mid-range,Away,765,303,0,0,606
2013-14,MIA,Mid-range,Home,734,322,0,0,644
2013-14,MIA,Paint (non-RA),Away,312,146,0,0,292
2013-14,MIA,Paint (non-RA),Home,390,183,0,0,366
2013-14,MIA,Restricted area,Away,1097,738,0,0,1476
2013-14,MIA,Restricted area,Home,1144,785,0,0,1570
2013-14,MIL,Above-break 3,Away,627,220,627,220,660
2013-14,MIL,Above-break 3,Home,617,217,617,217,651
2013-14,MIL,Corner 3,Away,150,58,150,58,174
2013-14,MIL,Corner 3,Home,153,53,152,53,159
2013-14,MIL,Mid-range,Away,949,351,0,0,702
2013-14,MIL,Mid-range,Home,905,366,0,0,732
2013-14,MIL,Paint (non-RA),Away,522,206,0,0,412
2013-14,MIL,Paint (non-RA),Home,456,155,0,0,310
2013-14,MIL,Restricted area,Away,1127,656,0,0,1312
2013-14,MIL,Restricted area,Home,1224,670,0,0,1340
2013-14,MIN,Above-break 3,Away,711,256,711,256,768
2013-14,MIN,Above-break 3,Home,629,209,629,209,627
2013-14,MIN,Corner 3,Away,196,61,196,61,183
2013-14,MIN,Corner 3,Home,205,72,205,72,216
2013-14,MIN,Mid-range,Away,887,296,0,0,592
2013-14,MIN,Mid-range,Home,971,353,0,0,706
2013-14,MIN,Paint (non-RA),Away,488,193,0,0,386
2013-14,MIN,Paint (non-RA),Home,417,160,0,0,320
2013-14,MIN,Restricted area,Away,1290,768,0,0,1536
2013-14,MIN,Restricted area,Home,1365,819,0,0,1638
2013-14,NOP,Above-break 3,Away,483,174,483,174,522
2013-14,NOP,Above-break 3,Home,488,193,488,193,579
2013-14,NOP,Corner 3,Away,159,64,159,64,192
2013-14,NOP,Corner 3,Home,153,55,153,55,165
2013-14,NOP,Mid-range,Away,946,385,0,0,770
2013-14,NOP,Mid-range,Home,875,364,0,0,728
2013-14,NOP,Paint (non-RA),Away,583,228,0,0,456
2013-14,NOP,Paint (non-RA),Home,493,181,0,0,362
2013-14,NOP,Restricted area,Away,1201,683,0,0,1366
2013-14,NOP,Restricted area,Home,1360,774,0,0,1548
2013-14,NYK,Above-break 3,Away,798,289,798,289,867
2013-14,NYK,Above-break 3,Home,790,299,790,299,897
2013-14,NYK,Corner 3,Away,210,84,208,84,252
2013-14,NYK,Corner 3,Home,221,87,221,87,261
2013-14,NYK,Mid-range,Away,1188,468,0,0,936
2013-14,NYK,Mid-range,Home,959,425,0,0,850
2013-14,NYK,Paint (non-RA),Away,329,132,0,0,264
2013-14,NYK,Paint (non-RA),Home,333,115,0,0,230
2013-14,NYK,Restricted area,Away,853,530,0,0,1060
2013-14,NYK,Restricted area,Home,1037,598,0,0,1196
2013-14,OKC,Above-break 3,Away,727,254,727,254,762
2013-14,OKC,Above-break 3,Home,648,253,648,253,759
2013-14,OKC,Corner 3,Away,239,82,239,82,246
2013-14,OKC,Corner 3,Home,208,75,207,75,225
2013-14,OKC,Mid-range,Away,975,404,0,0,808
2013-14,OKC,Mid-range,Home,912,398,0,0,796
2013-14,OKC,Paint (non-RA),Away,474,200,0,0,400
2013-14,OKC,Paint (non-RA),Home,465,186,0,0,372
2013-14,OKC,Restricted area,Away,986,627,0,0,1254
2013-14,OKC,Restricted area,Home,1130,715,0,0,1430
2013-14,ORL,Above-break 3,Away,559,192,559,192,576
2013-14,ORL,Above-break 3,Home,563,206,563,206,618
2013-14,ORL,Corner 3,Away,238,87,238,87,261
2013-14,ORL,Corner 3,Home,220,77,220,77,231
2013-14,ORL,Mid-range,Away,1130,455,0,0,910
2013-14,ORL,Mid-range,Home,1046,441,0,0,882
2013-14,ORL,Paint (non-RA),Away,471,166,0,0,332
2013-14,ORL,Paint (non-RA),Home,479,194,0,0,388
2013-14,ORL,Restricted area,Away,988,553,0,0,1106
2013-14,ORL,Restricted area,Home,1074,650,0,0,1300
2013-14,PHI,Above-break 3,Away,727,215,727,215,645
2013-14,PHI,Above-break 3,Home,738,238,738,238,714
2013-14,PHI,Corner 3,Away,197,67,197,67,201
2013-14,PHI,Corner 3,Home,170,54,170,54,162
2013-14,PHI,Mid-range,Away,669,254,0,0,508
2013-14,PHI,Mid-range,Home,663,247,0,0,494
2013-14,PHI,Paint (non-RA),Away,592,216,0,0,432
2013-14,PHI,Paint (non-RA),Home,491,174,0,0,348
2013-14,PHI,Restricted area,Away,1418,791,0,0,1582
2013-14,PHI,Restricted area,Home,1470,849,0,0,1698
2013-14,PHX,Above-break 3,Away,751,262,751,262,786
2013-14,PHX,Above-break 3,Home,716,272,716,272,816
2013-14,PHX,Corner 3,Away,281,111,281,111,333
2013-14,PHX,Corner 3,Home,289,119,289,119,357
2013-14,PHX,Mid-range,Away,856,348,0,0,696
2013-14,PHX,Mid-range,Home,815,331,0,0,662
2013-14,PHX,Paint (non-RA),Away,467,176,0,0,352
2013-14,PHX,Paint (non-RA),Home,464,182,0,0,364
2013-14,PHX,Restricted area,Away,1066,645,0,0,1290
2013-14,PHX,Restricted area,Home,1122,725,0,0,1450
2013-14,POR,Above-break 3,Away,794,297,794,297,891
2013-14,POR,Above-break 3,Home,727,265,727,265,795
2013-14,POR,Corner 3,Away,252,99,251,99,297
2013-14,POR,Corner 3,Home,290,109,289,109,327
2013-14,POR,Mid-range,Away,1081,441,0,0,882
2013-14,POR,Mid-range,Home,1086,451,0,0,902
2013-14,POR,Paint (non-RA),Away,476,172,0,0,344
2013-14,POR,Paint (non-RA),Home,397,151,0,0,302
2013-14,POR,Restricted area,Away,957,562,0,0,1124
2013-14,POR,Restricted area,Home,1064,660,0,0,1320
2013-14,SAC,Above-break 3,Away,569,183,569,183,549
2013-14,SAC,Above-break 3,Home,590,193,590,193,579
2013-14,SAC,Corner 3,Away,131,49,131,49,147
2013-14,SAC,Corner 3,Home,177,65,177,65,195
2013-14,SAC,Mid-range,Away,941,352,0,0,704
2013-14,SAC,Mid-range,Home,938,380,0,0,760
2013-14,SAC,Paint (non-RA),Away,581,216,0,0,432
2013-14,SAC,Paint (non-RA),Home,742,290,0,0,580
2013-14,SAC,Restricted area,Away,1179,698,0,0,1396
2013-14,SAC,Restricted area,Home,910,599,0,0,1198
2013-14,SAS,Above-break 3,Away,607,227,607,227,681
2013-14,SAS,Above-break 3,Home,603,252,603,252,756
2013-14,SAS,Corner 3,Away,258,100,258,100,300
2013-14,SAS,Corner 3,Home,277,119,277,119,357
2013-14,SAS,Mid-range,Away,945,378,0,0,756
2013-14,SAS,Mid-range,Home,902,367,0,0,734
2013-14,SAS,Paint (non-RA),Away,556,239,0,0,478
2013-14,SAS,Paint (non-RA),Home,471,211,0,0,422
2013-14,SAS,Restricted area,Away,1087,698,0,0,1396
2013-14,SAS,Restricted area,Home,1126,735,0,0,1470
2013-14,TOR,Above-break 3,Away,658,228,658,228,684
2013-14,TOR,Above-break 3,Home,717,274,717,274,822
2013-14,TOR,Corner 3,Away,259,109,259,109,327
2013-14,TOR,Corner 3,Home,269,100,269,100,300
2013-14,TOR,Mid-range,Away,906,349,0,0,698
2013-14,TOR,Mid-range,Home,908,337,0,0,674
2013-14,TOR,Paint (non-RA),Away,592,236,0,0,472
2013-14,TOR,Paint (non-RA),Home,544,233,0,0,466
2013-14,TOR,Restricted area,Away,923,563,0,0,1126
2013-14,TOR,Restricted area,Home,928,561,0,0,1122
2013-14,UTA,Above-break 3,Away,572,188,572,188,564
2013-14,UTA,Above-break 3,Home,586,203,586,203,609
2013-14,UTA,Corner 3,Away,224,90,224,90,270
2013-14,UTA,Corner 3,Home,172,62,172,62,186
2013-14,UTA,Mid-range,Away,955,355,0,0,710
2013-14,UTA,Mid-range,Home,950,350,0,0,700
2013-14,UTA,Paint (non-RA),Away,520,196,0,0,392
2013-14,UTA,Paint (non-RA),Home,544,202,0,0,404
2013-14,UTA,Restricted area,Away,1075,623,0,0,1246
2013-14,UTA,Restricted area,Home,1031,682,0,0,1364
2013-14,WAS,Above-break 3,Away,590,234,590,234,702
2013-14,WAS,Above-break 3,Home,566,197,566,197,591
2013-14,WAS,Corner 3,Away,299,122,298,122,366
2013-14,WAS,Corner 3,Home,234,93,234,93,279
2013-14,WAS,Mid-range,Away,1166,443,0,0,886
2013-14,WAS,Mid-range,Home,1033,395,0,0,790
2013-14,WAS,Paint (non-RA),Away,412,148,0,0,296
2013-14,WAS,Paint (non-RA),Home,497,189,0,0,378
2013-14,WAS,Restricted area,Away,1027,645,0,0,1290
2013-14,WAS,Restricted area,Home,1080,710,0,0,1420
2014-15,ATL,Above-break 3,Away,751,274,751,274,822
2014-15,ATL,Above-break 3,Home,797,291,797,291,873
2014-15,ATL,Corner 3,Away,305,126,305,126,378
2014-15,ATL,Corner 3,Home,296,127,296,127,381
2014-15,ATL,Mid-range,Away,740,293,0,0,586
2014-15,ATL,Mid-range,Home,698,312,0,0,624
2014-15,ATL,Paint (non-RA),Away,502,198,0,0,396
2014-15,ATL,Paint (non-RA),Home,454,193,0,0,386
2014-15,ATL,Restricted area,Away,1083,652,0,0,1304
2014-15,ATL,Restricted area,Home,1070,655,0,0,1310
2014-15,BKN,Above-break 3,Away,571,185,571,185,555
2014-15,BKN,Above-break 3,Home,565,175,565,175,525
2014-15,BKN,Corner 3,Away,221,79,221,79,237
2014-15,BKN,Corner 3,Home,252,102,252,102,306
2014-15,BKN,Mid-range,Away,841,337,0,0,674
2014-15,BKN,Mid-range,Home,857,342,0,0,684
2014-15,BKN,Paint (non-RA),Away,708,322,0,0,644
2014-15,BKN,Paint (non-RA),Home,711,316,0,0,632
2014-15,BKN,Restricted area,Away,1015,603,0,0,1206
2014-15,BKN,Restricted area,Home,1039,608,0,0,1216
2014-15,BOS,Above-break 3,Away,788,244,788,244,732
2014-15,BOS,Above-break 3,Home,785,256,785,256,768
2014-15,BOS,Corner 3,Away,218,81,218,81,243
2014-15,BOS,Corner 3,Home,212,79,212,79,237
2014-15,BOS,Mid-range,Away,1030,439,0,0,878
2014-15,BOS,Mid-range,Home,965,381,0,0,762
2014-15,BOS,Paint (non-RA),Away,471,194,0,0,388
2014-15,BOS,Paint (non-RA),Home,491,183,0,0,366
2014-15,BOS,Restricted area,Away,1067,632,0,0,1264
2014-15,BOS,Restricted area,Home,1166,704,0,0,1408
2014-15,CHA,Above-break 3,Away,610,188,610,188,564
2014-15,CHA,Above-break 3,Home,658,200,658,200,600
2014-15,CHA,Corner 3,Away,145,54,145,54,162
2014-15,CHA,Corner 3,Home,137,56,137,56,168
2014-15,CHA,Mid-range,Away,1243,473,0,0,946
2014-15,CHA,Mid-range,Home,1101,445,0,0,890
2014-15,CHA,Paint (non-RA),Away,533,212,0,0,424
2014-15,CHA,Paint (non-RA),Home,517,196,0,0,392
2014-15,CHA,Restricted area,Away,893,519,0,0,1038
2014-15,CHA,Restricted area,Home,1079,570,0,0,1140
2014-15,CHI,Above-break 3,Away,700,245,700,245,735
2014-15,CHI,Above-break 3,Home,701,238,701,238,714
2014-15,CHI,Corner 3,Away,212,87,211,86,260
2014-15,CHI,Corner 3,Home,195,74,195,74,222
2014-15,CHI,Mid-range,Away,877,344,0,0,688
2014-15,CHI,Mid-range,Home,823,328,0,0,656
2014-15,CHI,Paint (non-RA),Away,492,185,0,0,370
2014-15,CHI,Paint (non-RA),Home,424,176,0,0,352
2014-15,CHI,Restricted area,Away,1040,615,0,0,1230
2014-15,CHI,Restricted area,Home,1315,707,0,0,1414
2014-15,CLE,Above-break 3,Away,802,282,802,282,846
2014-15,CLE,Above-break 3,Home,783,298,783,298,894
2014-15,CLE,Corner 3,Away,365,121,364,121,363
2014-15,CLE,Corner 3,Home,300,123,300,123,369
2014-15,CLE,Mid-range,Away,697,289,0,0,578
2014-15,CLE,Mid-range,Home,706,294,0,0,588
2014-15,CLE,Paint (non-RA),Away,423,163,0,0,326
2014-15,CLE,Paint (non-RA),Home,502,179,0,0,358
2014-15,CLE,Restricted area,Away,1121,674,0,0,1348
2014-15,CLE,Restricted area,Home,1036,664,0,0,1328
2014-15,DAL,Above-break 3,Away,822,287,822,287,861
2014-15,DAL,Above-break 3,Home,761,251,761,251,753
2014-15,DAL,Corner 3,Away,235,91,234,91,273
2014-15,DAL,Corner 3,Home,255,102,255,102,306
2014-15,DAL,Mid-range,Away,966,418,0,0,836
2014-15,DAL,Mid-range,Home,876,354,0,0,708
2014-15,DAL,Paint (non-RA),Away,431,154,0,0,308
2014-15,DAL,Paint (non-RA),Home,438,186,0,0,372
2014-15,DAL,Restricted area,Away,1121,674,0,0,1348
2014-15,DAL,Restricted area,Home,1121,737,0,0,1474
2014-15,DEN,Above-break 3,Away,764,231,764,231,693
2014-15,DEN,Above-break 3,Home,754,262,754,262,786
2014-15,DEN,Corner 3,Away,236,84,235,83,251
2014-15,DEN,Corner 3,Home,257,83,257,83,249
2014-15,DEN,Mid-range,Away,799,294,0,0,588
2014-15,DEN,Mid-range,Home,790,302,0,0,604
2014-15,DEN,Paint (non-RA),Away,605,233,0,0,466
2014-15,DEN,Paint (non-RA),Home,516,181,0,0,362
2014-15,DEN,Restricted area,Away,1175,699,0,0,1398
2014-15,DEN,Restricted area,Home,1240,729,0,0,1458
2014-15,DET,Above-break 3,Away,730,229,730,229,687
2014-15,DET,Above-break 3,Home,778,272,778,272,816
2014-15,DET,Corner 3,Away,255,95,255,95,285
2014-15,DET,Corner 3,Home,260,107,260,107,321
2014-15,DET,Mid-range,Away,733,269,0,0,538
2014-15,DET,Mid-range,Home,586,234,0,0,468
2014-15,DET,Paint (non-RA),Away,546,195,0,0,390
2014-15,DET,Paint (non-RA),Home,640,221,0,0,442
2014-15,DET,Restricted area,Away,1262,711,0,0,1422
2014-15,DET,Restricted area,Home,1228,708,0,0,1416
2014-15,GSW,Above-break 3,Away,812,306,812,306,918
2014-15,GSW,Above-break 3,Home,874,347,874,347,1041
2014-15,GSW,Corner 3,Away,261,109,261,109,327
2014-15,GSW,Corner 3,Home,247,121,247,121,363
2014-15,GSW,Mid-range,Away,834,313,0,0,626
2014-15,GSW,Mid-range,Home,809,358,0,0,716
2014-15,GSW,Paint (non-RA),Away,494,190,0,0,380
2014-15,GSW,Paint (non-RA),Home,549,218,0,0,436
2014-15,GSW,Restricted area,Away,1169,731,0,0,1462
2014-15,GSW,Restricted area,Home,1065,717,0,0,1434
2014-15,HOU,Above-break 3,Away,871,274,871,274,822
2014-15,HOU,Above-break 3,Home,894,307,894,307,921
2014-15,HOU,Corner 3,Away,448,179,448,179,537
2014-15,HOU,Corner 3,Home,451,173,450,173,519
2014-15,HOU,Mid-range,Away,380,126,0,0,252
2014-15,HOU,Mid-range,Home,351,117,0,0,234
2014-15,HOU,Paint (non-RA),Away,532,225,0,0,450
2014-15,HOU,Paint (non-RA),Home,522,203,0,0,406
2014-15,HOU,Restricted area,Away,1195,727,0,0,1454
2014-15,HOU,Restricted area,Home,1171,701,0,0,1402
2014-15,IND,Above-break 3,Away,645,219,645,219,657
2014-15,IND,Above-break 3,Home,606,212,606,212,636
2014-15,IND,Corner 3,Away,234,84,234,84,252
2014-15,IND,Corner 3,Home,238,97,238,97,291
2014-15,IND,Mid-range,Away,1057,417,0,0,834
2014-15,IND,Mid-range,Home,1096,447,0,0,894
2014-15,IND,Paint (non-RA),Away,555,211,0,0,422
2014-15,IND,Paint (non-RA),Home,486,221,0,0,442
2014-15,IND,Restricted area,Away,903,539,0,0,1078
2014-15,IND,Restricted area,Home,987,551,0,0,1102
2014-15,LAC,Above-break 3,Away,820,302,820,302,906
2014-15,LAC,Above-break 3,Home,771,287,771,287,861
2014-15,LAC,Corner 3,Away,297,123,297,123,369
2014-15,LAC,Corner 3,Home,301,114,301,114,342
2014-15,LAC,Mid-range,Away,1004,444,0,0,888
2014-15,LAC,Mid-range,Home,996,423,0,0,846
2014-15,LAC,Paint (non-RA),Away,445,192,0,0,384
2014-15,LAC,Paint (non-RA),Home,336,140,0,0,280
2014-15,LAC,Restricted area,Away,879,579,0,0,1158
2014-15,LAC,Restricted area,Home,968,623,0,0,1246
2014-15,LAL,Above-break 3,Away,634,226,634,226,678
2014-15,LAL,Above-break 3,Home,614,191,614,191,573
2014-15,LAL,Corner 3,Away,136,60,136,60,180
2014-15,LAL,Corner 3,Home,155,55,155,55,165
2014-15,LAL,Mid-range,Away,1275,453,0,0,906
2014-15,LAL,Mid-range,Home,1117,428,0,0,856
2014-15,LAL,Paint (non-RA),Away,501,180,0,0,360
2014-15,LAL,Paint (non-RA),Home,467,173,0,0,346
2014-15,LAL,Restricted area,Away,987,605,0,0,1210
2014-15,LAL,Restricted area,Home,1127,683,0,0,1366
2014-15,MEM,Above-break 3,Away,461,151,461,151,453
2014-15,MEM,Above-break 3,Home,430,143,430,143,429
2014-15,MEM,Corner 3,Away,160,56,159,56,168
2014-15,MEM,Corner 3,Home,175,71,175,71,213
2014-15,MEM,Mid-range,Away,938,369,0,0,738
2014-15,MEM,Mid-range,Home,930,372,0,0,744
2014-15,MEM,Paint (non-RA),Away,686,267,0,0,534
2014-15,MEM,Paint (non-RA),Home,686,279,0,0,558
2014-15,MEM,Restricted area,Away,1093,688,0,0,1376
2014-15,MEM,Restricted area,Home,1183,699,0,0,1398
2014-15,MIA,Above-break 3,Away,598,178,598,178,534
2014-15,MIA,Above-break 3,Home,502,175,502,175,525
2014-15,MIA,Corner 3,Away,247,97,247,97,291
2014-15,MIA,Corner 3,Home,294,105,294,105,315
2014-15,MIA,Mid-range,Away,888,358,0,0,716
2014-15,MIA,Mid-range,Home,888,347,0,0,694
2014-15,MIA,Paint (non-RA),Away,398,166,0,0,332
2014-15,MIA,Paint (non-RA),Home,474,210,0,0,420
2014-15,MIA,Restricted area,Away,1042,627,1,0,1254
2014-15,MIA,Restricted area,Home,982,621,0,0,1242
2014-15,MIL,Above-break 3,Away,532,185,532,185,555
2014-15,MIL,Above-break 3,Home,471,163,471,163,489
2014-15,MIL,Corner 3,Away,229,82,229,82,246
2014-15,MIL,Corner 3,Home,264,115,264,115,345
2014-15,MIL,Mid-range,Away,996,374,0,0,748
2014-15,MIL,Mid-range,Home,924,408,0,0,816
2014-15,MIL,Paint (non-RA),Away,495,207,0,0,414
2014-15,MIL,Paint (non-RA),Home,361,113,0,0,226
2014-15,MIL,Restricted area,Away,1142,696,0,0,1392
2014-15,MIL,Restricted area,Home,1304,740,0,0,1480
2014-15,MIN,Above-break 3,Away,474,160,474,160,480
2014-15,MIN,Above-break 3,Home,459,144,459,144,432
2014-15,MIN,Corner 3,Away,144,53,144,53,159
2014-15,MIN,Corner 3,Home,133,48,133,48,144
2014-15,MIN,Mid-range,Away,1115,406,0,0,812
2014-15,MIN,Mid-range,Home,1255,480,0,0,960
2014-15,MIN,Paint (non-RA),Away,546,204,0,0,408
2014-15,MIN,Paint (non-RA),Home,527,201,0,0,402
2014-15,MIN,Restricted area,Away,1120,673,0,0,1346
2014-15,MIN,Restricted area,Home,1034,616,0,0,1232
2014-15,NOP,Above-break 3,Away,611,215,611,215,645
2014-15,NOP,Above-break 3,Home,565,210,565,210,630
2014-15,NOP,Corner 3,Away,194,80,194,80,240
2014-15,NOP,Corner 3,Home,194,80,194,80,240
2014-15,NOP,Mid-range,Away,841,353,0,0,706
2014-15,NOP,Mid-range,Home,847,325,0,0,650
2014-15,NOP,Paint (non-RA),Away,520,193,0,0,386
2014-15,NOP,Paint (non-RA),Home,359,151,0,0,302
2014-15,NOP,Restricted area,Away,1208,673,0,0,1346
2014-15,NOP,Restricted area,Home,1437,827,0,0,1654
2014-15,NYK,Above-break 3,Away,632,234,632,234,702
2014-15,NYK,Above-break 3,Home,656,215,656,215,645
2014-15,NYK,Corner 3,Away,142,54,142,54,162
2014-15,NYK,Corner 3,Home,168,56,168,56,168
2014-15,NYK,Mid-range,Away,1222,474,0,0,948
2014-15,NYK,Mid-range,Home,1167,480,0,0,960
2014-15,NYK,Paint (non-RA),Away,449,174,0,0,348
2014-15,NYK,Paint (non-RA),Home,432,160,0,0,320
2014-15,NYK,Restricted area,Away,890,497,0,0,994
2014-15,NYK,Restricted area,Home,952,537,0,0,1074
2014-15,OKC,Above-break 3,Away,695,222,695,222,666
2014-15,OKC,Above-break 3,Home,687,232,687,232,696
2014-15,OKC,Corner 3,Away,223,86,223,86,258
2014-15,OKC,Corner 3,Home,245,91,244,91,273
2014-15,OKC,Mid-range,Away,929,351,0,0,702
2014-15,OKC,Mid-range,Home,876,359,0,0,718
2014-15,OKC,Paint (non-RA),Away,527,205,0,0,410
2014-15,OKC,Paint (non-RA),Home,536,230,0,0,460
2014-15,OKC,Restricted area,Away,1146,687,0,0,1374
2014-15,OKC,Restricted area,Home,1240,720,0,0,1440
2014-15,ORL,Above-break 3,Away,588,197,588,197,591
2014-15,ORL,Above-break 3,Home,571,198,571,198,594
2014-15,ORL,Corner 3,Away,205,81,204,81,243
2014-15,ORL,Corner 3,Home,224,78,224,78,234
2014-15,ORL,Mid-range,Away,844,346,0,0,692
2014-15,ORL,Mid-range,Home,818,326,0,0,652
2014-15,ORL,Paint (non-RA),Away,597,215,0,0,430
2014-15,ORL,Paint (non-RA),Home,593,251,0,0,502
2014-15,ORL,Restricted area,Away,1139,687,0,0,1374
2014-15,ORL,Restricted area,Home,1202,697,0,0,1394
2014-15,PHI,Above-break 3,Away,843,266,843,266,798
2014-15,PHI,Above-break 3,Home,891,287,891,287,861
2014-15,PHI,Corner 3,Away,225,78,225,78,234
2014-15,PHI,Corner 3,Home,182,61,182,61,183
2014-15,PHI,Mid-range,Away,597,186,0,0,372
2014-15,PHI,Mid-range,Home,628,214,0,0,428
2014-15,PHI,Paint (non-RA),Away,474,148,0,0,296
2014-15,PHI,Paint (non-RA),Home,437,131,0,0,262
2014-15,PHI,Restricted area,Away,1226,662,0,0,1324
2014-15,PHI,Restricted area,Home,1255,732,0,0,1464
2014-15,PHX,Above-break 3,Away,728,230,728,230,690
2014-15,PHX,Above-break 3,Home,684,244,684,244,732
2014-15,PHX,Corner 3,Away,283,104,283,104,312
2014-15,PHX,Corner 3,Home,335,119,335,119,357
2014-15,PHX,Mid-range,Away,956,387,0,0,774
2014-15,PHX,Mid-range,Home,872,339,0,0,678
2014-15,PHX,Paint (non-RA),Away,450,178,0,0,356
2014-15,PHX,Paint (non-RA),Home,452,174,0,0,348
2014-15,PHX,Restricted area,Away,1152,690,0,0,1380
2014-15,PHX,Restricted area,Home,1108,712,0,0,1424
2014-15,POR,Above-break 3,Away,836,294,836,294,882
2014-15,POR,Above-break 3,Home,810,289,810,289,867
2014-15,POR,Corner 3,Away,254,95,254,95,285
2014-15,POR,Corner 3,Home,314,126,314,126,378
2014-15,POR,Mid-range,Away,1051,415,0,0,830
2014-15,POR,Mid-range,Home,993,400,0,0,800
2014-15,POR,Paint (non-RA),Away,425,183,0,0,366
2014-15,POR,Paint (non-RA),Home,415,164,0,0,328
2014-15,POR,Restricted area,Away,938,594,0,0,1188
2014-15,POR,Restricted area,Home,996,612,0,0,1224
2014-15,SAC,Above-break 3,Away,485,163,485,163,489
2014-15,SAC,Above-break 3,Home,445,147,445,147,441
2014-15,SAC,Corner 3,Away,199,80,199,80,240
2014-15,SAC,Corner 3,Home,209,71,209,71,213
2014-15,SAC,Mid-range,Away,835,333,0,0,666
2014-15,SAC,Mid-range,Home,906,367,0,0,734
2014-15,SAC,Paint (non-RA),Away,461,153,0,0,306
2014-15,SAC,Paint (non-RA),Home,691,261,0,0,522
2014-15,SAC,Restricted area,Away,1302,752,0,0,1504
2014-15,SAC,Restricted area,Home,1072,683,0,0,1366
2014-15,SAS,Above-break 3,Away,627,204,627,204,612
2014-15,SAS,Above-break 3,Home,667,245,667,245,735
2014-15,SAS,Corner 3,Away,250,97,250,97,291
2014-15,SAS,Corner 3,Home,291,131,291,131,393
2014-15,SAS,Mid-range,Away,863,326,0,0,652
2014-15,SAS,Mid-range,Home,827,360,0,0,720
2014-15,SAS,Paint (non-RA),Away,652,278,0,0,556
2014-15,SAS,Paint (non-RA),Home,546,255,0,0,510
2014-15,SAS,Restricted area,Away,1039,635,0,0,1270
2014-15,SAS,Restricted area,Home,1080,677,0,0,1354
2014-15,TOR,Above-break 3,Away,757,258,757,258,774
2014-15,TOR,Above-break 3,Home,731,242,731,242,726
2014-15,TOR,Corner 3,Away,272,98,272,98,294
2014-15,TOR,Corner 3,Home,289,128,289,128,384
2014-15,TOR,Mid-range,Away,844,327,0,0,654
2014-15,TOR,Mid-range,Home,745,293,0,0,586
2014-15,TOR,Paint (non-RA),Away,577,257,0,0,514
2014-15,TOR,Paint (non-RA),Home,592,258,0,0,516
2014-15,TOR,Restricted area,Away,1041,635,0,0,1270
2014-15,TOR,Restricted area,Home,970,612,0,0,1224
2014-15,UTA,Above-break 3,Away,609,211,609,211,633
2014-15,UTA,Above-break 3,Home,652,210,652,210,630
2014-15,UTA,Corner 3,Away,242,89,242,89,267
2014-15,UTA,Corner 3,Home,259,99,259,99,297
2014-15,UTA,Mid-range,Away,817,302,0,0,604
2014-15,UTA,Mid-range,Home,746,282,0,0,564
2014-15,UTA,Paint (non-RA),Away,467,161,0,0,322
2014-15,UTA,Paint (non-RA),Home,479,156,1,0,312
2014-15,UTA,Restricted area,Away,1061,659,0,0,1318
2014-15,UTA,Restricted area,Home,1142,730,0,0,1460
2014-15,WAS,Above-break 3,Away,479,163,479,163,489
2014-15,WAS,Above-break 3,Home,498,190,498,190,570
2014-15,WAS,Corner 3,Away,203,68,203,68,204
2014-15,WAS,Corner 3,Home,189,76,189,76,228
2014-15,WAS,Mid-range,Away,1213,492,0,0,984
2014-15,WAS,Mid-range,Home,1158,449,0,0,898
2014-15,WAS,Paint (non-RA),Away,457,185,0,0,370
2014-15,WAS,Paint (non-RA),Home,465,168,0,0,336
2014-15,WAS,Restricted area,Away,1017,619,0,0,1238
2014-15,WAS,Restricted area,Home,1099,729,0,0,1458
2015-16,ATL,Above-break 3,Away,860,284,860,284,852
2015-16,ATL,Above-break 3,Home,876,320,875,320,960
2015-16,ATL,Corner 3,Away,281,110,279,108,328
2015-16,ATL,Corner 3,Home,297,100,297,100,300
2015-16,ATL,Mid-range,Away,671,292,0,0,584
2015-16,ATL,Mid-range,Home,695,281,0,0,562
2015-16,ATL,Paint (non-RA),Away,423,159,0,0,318
2015-16,ATL,Paint (non-RA),Home,383,158,0,0,316
2015-16,ATL,Restricted area,Away,1202,695,0,0,1390
2015-16,ATL,Restricted area,Home,1220,766,0,0,1532
2015-16,BKN,Above-break 3,Away,494,162,494,162,486
2015-16,BKN,Above-break 3,Home,527,185,527,185,555
2015-16,BKN,Corner 3,Away,225,83,225,83,249
2015-16,BKN,Corner 3,Home,247,100,247,100,300
2015-16,BKN,Mid-range,Away,924,352,0,0,704
2015-16,BKN,Mid-range,Home,911,360,0,0,720
2015-16,BKN,Paint (non-RA),Away,714,305,0,0,610
2015-16,BKN,Paint (non-RA),Home,675,297,0,0,594
2015-16,BKN,Restricted area,Away,1157,658,0,0,1316
2015-16,BKN,Restricted area,Home,1031,633,0,0,1266
2015-16,BOS,Above-break 3,Away,817,276,817,276,828
2015-16,BOS,Above-break 3,Home,802,263,802,263,789
2015-16,BOS,Corner 3,Away,266,96,266,96,288
2015-16,BOS,Corner 3,Home,243,82,243,82,246
2015-16,BOS,Mid-range,Away,847,338,0,0,676
2015-16,BOS,Mid-range,Home,820,279,0,0,558
2015-16,BOS,Paint (non-RA),Away,537,204,0,0,408
2015-16,BOS,Paint (non-RA),Home,465,169,0,0,338
2015-16,BOS,Restricted area,Away,1134,688,0,0,1376
2015-16,BOS,Restricted area,Home,1373,821,0,0,1642
2015-16,CHA,Above-break 3,Away,973,348,973,348,1044
2015-16,CHA,Above-break 3,Home,1002,349,1002,349,1047
2015-16,CHA,Corner 3,Away,232,89,232,89,267
2015-16,CHA,Corner 3,Home,193,86,193,86,258
2015-16,CHA,Mid-range,Away,823,315,0,0,630
2015-16,CHA,Mid-range,Home,768,308,0,0,616
2015-16,CHA,Paint (non-RA),Away,472,199,0,0,398
2015-16,CHA,Paint (non-RA),Home,421,164,0,0,328
2015-16,CHA,Restricted area,Away,963,547,0,0,1094
2015-16,CHA,Restricted area,Home,1065,630,0,0,1260
2015-16,CHI,Above-break 3,Away,653,242,653,242,726
2015-16,CHI,Above-break 3,Home,684,248,684,248,744
2015-16,CHI,Corner 3,Away,215,86,214,86,258
2015-16,CHI,Corner 3,Home,186,74,186,74,222
2015-16,CHI,Mid-range,Away,1032,418,0,0,836
2015-16,CHI,Mid-range,Home,1040,415,0,0,830
2015-16,CHI,Paint (non-RA),Away,539,195,0,0,390
2015-16,CHI,Paint (non-RA),Home,488,198,0,0,396
2015-16,CHI,Restricted area,Away,1106,638,0,0,1276
2015-16,CHI,Restricted area,Home,1211,650,0,0,1300
2015-16,CLE,Above-break 3,Away,914,325,914,325,975
2015-16,CLE,Above-break 3,Home,842,291,842,291,873
2015-16,CLE,Corner 3,Away,327,120,327,120,360
2015-16,CLE,Corner 3,Home,335,141,335,141,423
2015-16,CLE,Mid-range,Away,724,299,0,0,598
2015-16,CLE,Mid-range,Home,743,311,0,0,622
2015-16,CLE,Paint (non-RA),Away,444,172,0,0,344
2015-16,CLE,Paint (non-RA),Home,494,200,0,0,400
2015-16,CLE,Restricted area,Away,1001,625,0,0,1250
2015-16,CLE,Restricted area,Home,1054,684,0,0,1368
2015-16,DAL,Above-break 3,Away,941,310,941,310,930
2015-16,DAL,Above-break 3,Home,862,293,862,293,879
2015-16,DAL,Corner 3,Away,250,97,250,97,291
2015-16,DAL,Corner 3,Home,269,104,269,104,312
2015-16,DAL,Mid-range,Away,872,356,0,0,712
2015-16,DAL,Mid-range,Home,863,344,1,0,688
2015-16,DAL,Paint (non-RA),Away,429,166,0,0,332
2015-16,DAL,Paint (non-RA),Home,524,231,0,0,462
2015-16,DAL,Restricted area,Away,964,583,0,0,1166
2015-16,DAL,Restricted area,Home,907,578,0,0,1156
2015-16,DEN,Above-break 3,Away,767,267,767,267,801
2015-16,DEN,Above-break 3,Home,734,241,734,241,723
2015-16,DEN,Corner 3,Away,200,62,199,62,186
2015-16,DEN,Corner 3,Home,224,83,224,83,249
2015-16,DEN,Mid-range,Away,786,298,0,0,596
2015-16,DEN,Mid-range,Home,668,259,0,0,518
2015-16,DEN,Paint (non-RA),Away,529,207,0,0,414
2015-16,DEN,Paint (non-RA),Home,394,147,0,0,294
2015-16,DEN,Restricted area,Away,1253,721,0,0,1442
2015-16,DEN,Restricted area,Home,1429,805,0,0,1610
2015-16,DET,Above-break 3,Away,799,266,799,266,798
2015-16,DET,Above-break 3,Home,744,263,744,263,789
2015-16,DET,Corner 3,Away,283,103,283,103,309
2015-16,DET,Corner 3,Home,288,107,288,107,321
2015-16,DET,Mid-range,Away,767,293,0,0,586
2015-16,DET,Mid-range,Home,711,295,0,0,590
2015-16,DET,Paint (non-RA),Away,575,256,0,0,512
2015-16,DET,Paint (non-RA),Home,654,214,0,0,428
2015-16,DET,Restricted area,Away,1089,596,0,0,1192
2015-16,DET,Restricted area,Home,1141,716,0,0,1432
2015-16,GSW,Above-break 3,Away,962,398,962,398,1194
2015-16,GSW,Above-break 3,Home,994,422,994,422,1266
2015-16,GSW,Corner 3,Away,331,141,330,141,423
2015-16,GSW,Corner 3,Home,279,111,279,111,333
2015-16,GSW,Mid-range,Away,715,305,1,0,610
2015-16,GSW,Mid-range,Home,627,277,0,0,554
2015-16,GSW,Paint (non-RA),Away,399,146,0,0,292
2015-16,GSW,Paint (non-RA),Home,486,196,0,0,392
2015-16,GSW,Restricted area,Away,1162,730,0,0,1460
2015-16,GSW,Restricted area,Home,1167,752,0,0,1504
2015-16,HOU,Above-break 3,Away,827,284,827,284,852
2015-16,HOU,Above-break 3,Home,880,308,880,308,924
2015-16,HOU,Corner 3,Away,429,154,428,154,462
2015-16,HOU,Corner 3,Home,370,131,370,131,393
2015-16,HOU,Mid-range,Away,447,162,0,0,324
2015-16,HOU,Mid-range,Home,452,179,0,0,358
2015-16,HOU,Paint (non-RA),Away,456,168,0,0,336
2015-16,HOU,Paint (non-RA),Home,486,194,0,0,388
2015-16,HOU,Restricted area,Away,1244,773,0,0,1546
2015-16,HOU,Restricted area,Home,1228,740,0,0,1480
2015-16,IND,Above-break 3,Away,677,227,677,227,681
2015-16,IND,Above-break 3,Home,644,216,644,216,648
2015-16,IND,Corner 3,Away,269,108,269,108,324
2015-16,IND,Corner 3,Home,271,105,271,105,315
2015-16,IND,Mid-range,Away,1049,386,0,0,772
2015-16,IND,Mid-range,Home,1067,418,0,0,836
2015-16,IND,Paint (non-RA),Away,483,207,0,0,414
2015-16,IND,Paint (non-RA),Home,403,171,0,0,342
2015-16,IND,Restricted area,Away,1016,624,0,0,1248
2015-16,IND,Restricted area,Home,1078,673,0,0,1346
2015-16,LAC,Above-break 3,Away,826,287,826,287,861
2015-16,LAC,Above-break 3,Home,789,276,789,276,828
2015-16,LAC,Corner 3,Away,270,111,270,111,333
2015-16,LAC,Corner 3,Home,258,110,258,110,330
2015-16,LAC,Mid-range,Away,1017,432,0,0,864
2015-16,LAC,Mid-range,Home,896,367,0,0,734
2015-16,LAC,Paint (non-RA),Away,378,149,0,0,298
2015-16,LAC,Paint (non-RA),Home,397,170,0,0,340
2015-16,LAC,Restricted area,Away,871,579,0,0,1158
2015-16,LAC,Restricted area,Home,1006,643,0,0,1286
2015-16,LAL,Above-break 3,Away,825,279,825,279,837
2015-16,LAL,Above-break 3,Home,758,226,758,226,678
2015-16,LAL,Corner 3,Away,203,72,203,72,216
2015-16,LAL,Corner 3,Home,200,58,200,58,174
2015-16,LAL,Mid-range,Away,1011,380,0,0,760
2015-16,LAL,Mid-range,Home,843,297,1,0,594
2015-16,LAL,Paint (non-RA),Away,543,203,0,0,406
2015-16,LAL,Paint (non-RA),Home,545,235,0,0,470
2015-16,LAL,Restricted area,Away,884,507,0,0,1014
2015-16,LAL,Restricted area,Home,1115,619,0,0,1238
2015-16,MEM,Above-break 3,Away,560,177,560,177,531
2015-16,MEM,Above-break 3,Home,515,187,515,187,561
2015-16,MEM,Corner 3,Away,192,53,192,53,159
2015-16,MEM,Corner 3,Home,231,83,231,83,249
2015-16,MEM,Mid-range,Away,929,394,0,0,788
2015-16,MEM,Mid-range,Home,823,317,0,0,634
2015-16,MEM,Paint (non-RA),Away,557,187,0,0,374
2015-16,MEM,Paint (non-RA),Home,643,272,0,0,544
2015-16,MEM,Restricted area,Away,1174,682,0,0,1364
2015-16,MEM,Restricted area,Home,1208,660,0,0,1320
2015-16,MIA,Above-break 3,Away,455,153,455,153,459
2015-16,MIA,Above-break 3,Home,437,139,437,139,417
2015-16,MIA,Corner 3,Away,263,85,263,85,255
2015-16,MIA,Corner 3,Home,306,118,306,118,354
2015-16,MIA,Mid-range,Away,1008,423,0,0,846
2015-16,MIA,Mid-range,Home,848,325,0,0,650
2015-16,MIA,Paint (non-RA),Away,554,212,0,0,424
2015-16,MIA,Paint (non-RA),Home,585,241,0,0,482
2015-16,MIA,Restricted area,Away,1086,670,0,0,1340
2015-16,MIA,Restricted area,Home,1136,781,0,0,1562
2015-16,MIL,Above-break 3,Away,465,157,465,157,471
2015-16,MIL,Above-break 3,Home,405,146,405,146,438
2015-16,MIL,Corner 3,Away,178,62,178,62,186
2015-16,MIL,Corner 3,Home,202,72,202,72,216
2015-16,MIL,Mid-range,Away,820,328,0,0,656
2015-16,MIL,Mid-range,Home,834,304,0,0,608
2015-16,MIL,Paint (non-RA),Away,597,243,0,0,486
2015-16,MIL,Paint (non-RA),Home,508,205,0,0,410
2015-16,MIL,Restricted area,Away,1268,761,0,0,1522
2015-16,MIL,Restricted area,Home,1436,864,0,0,1728
2015-16,MIN,Above-break 3,Away,558,184,558,184,552
2015-16,MIN,Above-break 3,Home,495,161,495,161,483
2015-16,MIN,Corner 3,Away,141,53,140,53,159
2015-16,MIN,Corner 3,Home,144,56,144,56,168
2015-16,MIN,Mid-range,Away,1054,408,0,0,816
2015-16,MIN,Mid-range,Home,1106,424,0,0,848
2015-16,MIN,Paint (non-RA),Away,497,221,0,0,442
2015-16,MIN,Paint (non-RA),Home,467,189,0,0,378
2015-16,MIN,Restricted area,Away,1127,705,0,0,1410
2015-16,MIN,Restricted area,Home,1069,693,0,0,1386
2015-16,NOP,Above-break 3,Away,730,244,730,244,732
2015-16,NOP,Above-break 3,Home,748,305,748,305,915
2015-16,NOP,Corner 3,Away,222,70,221,70,210
2015-16,NOP,Corner 3,Home,235,81,235,81,243
2015-16,NOP,Mid-range,Away,934,392,0,0,784
2015-16,NOP,Mid-range,Home,891,360,0,0,720
2015-16,NOP,Paint (non-RA),Away,515,192,0,0,384
2015-16,NOP,Paint (non-RA),Home,424,163,0,0,326
2015-16,NOP,Restricted area,Away,1092,635,0,0,1270
2015-16,NOP,Restricted area,Home,1232,709,0,0,1418
2015-16,NYK,Above-break 3,Away,658,231,658,231,693
2015-16,NYK,Above-break 3,Home,668,207,668,207,621
2015-16,NYK,Corner 3,Away,211,81,211,81,243
2015-16,NYK,Corner 3,Home,208,90,208,90,270
2015-16,NYK,Mid-range,Away,1153,493,0,0,986
2015-16,NYK,Mid-range,Home,1124,453,0,0,906
2015-16,NYK,Paint (non-RA),Away,508,186,0,0,372
2015-16,NYK,Paint (non-RA),Home,453,202,0,0,404
2015-16,NYK,Restricted area,Away,861,504,0,0,1008
2015-16,NYK,Restricted area,Home,1025,574,0,0,1148
2015-16,OKC,Above-break 3,Away,692,252,692,252,756
2015-16,OKC,Above-break 3,Home,662,218,662,218,654
2015-16,OKC,Corner 3,Away,284,103,284,103,309
2015-16,OKC,Corner 3,Home,300,105,299,105,315
2015-16,OKC,Mid-range,Away,865,366,0,0,732
2015-16,OKC,Mid-range,Home,831,373,0,0,746
2015-16,OKC,Paint (non-RA),Away,469,214,0,0,428
2015-16,OKC,Paint (non-RA),Home,443,207,0,0,414
2015-16,OKC,Restricted area,Away,1223,745,0,0,1490
2015-16,OKC,Restricted area,Home,1305,789,0,0,1578
2015-16,ORL,Above-break 3,Away,654,220,654,220,660
2015-16,ORL,Above-break 3,Home,687,250,687,250,750
2015-16,ORL,Corner 3,Away,225,81,225,81,243
2015-16,ORL,Corner 3,Home,227,85,227,85,255
2015-16,ORL,Mid-range,Away,1022,404,1,0,808
2015-16,ORL,Mid-range,Home,978,415,0,0,830
2015-16,ORL,Paint (non-RA),Away,543,223,0,0,446
2015-16,ORL,Paint (non-RA),Home,508,212,0,0,424
2015-16,ORL,Restricted area,Away,1080,664,0,0,1328
2015-16,ORL,Restricted area,Home,1172,688,0,0,1376
2015-16,PHI,Above-break 3,Away,820,268,820,268,804
2015-16,PHI,Above-break 3,Home,873,292,873,292,876
2015-16,PHI,Corner 3,Away,304,111,303,111,333
2015-16,PHI,Corner 3,Home,244,92,243,92,276
2015-16,PHI,Mid-range,Away,591,218,0,0,436
2015-16,PHI,Mid-range,Home,623,217,0,0,434
2015-16,PHI,Paint (non-RA),Away,533,178,0,0,356
2015-16,PHI,Paint (non-RA),Home,485,174,0,0,348
2015-16,PHI,Restricted area,Away,1185,699,0,0,1398
2015-16,PHI,Restricted area,Home,1213,720,0,0,1440
2015-16,PHX,Above-break 3,Away,794,272,794,272,816
2015-16,PHX,Above-break 3,Home,814,286,814,286,858
2015-16,PHX,Corner 3,Away,240,80,240,80,240
2015-16,PHX,Corner 3,Home,253,99,253,99,297
2015-16,PHX,Mid-range,Away,862,332,0,0,664
2015-16,PHX,Mid-range,Home,806,283,0,0,566
2015-16,PHX,Paint (non-RA),Away,461,169,0,0,338
2015-16,PHX,Paint (non-RA),Home,439,161,0,0,322
2015-16,PHX,Restricted area,Away,1114,641,0,0,1282
2015-16,PHX,Restricted area,Home,1218,727,0,0,1454
2015-16,POR,Above-break 3,Away,884,327,884,327,981
2015-16,POR,Above-break 3,Home,864,312,864,312,936
2015-16,POR,Corner 3,Away,260,90,260,90,270
2015-16,POR,Corner 3,Home,313,135,313,135,405
2015-16,POR,Mid-range,Away,820,340,0,0,680
2015-16,POR,Mid-range,Home,838,361,0,0,722
2015-16,POR,Paint (non-RA),Away,456,178,0,0,356
2015-16,POR,Paint (non-RA),Home,390,152,0,0,304
2015-16,POR,Restricted area,Away,1060,593,0,0,1186
2015-16,POR,Restricted area,Home,1140,679,0,0,1358
2015-16,SAC,Above-break 3,Away,683,235,683,235,705
2015-16,SAC,Above-break 3,Home,706,243,706,243,729
2015-16,SAC,Corner 3,Away,227,91,227,91,273
2015-16,SAC,Corner 3,Home,207,91,207,91,273
2015-16,SAC,Mid-range,Away,759,314,0,0,628
2015-16,SAC,Mid-range,Home,733,279,0,0,558
2015-16,SAC,Paint (non-RA),Away,517,188,0,0,376
2015-16,SAC,Paint (non-RA),Home,743,281,0,0,562
2015-16,SAC,Restricted area,Away,1373,815,0,0,1630
2015-16,SAC,Restricted area,Home,1119,746,0,0,1492
2015-16,SAS,Above-break 3,Away,514,192,514,192,576
2015-16,SAS,Above-break 3,Home,546,209,546,209,627
2015-16,SAS,Corner 3,Away,212,78,212,78,234
2015-16,SAS,Corner 3,Home,231,90,231,90,270
2015-16,SAS,Mid-range,Away,1075,453,0,0,906
2015-16,SAS,Mid-range,Home,1121,480,0,0,960
2015-16,SAS,Paint (non-RA),Away,566,251,0,0,502
2015-16,SAS,Paint (non-RA),Home,543,251,0,0,502
2015-16,SAS,Restricted area,Away,1006,649,0,0,1298
2015-16,SAS,Restricted area,Home,968,635,0,0,1270
2015-16,TOR,Above-break 3,Away,677,226,677,226,678
2015-16,TOR,Above-break 3,Home,641,246,641,246,738
2015-16,TOR,Corner 3,Away,275,120,275,120,360
2015-16,TOR,Corner 3,Home,303,116,302,115,347
2015-16,TOR,Mid-range,Away,794,302,0,0,604
2015-16,TOR,Mid-range,Home,718,268,0,0,536
2015-16,TOR,Paint (non-RA),Away,540,216,0,0,432
2015-16,TOR,Paint (non-RA),Home,554,233,0,0,466
2015-16,TOR,Restricted area,Away,1045,615,0,0,1230
2015-16,TOR,Restricted area,Home,1102,663,0,0,1326
2015-16,UTA,Above-break 3,Away,621,208,621,208,624
2015-16,UTA,Above-break 3,Home,681,235,681,235,705
2015-16,UTA,Corner 3,Away,304,120,304,120,360
2015-16,UTA,Corner 3,Home,328,131,328,131,393
2015-16,UTA,Mid-range,Away,741,280,0,0,560
2015-16,UTA,Mid-range,Home,682,271,0,0,542
2015-16,UTA,Paint (non-RA),Away,594,241,0,0,482
2015-16,UTA,Paint (non-RA),Home,499,194,0,0,388
2015-16,UTA,Restricted area,Away,1095,642,0,0,1284
2015-16,UTA,Restricted area,Home,1026,635,0,0,1270
2015-16,WAS,Above-break 3,Away,678,229,678,229,687
2015-16,WAS,Above-break 3,Home,771,282,771,282,846
2015-16,WAS,Corner 3,Away,299,118,299,118,354
2015-16,WAS,Corner 3,Home,214,78,214,78,234
2015-16,WAS,Mid-range,Away,1002,410,1,0,820
2015-16,WAS,Mid-range,Home,959,381,0,0,762
2015-16,WAS,Paint (non-RA),Away,481,195,0,0,390
2015-16,WAS,Paint (non-RA),Home,414,178,0,0,356
2015-16,WAS,Restricted area,Away,1046,649,0,0,1298
2015-16,WAS,Restricted area,Home,1149,716,0,0,1432
2016-17,ATL,Above-break 3,Away,810,273,810,273,819
2016-17,ATL,Above-break 3,Home,798,259,798,259,777
2016-17,ATL,Corner 3,Away,256,92,256,92,276
2016-17,ATL,Corner 3,Home,256,104,256,104,312
2016-17,ATL,Mid-range,Away,778,305,0,0,610
2016-17,ATL,Mid-range,Home,779,337,0,0,674
2016-17,ATL,Paint (non-RA),Away,385,147,0,0,294
2016-17,ATL,Paint (non-RA),Home,398,143,0,0,286
2016-17,ATL,Restricted area,Away,1176,705,0,0,1410
2016-17,ATL,Restricted area,Home,1265,757,0,0,1514
2016-17,BKN,Above-break 3,Away,971,326,971,326,978
2016-17,BKN,Above-break 3,Home,1024,334,1024,334,1002
2016-17,BKN,Corner 3,Away,300,115,300,115,345
2016-17,BKN,Corner 3,Home,274,101,274,101,303
2016-17,BKN,Mid-range,Away,459,179,0,0,358
2016-17,BKN,Mid-range,Home,456,164,0,0,328
2016-17,BKN,Paint (non-RA),Away,494,204,0,0,408
2016-17,BKN,Paint (non-RA),Home,551,239,0,0,478
2016-17,BKN,Restricted area,Away,1234,743,0,0,1486
2016-17,BKN,Restricted area,Home,1201,696,0,0,1392
2016-17,BOS,Above-break 3,Away,1056,344,1056,344,1032
2016-17,BOS,Above-break 3,Home,1042,388,1042,388,1164
2016-17,BOS,Corner 3,Away,298,121,298,121,363
2016-17,BOS,Corner 3,Home,322,130,322,130,390
2016-17,BOS,Mid-range,Away,610,251,0,0,502
2016-17,BOS,Mid-range,Home,553,219,0,0,438
2016-17,BOS,Paint (non-RA),Away,416,159,0,0,318
2016-17,BOS,Paint (non-RA),Home,420,190,0,0,380
2016-17,BOS,Restricted area,Away,1070,689,0,0,1378
2016-17,BOS,Restricted area,Home,1167,675,0,0,1350
2016-17,CHA,Above-break 3,Away,1002,345,1002,345,1035
2016-17,CHA,Above-break 3,Home,1001,356,1001,356,1068
2016-17,CHA,Corner 3,Away,170,70,170,70,210
2016-17,CHA,Corner 3,Home,156,52,156,52,156
2016-17,CHA,Mid-range,Away,861,330,0,0,660
2016-17,CHA,Mid-range,Home,754,304,0,0,608
2016-17,CHA,Paint (non-RA),Away,493,209,0,0,418
2016-17,CHA,Paint (non-RA),Home,453,176,0,0,352
2016-17,CHA,Restricted area,Away,979,575,0,0,1150
2016-17,CHA,Restricted area,Home,1113,675,0,0,1350
2016-17,CHI,Above-break 3,Away,659,207,659,207,621
2016-17,CHI,Above-break 3,Home,618,195,618,195,585
2016-17,CHI,Corner 3,Away,286,111,286,111,333
2016-17,CHI,Corner 3,Home,256,110,256,110,330
2016-17,CHI,Mid-range,Away,996,396,0,0,792
2016-17,CHI,Mid-range,Home,1011,376,0,0,752
2016-17,CHI,Paint (non-RA),Away,527,225,0,0,450
2016-17,CHI,Paint (non-RA),Home,564,243,0,0,486
2016-17,CHI,Restricted area,Away,1054,647,0,0,1294
2016-17,CHI,Restricted area,Home,1158,659,0,0,1318
2016-17,CLE,Above-break 3,Away,979,369,979,369,1107
2016-17,CLE,Above-break 3,Home,943,345,943,345,1035
2016-17,CLE,Corner 3,Away,410,159,410,159,477
2016-17,CLE,Corner 3,Home,434,192,433,192,576
2016-17,CLE,Mid-range,Away,684,264,0,0,528
2016-17,CLE,Mid-range,Home,711,325,0,0,650
2016-17,CLE,Paint (non-RA),Away,350,142,0,0,284
2016-17,CLE,Paint (non-RA),Home,354,128,0,0,256
2016-17,CLE,Restricted area,Away,1031,653,0,0,1306
2016-17,CLE,Restricted area,Home,1053,696,0,0,1392
2016-17,DAL,Above-break 3,Away,990,348,990,348,1044
2016-17,DAL,Above-break 3,Home,961,342,961,342,1026
2016-17,DAL,Corner 3,Away,269,97,269,97,291
2016-17,DAL,Corner 3,Home,235,90,235,90,270
2016-17,DAL,Mid-range,Away,938,378,0,0,756
2016-17,DAL,Mid-range,Home,920,368,0,0,736
2016-17,DAL,Paint (non-RA),Away,407,184,0,0,368
2016-17,DAL,Paint (non-RA),Home,490,219,0,0,438
2016-17,DAL,Restricted area,Away,776,473,0,0,946
2016-17,DAL,Restricted area,Home,746,468,0,0,936
2016-17,DEN,Above-break 3,Away,960,339,960,339,1017
2016-17,DEN,Above-break 3,Home,918,355,918,355,1065
2016-17,DEN,Corner 3,Away,222,81,222,81,243
2016-17,DEN,Corner 3,Home,242,95,242,95,285
2016-17,DEN,Mid-range,Away,619,260,0,0,520
2016-17,DEN,Mid-range,Home,588,204,0,0,408
2016-17,DEN,Paint (non-RA),Away,536,227,0,0,454
2016-17,DEN,Paint (non-RA),Home,433,207,0,0,414
2016-17,DEN,Restricted area,Away,1260,743,0,0,1486
2016-17,DEN,Restricted area,Home,1393,866,0,0,1732
2016-17,DET,Above-break 3,Away,748,225,748,225,675
2016-17,DET,Above-break 3,Home,741,255,741,255,765
2016-17,DET,Corner 3,Away,201,72,201,72,216
2016-17,DET,Corner 3,Home,191,77,191,77,231
2016-17,DET,Mid-range,Away,1059,453,0,0,906
2016-17,DET,Mid-range,Home,970,416,0,0,832
2016-17,DET,Paint (non-RA),Away,639,280,0,0,560
2016-17,DET,Paint (non-RA),Home,727,277,0,0,554
2016-17,DET,Restricted area,Away,962,577,0,0,1154
2016-17,DET,Restricted area,Home,1010,635,0,0,1270
2016-17,GSW,Above-break 3,Away,971,344,971,344,1032
2016-17,GSW,Above-break 3,Home,1012,411,1012,411,1233
2016-17,GSW,Corner 3,Away,307,114,307,114,342
2016-17,GSW,Corner 3,Home,240,111,240,111,333
2016-17,GSW,Mid-range,Away,733,309,0,0,618
2016-17,GSW,Mid-range,Home,710,329,0,0,658
2016-17,GSW,Paint (non-RA),Away,343,138,0,0,276
2016-17,GSW,Paint (non-RA),Home,464,215,0,0,430
2016-17,GSW,Restricted area,Away,1189,795,0,0,1590
2016-17,GSW,Restricted area,Home,1139,764,0,0,1528
2016-17,HOU,Above-break 3,Away,1266,459,1266,459,1377
2016-17,HOU,Above-break 3,Home,1336,455,1336,455,1365
2016-17,HOU,Corner 3,Away,325,113,325,113,339
2016-17,HOU,Corner 3,Home,358,151,358,151,453
2016-17,HOU,Mid-range,Away,299,103,0,0,206
2016-17,HOU,Mid-range,Home,279,106,0,0,212
2016-17,HOU,Paint (non-RA),Away,333,128,0,0,256
2016-17,HOU,Paint (non-RA),Home,379,136,0,0,272
2016-17,HOU,Restricted area,Away,1295,821,0,0,1642
2016-17,HOU,Restricted area,Home,1248,821,0,0,1642
2016-17,IND,Above-break 3,Away,666,253,666,253,759
2016-17,IND,Above-break 3,Home,682,241,682,241,723
2016-17,IND,Corner 3,Away,261,95,261,95,285
2016-17,IND,Corner 3,Home,245,110,245,110,330
2016-17,IND,Mid-range,Away,891,341,0,0,682
2016-17,IND,Mid-range,Home,1034,454,0,0,908
2016-17,IND,Paint (non-RA),Away,616,272,0,0,544
2016-17,IND,Paint (non-RA),Home,526,239,0,0,478
2016-17,IND,Restricted area,Away,990,606,0,0,1212
2016-17,IND,Restricted area,Home,989,600,0,0,1200
2016-17,LAC,Above-break 3,Away,866,321,866,321,963
2016-17,LAC,Above-break 3,Home,850,310,850,310,930
2016-17,LAC,Corner 3,Away,260,110,260,110,330
2016-17,LAC,Corner 3,Home,221,89,221,89,267
2016-17,LAC,Mid-range,Away,938,415,0,0,830
2016-17,LAC,Mid-range,Home,806,349,0,0,698
2016-17,LAC,Paint (non-RA),Away,366,141,0,0,282
2016-17,LAC,Paint (non-RA),Home,351,141,0,0,282
2016-17,LAC,Restricted area,Away,994,616,0,0,1232
2016-17,LAC,Restricted area,Home,1120,739,0,0,1478
2016-17,LAL,Above-break 3,Away,761,238,761,238,714
2016-17,LAL,Above-break 3,Home,823,301,823,301,903
2016-17,LAL,Corner 3,Away,289,109,289,109,327
2016-17,LAL,Corner 3,Home,197,73,197,73,219
2016-17,LAL,Mid-range,Away,775,312,0,0,624
2016-17,LAL,Mid-range,Home,632,225,0,0,450
2016-17,LAL,Paint (non-RA),Away,612,225,0,0,450
2016-17,LAL,Paint (non-RA),Home,632,277,0,0,554
2016-17,LAL,Restricted area,Away,1138,678,0,0,1356
2016-17,LAL,Restricted area,Home,1265,777,0,0,1554
2016-17,MEM,Above-break 3,Away,886,311,886,311,933
2016-17,MEM,Above-break 3,Home,816,279,816,279,837
2016-17,MEM,Corner 3,Away,224,87,224,87,261
2016-17,MEM,Corner 3,Home,208,88,208,88,264
2016-17,MEM,Mid-range,Away,717,282,0,0,564
2016-17,MEM,Mid-range,Home,722,276,0,0,552
2016-17,MEM,Paint (non-RA),Away,511,204,0,0,408
2016-17,MEM,Paint (non-RA),Home,547,220,0,0,440
2016-17,MEM,Restricted area,Away,1083,639,0,0,1278
2016-17,MEM,Restricted area,Home,1105,596,0,0,1192
2016-17,MIA,Above-break 3,Away,771,267,771,267,801
2016-17,MIA,Above-break 3,Home,739,264,739,264,792
2016-17,MIA,Corner 3,Away,299,108,299,108,324
2016-17,MIA,Corner 3,Home,384,167,384,167,501
2016-17,MIA,Mid-range,Away,730,275,0,0,550
2016-17,MIA,Mid-range,Home,699,268,0,0,536
2016-17,MIA,Paint (non-RA),Away,571,223,0,0,446
2016-17,MIA,Paint (non-RA),Home,591,265,0,0,530
2016-17,MIA,Restricted area,Away,1164,685,0,0,1370
2016-17,MIA,Restricted area,Home,1069,678,0,0,1356
2016-17,MIL,Above-break 3,Away,693,247,693,247,741
2016-17,MIL,Above-break 3,Home,659,246,659,246,738
2016-17,MIL,Corner 3,Away,288,114,288,114,342
2016-17,MIL,Corner 3,Home,280,106,280,106,318
2016-17,MIL,Mid-range,Away,607,227,0,0,454
2016-17,MIL,Mid-range,Home,600,241,0,0,482
2016-17,MIL,Paint (non-RA),Away,568,228,0,0,456
2016-17,MIL,Paint (non-RA),Home,424,161,0,0,322
2016-17,MIL,Restricted area,Away,1173,744,0,0,1488
2016-17,MIL,Restricted area,Home,1391,856,0,0,1712
2016-17,MIN,Above-break 3,Away,598,196,598,196,588
2016-17,MIN,Above-break 3,Home,644,223,644,223,669
2016-17,MIN,Corner 3,Away,235,82,235,82,246
2016-17,MIN,Corner 3,Home,234,100,234,100,300
2016-17,MIN,Mid-range,Away,918,383,0,0,766
2016-17,MIN,Mid-range,Home,985,379,0,0,758
2016-17,MIN,Paint (non-RA),Away,539,218,0,0,436
2016-17,MIN,Paint (non-RA),Home,457,217,0,0,434
2016-17,MIN,Restricted area,Away,1211,739,0,0,1478
2016-17,MIN,Restricted area,Home,1089,698,0,0,1396
2016-17,NOP,Above-break 3,Away,774,275,774,275,825
2016-17,NOP,Above-break 3,Home,910,304,910,304,912
2016-17,NOP,Corner 3,Away,255,89,255,89,267
2016-17,NOP,Corner 3,Home,241,98,241,98,294
2016-17,NOP,Mid-range,Away,896,355,0,0,710
2016-17,NOP,Mid-range,Home,722,278,0,0,556
2016-17,NOP,Paint (non-RA),Away,605,254,0,0,508
2016-17,NOP,Paint (non-RA),Home,487,209,0,0,418
2016-17,NOP,Restricted area,Away,981,593,0,0,1186
2016-17,NOP,Restricted area,Home,1243,753,0,0,1506
2016-17,NYK,Above-break 3,Away,784,246,784,246,738
2016-17,NYK,Above-break 3,Home,736,255,736,255,765
2016-17,NYK,Corner 3,Away,219,97,219,97,291
2016-17,NYK,Corner 3,Home,258,105,258,105,315
2016-17,NYK,Mid-range,Away,1078,444,0,0,888
2016-17,NYK,Mid-range,Home,1000,440,0,0,880
2016-17,NYK,Paint (non-RA),Away,479,185,0,0,370
2016-17,NYK,Paint (non-RA),Home,394,166,0,0,332
2016-17,NYK,Restricted area,Away,1114,622,0,0,1244
2016-17,NYK,Restricted area,Home,1169,683,0,0,1366
2016-17,OKC,Above-break 3,Away,810,248,810,248,744
2016-17,OKC,Above-break 3,Home,740,251,740,251,753
2016-17,OKC,Corner 3,Away,254,86,253,86,258
2016-17,OKC,Corner 3,Home,294,104,293,104,312
2016-17,OKC,Mid-range,Away,695,246,0,0,492
2016-17,OKC,Mid-range,Home,676,254,0,0,508
2016-17,OKC,Paint (non-RA),Away,521,209,0,0,418
2016-17,OKC,Paint (non-RA),Home,458,214,0,0,428
2016-17,OKC,Restricted area,Away,1303,769,0,0,1538
2016-17,OKC,Restricted area,Home,1398,853,0,0,1706
2016-17,ORL,Above-break 3,Away,872,289,872,289,867
2016-17,ORL,Above-break 3,Home,832,288,832,288,864
2016-17,ORL,Corner 3,Away,214,69,214,69,207
2016-17,ORL,Corner 3,Home,195,54,194,54,162
2016-17,ORL,Mid-range,Away,904,377,0,0,754
2016-17,ORL,Mid-range,Home,860,330,0,0,660
2016-17,ORL,Paint (non-RA),Away,571,231,0,0,462
2016-17,ORL,Paint (non-RA),Home,593,255,0,0,510
2016-17,ORL,Restricted area,Away,1015,631,0,0,1262
2016-17,ORL,Restricted area,Home,1050,614,0,0,1228
2016-17,PHI,Above-break 3,Away,978,321,978,321,963
2016-17,PHI,Above-break 3,Home,1037,339,1037,339,1017
2016-17,PHI,Corner 3,Away,223,80,223,80,240
2016-17,PHI,Corner 3,Home,183,85,183,85,255
2016-17,PHI,Mid-range,Away,611,212,0,0,424
2016-17,PHI,Mid-range,Home,618,227,0,0,454
2016-17,PHI,Paint (non-RA),Away,470,189,0,0,378
2016-17,PHI,Paint (non-RA),Home,444,164,0,0,328
2016-17,PHI,Restricted area,Away,1243,754,0,0,1508
2016-17,PHI,Restricted area,Home,1158,710,0,0,1420
2016-17,PHX,Above-break 3,Away,665,220,665,220,660
2016-17,PHX,Above-break 3,Home,652,227,652,227,681
2016-17,PHX,Corner 3,Away,235,74,235,74,222
2016-17,PHX,Corner 3,Home,280,94,280,94,282
2016-17,PHX,Mid-range,Away,958,367,0,0,734
2016-17,PHX,Mid-range,Home,900,341,0,0,682
2016-17,PHX,Paint (non-RA),Away,577,252,0,0,504
2016-17,PHX,Paint (non-RA),Home,527,213,0,0,426
2016-17,PHX,Restricted area,Away,1167,689,0,0,1378
2016-17,PHX,Restricted area,Home,1262,785,0,0,1570
2016-17,POR,Above-break 3,Away,877,317,877,317,951
2016-17,POR,Above-break 3,Home,910,358,910,358,1074
2016-17,POR,Corner 3,Away,210,79,210,79,237
2016-17,POR,Corner 3,Home,256,96,256,96,288
2016-17,POR,Mid-range,Away,790,335,0,0,670
2016-17,POR,Mid-range,Home,741,318,0,0,636
2016-17,POR,Paint (non-RA),Away,519,209,0,0,418
2016-17,POR,Paint (non-RA),Home,420,194,0,0,388
2016-17,POR,Restricted area,Away,1097,635,0,0,1270
2016-17,POR,Restricted area,Home,1199,689,0,0,1378
2016-17,SAC,Above-break 3,Away,705,249,705,249,747
2016-17,SAC,Above-break 3,Home,753,285,753,285,855
2016-17,SAC,Corner 3,Away,232,94,232,94,282
2016-17,SAC,Corner 3,Home,247,104,247,104,312
2016-17,SAC,Mid-range,Away,782,297,0,0,594
2016-17,SAC,Mid-range,Home,736,307,0,0,614
2016-17,SAC,Paint (non-RA),Away,521,224,0,0,448
2016-17,SAC,Paint (non-RA),Home,615,238,0,0,476
2016-17,SAC,Restricted area,Away,1145,669,0,0,1338
2016-17,SAC,Restricted area,Home,975,633,0,0,1266
2016-17,SAS,Above-break 3,Away,686,254,686,254,762
2016-17,SAS,Above-break 3,Home,687,267,687,267,801
2016-17,SAS,Corner 3,Away,261,108,261,108,324
2016-17,SAS,Corner 3,Home,279,124,279,124,372
2016-17,SAS,Mid-range,Away,1054,450,0,0,900
2016-17,SAS,Mid-range,Home,971,397,0,0,794
2016-17,SAS,Paint (non-RA),Away,526,225,0,0,450
2016-17,SAS,Paint (non-RA),Home,484,209,0,0,418
2016-17,SAS,Restricted area,Away,920,573,0,0,1146
2016-17,SAS,Restricted area,Home,982,615,0,0,1230
2016-17,TOR,Above-break 3,Away,773,259,773,259,777
2016-17,TOR,Above-break 3,Home,645,251,645,251,753
2016-17,TOR,Corner 3,Away,252,88,252,88,264
2016-17,TOR,Corner 3,Home,311,126,311,126,378
2016-17,TOR,Mid-range,Away,863,351,0,0,702
2016-17,TOR,Mid-range,Home,804,341,0,0,682
2016-17,TOR,Paint (non-RA),Away,555,254,0,0,508
2016-17,TOR,Paint (non-RA),Home,643,278,0,0,556
2016-17,TOR,Restricted area,Away,998,610,0,0,1220
2016-17,TOR,Restricted area,Home,1058,652,0,0,1304
2016-17,UTA,Above-break 3,Away,756,261,756,261,783
2016-17,UTA,Above-break 3,Home,746,295,746,295,885
2016-17,UTA,Corner 3,Away,286,112,286,112,336
2016-17,UTA,Corner 3,Home,325,122,325,122,366
2016-17,UTA,Mid-range,Away,695,268,0,0,536
2016-17,UTA,Mid-range,Home,582,221,0,0,442
2016-17,UTA,Paint (non-RA),Away,528,224,0,0,448
2016-17,UTA,Paint (non-RA),Home,422,179,0,0,358
2016-17,UTA,Restricted area,Away,1043,667,0,0,1334
2016-17,UTA,Restricted area,Home,1117,683,0,0,1366
2016-17,WAS,Above-break 3,Away,725,251,725,251,753
2016-17,WAS,Above-break 3,Home,759,318,759,318,954
2016-17,WAS,Corner 3,Away,300,99,300,99,297
2016-17,WAS,Corner 3,Home,228,85,228,85,255
2016-17,WAS,Mid-range,Away,870,375,0,0,750
2016-17,WAS,Mid-range,Home,945,411,0,0,822
2016-17,WAS,Paint (non-RA),Away,516,224,0,0,448
2016-17,WAS,Paint (non-RA),Home,455,195,0,0,390
2016-17,WAS,Restricted area,Away,1189,736,0,0,1472
2016-17,WAS,Restricted area,Home,1132,691,0,0,1382
2017-18,ATL,Above-break 3,Away,902,306,902,306,918
2017-18,ATL,Above-break 3,Home,954,327,954,327,981
2017-18,ATL,Corner 3,Away,319,135,319,135,405
2017-18,ATL,Corner 3,Home,341,146,341,146,438
2017-18,ATL,Mid-range,Away,615,238,3,1,477
2017-18,ATL,Mid-range,Home,683,285,3,2,572
2017-18,ATL,Paint (non-RA),Away,535,183,0,0,366
2017-18,ATL,Paint (non-RA),Home,430,164,0,0,328
2017-18,ATL,Restricted area,Away,1149,691,0,0,1382
2017-18,ATL,Restricted area,Home,1065,655,0,0,1310
2017-18,BKN,Above-break 3,Away,1155,409,1154,409,1227
2017-18,BKN,Above-break 3,Home,1126,400,1126,400,1200
2017-18,BKN,Corner 3,Away,294,109,294,109,327
2017-18,BKN,Corner 3,Home,332,122,332,122,366
2017-18,BKN,Mid-range,Away,410,154,2,0,308
2017-18,BKN,Mid-range,Home,413,145,4,1,291
2017-18,BKN,Paint (non-RA),Away,579,212,0,0,424
2017-18,BKN,Paint (non-RA),Home,616,242,0,0,484
2017-18,BKN,Restricted area,Away,1127,708,0,0,1416
2017-18,BKN,Restricted area,Home,1050,635,0,0,1270
2017-18,BOS,Above-break 3,Away,971,369,970,369,1107
2017-18,BOS,Above-break 3,Home,946,340,946,340,1020
2017-18,BOS,Corner 3,Away,249,102,249,102,306
2017-18,BOS,Corner 3,Home,305,126,305,126,378
2017-18,BOS,Mid-range,Away,718,309,3,2,620
2017-18,BOS,Mid-range,Home,628,263,1,0,526
2017-18,BOS,Paint (non-RA),Away,519,197,0,0,394
2017-18,BOS,Paint (non-RA),Home,549,208,0,0,416
2017-18,BOS,Restricted area,Away,985,561,0,0,1122
2017-18,BOS,Restricted area,Home,1087,666,0,0,1332
2017-18,CHA,Above-break 3,Away,942,352,942,352,1056
2017-18,CHA,Above-break 3,Home,907,340,907,340,1020
2017-18,CHA,Corner 3,Away,163,64,163,64,192
2017-18,CHA,Corner 3,Home,199,68,199,68,204
2017-18,CHA,Mid-range,Away,822,306,1,0,612
2017-18,CHA,Mid-range,Home,724,274,0,0,548
2017-18,CHA,Paint (non-RA),Away,618,230,0,0,460
2017-18,CHA,Paint (non-RA),Home,538,234,0,0,468
2017-18,CHA,Restricted area,Away,997,624,0,0,1248
2017-18,CHA,Restricted area,Home,1175,705,0,0,1410
2017-18,CHI,Above-break 3,Away,989,337,989,337,1011
2017-18,CHI,Above-break 3,Home,1053,385,1052,385,1155
2017-18,CHI,Corner 3,Away,243,91,243,91,273
2017-18,CHI,Corner 3,Home,247,93,247,93,279
2017-18,CHI,Mid-range,Away,717,261,0,0,522
2017-18,CHI,Mid-range,Home,741,291,3,0,582
2017-18,CHI,Paint (non-RA),Away,630,255,0,0,510
2017-18,CHI,Paint (non-RA),Home,536,205,0,0,410
2017-18,CHI,Restricted area,Away,1052,630,0,0,1260
2017-18,CHI,Restricted area,Home,1062,622,0,0,1244
2017-18,CLE,Above-break 3,Away,1004,373,1004,373,1119
2017-18,CLE,Above-break 3,Home,915,318,915,318,954
2017-18,CLE,Corner 3,Away,360,146,360,146,438
2017-18,CLE,Corner 3,Home,339,142,339,142,426
2017-18,CLE,Mid-range,Away,621,222,3,1,445
2017-18,CLE,Mid-range,Home,688,296,2,1,593
2017-18,CLE,Paint (non-RA),Away,390,136,0,0,272
2017-18,CLE,Paint (non-RA),Home,398,155,0,0,310
2017-18,CLE,Restricted area,Away,1086,751,0,0,1502
2017-18,CLE,Restricted area,Home,1136,772,0,0,1544
2017-18,DAL,Above-break 3,Away,1102,386,1102,386,1158
2017-18,DAL,Above-break 3,Home,1096,383,1096,383,1149
2017-18,DAL,Corner 3,Away,233,97,233,97,291
2017-18,DAL,Corner 3,Home,236,100,236,100,300
2017-18,DAL,Mid-range,Away,717,299,1,1,599
2017-18,DAL,Mid-range,Home,712,271,0,0,542
2017-18,DAL,Paint (non-RA),Away,494,198,0,0,396
2017-18,DAL,Paint (non-RA),Home,522,205,0,0,410
2017-18,DAL,Restricted area,Away,946,578,0,0,1156
2017-18,DAL,Restricted area,Home,964,611,0,0,1222
2017-18,DEN,Above-break 3,Away,1054,381,1054,381,1143
2017-18,DEN,Above-break 3,Home,1006,369,1006,369,1107
2017-18,DEN,Corner 3,Away,208,95,208,95,285
2017-18,DEN,Corner 3,Home,238,94,238,94,282
2017-18,DEN,Mid-range,Away,524,216,1,0,432
2017-18,DEN,Mid-range,Home,434,174,3,1,349
2017-18,DEN,Paint (non-RA),Away,655,259,0,0,518
2017-18,DEN,Paint (non-RA),Home,608,261,0,0,522
2017-18,DEN,Restricted area,Away,1125,703,0,0,1406
2017-18,DEN,Restricted area,Home,1224,786,0,0,1572
2017-18,DET,Above-break 3,Away,878,316,878,316,948
2017-18,DET,Above-break 3,Home,906,346,906,346,1038
2017-18,DET,Corner 3,Away,290,117,290,117,351
2017-18,DET,Corner 3,Home,276,106,276,106,318
2017-18,DET,Mid-range,Away,713,284,2,0,568
2017-18,DET,Mid-range,Home,596,252,2,0,504
2017-18,DET,Paint (non-RA),Away,614,222,0,0,444
2017-18,DET,Paint (non-RA),Home,712,248,0,0,496
2017-18,DET,Restricted area,Away,1086,643,0,0,1286
2017-18,DET,Restricted area,Home,1039,673,0,0,1346
2017-18,GSW,Above-break 3,Away,987,378,986,377,1133
2017-18,GSW,Above-break 3,Home,956,388,956,388,1164
2017-18,GSW,Corner 3,Away,228,87,228,87,261
2017-18,GSW,Corner 3,Home,169,72,169,72,216
2017-18,GSW,Mid-range,Away,809,381,2,0,762
2017-18,GSW,Mid-range,Home,841,395,2,2,792
2017-18,GSW,Paint (non-RA),Away,430,182,0,0,364
2017-18,GSW,Paint (non-RA),Home,490,231,0,0,462
2017-18,GSW,Restricted area,Away,1044,715,0,0,1430
2017-18,GSW,Restricted area,Home,999,680,0,0,1360
2017-18,HOU,Above-break 3,Away,1303,462,1303,462,1386
2017-18,HOU,Above-break 3,Home,1331,468,1330,468,1404
2017-18,HOU,Corner 3,Away,383,159,383,159,477
2017-18,HOU,Corner 3,Home,435,165,435,165,495
2017-18,HOU,Mid-range,Away,278,120,1,1,241
2017-18,HOU,Mid-range,Home,285,130,1,0,260
2017-18,HOU,Paint (non-RA),Away,345,127,0,0,254
2017-18,HOU,Paint (non-RA),Home,322,124,0,0,248
2017-18,HOU,Restricted area,Away,1116,698,0,0,1396
2017-18,HOU,Restricted area,Home,1091,720,0,0,1440
2017-18,IND,Above-break 3,Away,734,258,734,258,774
2017-18,IND,Above-break 3,Home,795,287,795,287,861
2017-18,IND,Corner 3,Away,216,90,216,90,270
2017-18,IND,Corner 3,Home,242,105,242,105,315
2017-18,IND,Mid-range,Away,917,392,2,1,785
2017-18,IND,Mid-range,Home,895,380,0,0,760
2017-18,IND,Paint (non-RA),Away,542,216,0,0,432
2017-18,IND,Paint (non-RA),Home,459,210,0,0,420
2017-18,IND,Restricted area,Away,1137,702,0,0,1404
2017-18,IND,Restricted area,Home,1125,705,0,0,1410
2017-18,LAC,Above-break 3,Away,868,313,868,313,939
2017-18,LAC,Above-break 3,Home,809,291,809,291,873
2017-18,LAC,Corner 3,Away,257,89,257,89,267
2017-18,LAC,Corner 3,Home,246,83,246,83,249
2017-18,LAC,Mid-range,Away,535,209,1,0,418
2017-18,LAC,Mid-range,Home,453,175,0,0,350
2017-18,LAC,Paint (non-RA),Away,590,237,0,0,474
2017-18,LAC,Paint (non-RA),Home,533,203,0,0,406
2017-18,LAC,Restricted area,Away,1263,795,0,0,1590
2017-18,LAC,Restricted area,Home,1435,906,0,0,1812
2017-18,LAL,Above-break 3,Away,981,348,981,348,1044
2017-18,LAL,Above-break 3,Home,972,311,972,311,933
2017-18,LAL,Corner 3,Away,209,88,209,88,264
2017-18,LAL,Corner 3,Home,201,73,201,73,219
2017-18,LAL,Mid-range,Away,560,220,3,1,441
2017-18,LAL,Mid-range,Home,505,172,1,1,345
2017-18,LAL,Paint (non-RA),Away,623,235,0,0,470
2017-18,LAL,Paint (non-RA),Home,523,197,0,0,394
2017-18,LAL,Restricted area,Away,1221,778,0,0,1556
2017-18,LAL,Restricted area,Home,1436,916,0,0,1832
2017-18,MEM,Above-break 3,Away,811,299,811,299,897
2017-18,MEM,Above-break 3,Home,886,307,885,307,921
2017-18,MEM,Corner 3,Away,197,67,197,67,201
2017-18,MEM,Corner 3,Home,230,83,230,83,249
2017-18,MEM,Mid-range,Away,721,276,3,2,554
2017-18,MEM,Mid-range,Home,607,246,0,0,492
2017-18,MEM,Paint (non-RA),Away,499,180,0,0,360
2017-18,MEM,Paint (non-RA),Home,490,169,0,0,338
2017-18,MEM,Restricted area,Away,1128,680,0,0,1360
2017-18,MEM,Restricted area,Home,1193,706,0,0,1412
2017-18,MIA,Above-break 3,Away,943,329,943,329,987
2017-18,MIA,Above-break 3,Home,876,316,876,316,948
2017-18,MIA,Corner 3,Away,312,127,312,127,381
2017-18,MIA,Corner 3,Home,357,131,357,131,393
2017-18,MIA,Mid-range,Away,563,206,1,0,412
2017-18,MIA,Mid-range,Home,621,233,0,0,466
2017-18,MIA,Paint (non-RA),Away,538,201,0,0,402
2017-18,MIA,Paint (non-RA),Home,529,217,0,0,434
2017-18,MIA,Restricted area,Away,1121,704,0,0,1408
2017-18,MIA,Restricted area,Home,1120,720,0,0,1440
2017-18,MIL,Above-break 3,Away,745,256,745,256,768
2017-18,MIL,Above-break 3,Home,718,239,718,239,717
2017-18,MIL,Corner 3,Away,285,118,285,118,354
2017-18,MIL,Corner 3,Home,261,104,261,104,312
2017-18,MIL,Mid-range,Away,767,330,3,1,661
2017-18,MIL,Mid-range,Home,648,268,0,0,536
2017-18,MIL,Paint (non-RA),Away,541,213,0,0,426
2017-18,MIL,Paint (non-RA),Home,465,203,0,0,406
2017-18,MIL,Restricted area,Away,1103,718,0,0,1436
2017-18,MIL,Restricted area,Home,1262,808,0,0,1616
2017-18,MIN,Above-break 3,Away,687,228,687,228,684
2017-18,MIN,Above-break 3,Home,701,254,701,254,762
2017-18,MIN,Corner 3,Away,198,87,198,87,261
2017-18,MIN,Corner 3,Home,243,88,243,88,264
2017-18,MIN,Mid-range,Away,863,355,0,0,710
2017-18,MIN,Mid-range,Home,849,335,4,1,671
2017-18,MIN,Paint (non-RA),Away,740,330,0,0,660
2017-18,MIN,Paint (non-RA),Home,662,298,0,0,596
2017-18,MIN,Restricted area,Away,1000,648,0,0,1296
2017-18,MIN,Restricted area,Home,1108,742,0,0,1484
2017-18,NOP,Above-break 3,Away,875,324,875,324,972
2017-18,NOP,Above-break 3,Home,844,283,844,283,849
2017-18,NOP,Corner 3,Away,299,116,299,116,348
2017-18,NOP,Corner 3,Home,277,113,277,113,339
2017-18,NOP,Mid-range,Away,706,275,3,1,551
2017-18,NOP,Mid-range,Home,561,241,0,0,482
2017-18,NOP,Paint (non-RA),Away,546,229,0,0,458
2017-18,NOP,Paint (non-RA),Home,700,346,0,0,692
2017-18,NOP,Restricted area,Away,1217,773,0,0,1546
2017-18,NOP,Restricted area,Home,1202,800,0,0,1600
2017-18,NYK,Above-break 3,Away,727,226,726,226,678
2017-18,NYK,Above-break 3,Home,777,288,777,288,864
2017-18,NYK,Corner 3,Away,190,82,190,82,246
2017-18,NYK,Corner 3,Home,201,77,201,77,231
2017-18,NYK,Mid-range,Away,906,357,0,0,714
2017-18,NYK,Mid-range,Home,943,389,0,0,778
2017-18,NYK,Paint (non-RA),Away,666,286,0,0,572
2017-18,NYK,Paint (non-RA),Home,553,245,0,0,490
2017-18,NYK,Restricted area,Away,1082,686,0,0,1372
2017-18,NYK,Restricted area,Home,1128,698,0,0,1396
2017-18,OKC,Above-break 3,Away,941,334,941,334,1002
2017-18,OKC,Above-break 3,Home,911,315,910,315,945
2017-18,OKC,Corner 3,Away,316,120,316,120,360
2017-18,OKC,Corner 3,Home,299,109,299,109,327
2017-18,OKC,Mid-range,Away,828,319,3,2,640
2017-18,OKC,Mid-range,Home,719,273,1,1,547
2017-18,OKC,Paint (non-RA),Away,422,163,0,0,326
2017-18,OKC,Paint (non-RA),Home,341,142,0,0,284
2017-18,OKC,Restricted area,Away,1152,689,0,0,1378
2017-18,OKC,Restricted area,Home,1271,807,0,0,1614
2017-18,ORL,Above-break 3,Away,966,341,966,341,1023
2017-18,ORL,Above-break 3,Home,972,337,972,337,1011
2017-18,ORL,Corner 3,Away,235,90,235,90,270
2017-18,ORL,Corner 3,Home,216,74,216,74,222
2017-18,ORL,Mid-range,Away,641,245,4,1,491
2017-18,ORL,Mid-range,Home,589,225,1,0,450
2017-18,ORL,Paint (non-RA),Away,618,243,0,0,486
2017-18,ORL,Paint (non-RA),Home,663,228,1,0,456
2017-18,ORL,Restricted area,Away,1057,671,0,0,1342
2017-18,ORL,Restricted area,Home,1075,727,0,0,1454
2017-18,PHI,Above-break 3,Away,989,366,989,366,1098
2017-18,PHI,Above-break 3,Home,1044,381,1044,381,1143
2017-18,PHI,Corner 3,Away,216,94,216,94,282
2017-18,PHI,Corner 3,Home,175,60,175,60,180
2017-18,PHI,Mid-range,Away,606,244,1,0,488
2017-18,PHI,Mid-range,Home,629,269,0,0,538
2017-18,PHI,Paint (non-RA),Away,524,198,0,0,396
2017-18,PHI,Paint (non-RA),Home,680,249,0,0,498
2017-18,PHI,Restricted area,Away,1112,716,0,0,1432
2017-18,PHI,Restricted area,Home,1103,772,0,0,1544
2017-18,PHX,Above-break 3,Away,880,310,879,310,930
2017-18,PHX,Above-break 3,Home,887,271,887,271,813
2017-18,PHX,Corner 3,Away,255,84,255,84,252
2017-18,PHX,Corner 3,Home,249,98,249,98,294
2017-18,PHX,Mid-range,Away,643,239,0,0,478
2017-18,PHX,Mid-range,Home,654,262,0,0,524
2017-18,PHX,Paint (non-RA),Away,578,212,0,0,424
2017-18,PHX,Paint (non-RA),Home,535,208,0,0,416
2017-18,PHX,Restricted area,Away,1188,733,0,0,1466
2017-18,PHX,Restricted area,Home,1256,736,0,0,1472
2017-18,POR,Above-break 3,Away,923,321,922,321,963
2017-18,POR,Above-break 3,Home,957,361,957,361,1083
2017-18,POR,Corner 3,Away,189,72,189,72,216
2017-18,POR,Corner 3,Home,235,91,235,91,273
2017-18,POR,Mid-range,Away,773,325,1,0,650
2017-18,POR,Mid-range,Home,678,287,0,0,574
2017-18,POR,Paint (non-RA),Away,648,251,0,0,502
2017-18,POR,Paint (non-RA),Home,452,194,0,0,388
2017-18,POR,Restricted area,Away,1064,633,0,0,1266
2017-18,POR,Restricted area,Home,1209,687,0,0,1374
2017-18,SAC,Above-break 3,Away,746,272,746,272,816
2017-18,SAC,Above-break 3,Home,765,289,765,289,867
2017-18,SAC,Corner 3,Away,234,100,234,100,300
2017-18,SAC,Corner 3,Home,189,74,189,74,222
2017-18,SAC,Mid-range,Away,818,307,4,1,615
2017-18,SAC,Mid-range,Home,852,353,4,2,708
2017-18,SAC,Paint (non-RA),Away,701,263,0,0,526
2017-18,SAC,Paint (non-RA),Home,764,303,0,0,606
2017-18,SAC,Restricted area,Away,1041,615,0,0,1230
2017-18,SAC,Restricted area,Home,928,603,0,0,1206
2017-18,SAS,Above-break 3,Away,725,246,725,246,738
2017-18,SAS,Above-break 3,Home,757,257,757,257,771
2017-18,SAS,Corner 3,Away,212,80,212,80,240
2017-18,SAS,Corner 3,Home,263,111,263,111,333
2017-18,SAS,Mid-range,Away,901,335,4,2,672
2017-18,SAS,Mid-range,Home,845,378,0,0,756
2017-18,SAS,Paint (non-RA),Away,684,269,0,0,538
2017-18,SAS,Paint (non-RA),Home,567,231,0,0,462
2017-18,SAS,Restricted area,Away,974,618,0,0,1236
2017-18,SAS,Restricted area,Home,1055,677,0,0,1354
2017-18,TOR,Above-break 3,Away,1014,343,1014,343,1029
2017-18,TOR,Above-break 3,Home,977,351,977,351,1053
2017-18,TOR,Corner 3,Away,325,131,325,131,393
2017-18,TOR,Corner 3,Home,365,140,365,140,420
2017-18,TOR,Mid-range,Away,487,219,4,1,439
2017-18,TOR,Mid-range,Home,529,204,1,1,409
2017-18,TOR,Paint (non-RA),Away,532,225,0,0,450
2017-18,TOR,Paint (non-RA),Home,547,227,0,0,454
2017-18,TOR,Restricted area,Away,1156,751,0,0,1502
2017-18,TOR,Restricted area,Home,1218,791,0,0,1582
2017-18,UTA,Above-break 3,Away,846,318,845,318,954
2017-18,UTA,Above-break 3,Home,871,279,871,279,837
2017-18,UTA,Corner 3,Away,323,130,323,130,390
2017-18,UTA,Corner 3,Home,369,159,369,159,477
2017-18,UTA,Mid-range,Away,596,239,2,0,478
2017-18,UTA,Mid-range,Home,502,195,1,1,391
2017-18,UTA,Paint (non-RA),Away,543,198,0,0,396
2017-18,UTA,Paint (non-RA),Home,543,210,0,0,420
2017-18,UTA,Restricted area,Away,1104,684,0,0,1368
2017-18,UTA,Restricted area,Home,1086,727,0,0,1454
2017-18,WAS,Above-break 3,Away,843,302,843,302,906
2017-18,WAS,Above-break 3,Home,874,346,874,346,1038
2017-18,WAS,Corner 3,Away,241,96,241,96,288
2017-18,WAS,Corner 3,Home,195,70,195,70,210
2017-18,WAS,Mid-range,Away,886,370,3,0,740
2017-18,WAS,Mid-range,Home,851,358,1,0,716
2017-18,WAS,Paint (non-RA),Away,608,242,0,0,484
2017-18,WAS,Paint (non-RA),Home,564,252,0,0,504
2017-18,WAS,Restricted area,Away,954,600,0,0,1200
2017-18,WAS,Restricted area,Home,986,639,0,0,1278
2018-19,ATL,Above-break 3,Away,1088,373,1088,373,1119
2018-19,ATL,Above-break 3,Home,1115,375,1115,375,1125
2018-19,ATL,Corner 3,Away,384,152,384,152,456
2018-19,ATL,Corner 3,Home,424,164,424,164,492
2018-19,ATL,Mid-range,Away,311,102,1,1,205
2018-19,ATL,Mid-range,Home,325,129,2,2,260
2018-19,ATL,Paint (non-RA),Away,555,207,0,0,414
2018-19,ATL,Paint (non-RA),Home,558,214,0,0,428
2018-19,ATL,Restricted area,Away,1366,829,0,0,1658
2018-19,ATL,Restricted area,Home,1378,847,0,0,1694
2018-19,BKN,Above-break 3,Away,1190,403,1190,403,1209
2018-19,BKN,Above-break 3,Home,1167,419,1166,419,1257
2018-19,BKN,Corner 3,Away,293,119,293,119,357
2018-19,BKN,Corner 3,Home,294,99,294,99,297
2018-19,BKN,Mid-range,Away,353,126,1,1,253
2018-19,BKN,Mid-range,Home,319,135,7,5,275
2018-19,BKN,Paint (non-RA),Away,563,209,0,0,418
2018-19,BKN,Paint (non-RA),Home,637,242,0,0,484
2018-19,BKN,Restricted area,Away,1262,759,0,0,1518
2018-19,BKN,Restricted area,Home,1266,789,0,0,1578
2018-19,BOS,Above-break 3,Away,1107,408,1106,408,1224
2018-19,BOS,Above-break 3,Home,1111,414,1111,414,1242
2018-19,BOS,Corner 3,Away,294,105,294,105,315
2018-19,BOS,Corner 3,Home,308,105,308,105,315
2018-19,BOS,Mid-range,Away,714,298,2,0,596
2018-19,BOS,Mid-range,Home,664,285,1,0,570
2018-19,BOS,Paint (non-RA),Away,551,238,0,0,476
2018-19,BOS,Paint (non-RA),Home,538,227,0,0,454
2018-19,BOS,Restricted area,Away,1026,641,0,0,1282
2018-19,BOS,Restricted area,Home,1103,730,0,0,1460
2018-19,CHA,Above-break 3,Away,1126,371,1126,371,1113
2018-19,CHA,Above-break 3,Home,1046,372,1046,372,1116
2018-19,CHA,Corner 3,Away,282,114,282,114,342
2018-19,CHA,Corner 3,Home,289,118,289,118,354
2018-19,CHA,Mid-range,Away,513,221,3,0,442
2018-19,CHA,Mid-range,Home,476,181,0,0,362
2018-19,CHA,Paint (non-RA),Away,633,244,0,0,488
2018-19,CHA,Paint (non-RA),Home,536,234,0,0,468
2018-19,CHA,Restricted area,Away,1142,667,0,0,1334
2018-19,CHA,Restricted area,Home,1282,773,0,0,1546
2018-19,CHI,Above-break 3,Away,799,277,799,277,831
2018-19,CHI,Above-break 3,Home,819,271,819,271,813
2018-19,CHI,Corner 3,Away,265,107,265,107,321
2018-19,CHI,Corner 3,Home,221,88,221,88,264
2018-19,CHI,Mid-range,Away,586,232,4,2,466
2018-19,CHI,Mid-range,Home,604,209,1,0,418
2018-19,CHI,Paint (non-RA),Away,766,319,0,0,638
2018-19,CHI,Paint (non-RA),Home,628,260,0,0,520
2018-19,CHI,Restricted area,Away,1168,708,0,0,1416
2018-19,CHI,Restricted area,Home,1335,795,0,0,1590
2018-19,CLE,Above-break 3,Away,881,314,880,314,942
2018-19,CLE,Above-break 3,Home,970,341,969,341,1023
2018-19,CLE,Corner 3,Away,255,85,255,85,255
2018-19,CLE,Corner 3,Home,269,106,269,106,318
2018-19,CLE,Mid-range,Away,602,230,2,1,461
2018-19,CLE,Mid-range,Home,679,289,2,0,578
2018-19,CLE,Paint (non-RA),Away,732,276,0,0,552
2018-19,CLE,Paint (non-RA),Home,571,226,0,0,452
2018-19,CLE,Restricted area,Away,1111,683,0,0,1366
2018-19,CLE,Restricted area,Home,1103,639,0,0,1278
2018-19,DAL,Above-break 3,Away,1172,382,1172,382,1146
2018-19,DAL,Above-break 3,Home,1190,404,1190,404,1212
2018-19,DAL,Corner 3,Away,319,127,319,127,381
2018-19,DAL,Corner 3,Home,292,108,292,108,324
2018-19,DAL,Mid-range,Away,455,168,2,0,336
2018-19,DAL,Mid-range,Home,427,166,1,0,332
2018-19,DAL,Paint (non-RA),Away,548,211,0,0,422
2018-19,DAL,Paint (non-RA),Home,530,210,0,0,420
2018-19,DAL,Restricted area,Away,1090,698,0,0,1396
2018-19,DAL,Restricted area,Home,1073,707,0,0,1414
2018-19,DEN,Above-break 3,Away,1032,341,1032,341,1023
2018-19,DEN,Above-break 3,Home,993,349,991,349,1047
2018-19,DEN,Corner 3,Away,264,109,264,109,327
2018-19,DEN,Corner 3,Home,255,97,255,97,291
2018-19,DEN,Mid-range,Away,525,202,1,0,404
2018-19,DEN,Mid-range,Home,458,202,11,6,410
2018-19,DEN,Paint (non-RA),Away,780,311,0,0,622
2018-19,DEN,Paint (non-RA),Home,683,323,0,0,646
2018-19,DEN,Restricted area,Away,1122,703,0,0,1406
2018-19,DEN,Restricted area,Home,1255,801,0,0,1602
2018-19,DET,Above-break 3,Away,1082,371,1082,371,1113
2018-19,DET,Above-break 3,Home,982,332,982,332,996
2018-19,DET,Corner 3,Away,389,146,389,146,438
2018-19,DET,Corner 3,Home,370,143,370,143,429
2018-19,DET,Mid-range,Away,474,179,1,1,359
2018-19,DET,Mid-range,Home,409,176,1,0,352
2018-19,DET,Paint (non-RA),Away,492,182,0,0,364
2018-19,DET,Paint (non-RA),Home,727,269,0,0,538
2018-19,DET,Restricted area,Away,1160,679,0,0,1358
2018-19,DET,Restricted area,Home,1124,708,0,0,1416
2018-19,GSW,Above-break 3,Away,1063,415,1063,415,1245
2018-19,GSW,Above-break 3,Home,1158,422,1158,422,1266
2018-19,GSW,Corner 3,Away,322,130,322,130,390
2018-19,GSW,Corner 3,Home,261,118,261,118,354
2018-19,GSW,Mid-range,Away,794,365,0,0,730
2018-19,GSW,Mid-range,Home,810,387,1,0,774
2018-19,GSW,Paint (non-RA),Away,395,177,0,0,354
2018-19,GSW,Paint (non-RA),Home,501,215,0,0,430
2018-19,GSW,Restricted area,Away,1092,710,0,0,1420
2018-19,GSW,Restricted area,Home,946,671,0,0,1342
2018-19,HOU,Above-break 3,Away,1379,479,1379,479,1437
2018-19,HOU,Above-break 3,Home,1394,496,1394,496,1488
2018-19,HOU,Corner 3,Away,432,152,432,152,456
2018-19,HOU,Corner 3,Home,503,193,503,193,579
2018-19,HOU,Mid-range,Away,206,93,4,2,188
2018-19,HOU,Mid-range,Home,190,78,1,0,156
2018-19,HOU,Paint (non-RA),Away,434,176,0,0,352
2018-19,HOU,Paint (non-RA),Home,451,169,0,0,338
2018-19,HOU,Restricted area,Away,1121,697,0,0,1394
2018-19,HOU,Restricted area,Home,1045,684,0,0,1368
2018-19,IND,Above-break 3,Away,760,257,760,257,771
2018-19,IND,Above-break 3,Home,804,304,804,304,912
2018-19,IND,Corner 3,Away,249,115,249,115,345
2018-19,IND,Corner 3,Home,255,101,255,101,303
2018-19,IND,Mid-range,Away,728,296,2,1,593
2018-19,IND,Mid-range,Home,782,313,1,0,626
2018-19,IND,Paint (non-RA),Away,571,225,0,0,450
2018-19,IND,Paint (non-RA),Home,487,226,0,0,452
2018-19,IND,Restricted area,Away,1233,779,0,0,1558
2018-19,IND,Restricted area,Home,1256,773,0,0,1546
2018-19,LAC,Above-break 3,Away,778,297,778,297,891
2018-19,LAC,Above-break 3,Home,849,329,849,329,987
2018-19,LAC,Corner 3,Away,224,97,224,97,291
2018-19,LAC,Corner 3,Home,244,96,244,96,288
2018-19,LAC,Mid-range,Away,624,250,5,1,501
2018-19,LAC,Mid-range,Home,532,214,2,1,429
2018-19,LAC,Paint (non-RA),Away,714,287,0,0,574
2018-19,LAC,Paint (non-RA),Home,649,271,0,0,542
2018-19,LAC,Restricted area,Away,1146,701,0,0,1402
2018-19,LAC,Restricted area,Home,1402,842,0,0,1684
2018-19,LAL,Above-break 3,Away,969,332,968,332,996
2018-19,LAL,Above-break 3,Home,992,318,992,318,954
2018-19,LAL,Corner 3,Away,310,109,310,109,327
2018-19,LAL,Corner 3,Home,256,88,256,88,264
2018-19,LAL,Mid-range,Away,504,200,3,0,400
2018-19,LAL,Mid-range,Home,411,164,1,0,328
2018-19,LAL,Paint (non-RA),Away,541,192,0,0,384
2018-19,LAL,Paint (non-RA),Home,493,189,0,0,378
2018-19,LAL,Restricted area,Away,1413,922,0,0,1844
2018-19,LAL,Restricted area,Home,1525,977,0,0,1954
2018-19,MEM,Above-break 3,Away,871,297,870,297,891
2018-19,MEM,Above-break 3,Home,907,306,907,306,918
2018-19,MEM,Corner 3,Away,302,123,302,123,369
2018-19,MEM,Corner 3,Home,274,84,274,84,252
2018-19,MEM,Mid-range,Away,539,210,1,1,421
2018-19,MEM,Mid-range,Home,482,193,0,0,386
2018-19,MEM,Paint (non-RA),Away,659,238,0,0,476
2018-19,MEM,Paint (non-RA),Home,710,322,0,0,644
2018-19,MEM,Restricted area,Away,1049,670,0,0,1340
2018-19,MEM,Restricted area,Home,1117,670,0,0,1340
2018-19,MIA,Above-break 3,Away,1032,354,1032,354,1062
2018-19,MIA,Above-break 3,Home,878,299,878,299,897
2018-19,MIA,Corner 3,Away,308,113,308,113,339
2018-19,MIA,Corner 3,Home,420,161,420,161,483
2018-19,MIA,Mid-range,Away,456,172,4,0,344
2018-19,MIA,Mid-range,Home,442,145,0,0,290
2018-19,MIA,Paint (non-RA),Away,627,239,0,0,478
2018-19,MIA,Paint (non-RA),Home,644,268,0,0,536
2018-19,MIA,Restricted area,Away,1184,756,0,0,1512
2018-19,MIA,Restricted area,Home,1211,743,0,0,1486
2018-19,MIL,Above-break 3,Away,1212,404,1212,404,1212
2018-19,MIL,Above-break 3,Home,1277,459,1277,459,1377
2018-19,MIL,Corner 3,Away,325,128,325,128,384
2018-19,MIL,Corner 3,Home,309,114,309,114,342
2018-19,MIL,Mid-range,Away,359,139,2,0,278
2018-19,MIL,Mid-range,Home,327,126,1,0,252
2018-19,MIL,Paint (non-RA),Away,484,183,0,0,366
2018-19,MIL,Paint (non-RA),Home,377,152,0,0,304
2018-19,MIL,Restricted area,Away,1359,898,0,0,1796
2018-19,MIL,Restricted area,Home,1434,952,0,0,1904
2018-19,MIN,Above-break 3,Away,844,297,843,297,891
2018-19,MIN,Above-break 3,Home,950,318,949,318,954
2018-19,MIN,Corner 3,Away,284,102,284,102,306
2018-19,MIN,Corner 3,Home,256,105,256,105,315
2018-19,MIN,Mid-range,Away,695,278,2,0,556
2018-19,MIN,Mid-range,Home,719,283,8,5,571
2018-19,MIN,Paint (non-RA),Away,709,264,0,0,528
2018-19,MIN,Paint (non-RA),Home,601,251,0,0,502
2018-19,MIN,Restricted area,Away,1199,743,0,0,1486
2018-19,MIN,Restricted area,Home,1211,772,0,0,1544
2018-19,NOP,Above-break 3,Away,955,335,955,335,1005
2018-19,NOP,Above-break 3,Home,943,315,943,315,945
2018-19,NOP,Corner 3,Away,253,89,253,89,267
2018-19,NOP,Corner 3,Home,278,97,278,97,291
2018-19,NOP,Mid-range,Away,519,194,6,4,392
2018-19,NOP,Mid-range,Home,439,164,2,2,330
2018-19,NOP,Paint (non-RA),Away,753,343,0,0,686
2018-19,NOP,Paint (non-RA),Home,688,282,0,0,564
2018-19,NOP,Restricted area,Away,1288,833,0,0,1666
2018-19,NOP,Restricted area,Home,1435,929,0,0,1858
2018-19,NYK,Above-break 3,Away,958,318,958,318,954
2018-19,NYK,Above-break 3,Home,1014,352,1014,352,1056
2018-19,NYK,Corner 3,Away,196,69,196,69,207
2018-19,NYK,Corner 3,Home,239,81,239,81,243
2018-19,NYK,Mid-range,Away,711,270,3,2,542
2018-19,NYK,Mid-range,Home,633,238,4,1,477
2018-19,NYK,Paint (non-RA),Away,588,215,0,0,430
2018-19,NYK,Paint (non-RA),Home,439,168,0,0,336
2018-19,NYK,Restricted area,Away,1187,678,0,0,1356
2018-19,NYK,Restricted area,Home,1269,745,0,0,1490
2018-19,OKC,Above-break 3,Away,999,340,998,340,1020
2018-19,OKC,Above-break 3,Home,931,318,931,318,954
2018-19,OKC,Corner 3,Away,333,116,333,116,348
2018-19,OKC,Corner 3,Home,388,155,388,155,465
2018-19,OKC,Mid-range,Away,619,244,1,0,488
2018-19,OKC,Mid-range,Home,543,198,5,1,397
2018-19,OKC,Paint (non-RA),Away,588,227,0,0,454
2018-19,OKC,Paint (non-RA),Home,499,175,0,0,350
2018-19,OKC,Restricted area,Away,1306,830,0,0,1660
2018-19,OKC,Restricted area,Home,1479,892,0,0,1784
2018-19,ORL,Above-break 3,Away,1059,372,1059,372,1116
2018-19,ORL,Above-break 3,Home,1019,362,1018,361,1085
2018-19,ORL,Corner 3,Away,268,99,268,99,297
2018-19,ORL,Corner 3,Home,262,103,262,103,309
2018-19,ORL,Mid-range,Away,735,287,3,2,576
2018-19,ORL,Mid-range,Home,697,288,0,0,576
2018-19,ORL,Paint (non-RA),Away,536,207,0,0,414
2018-19,ORL,Paint (non-RA),Home,616,261,0,0,522
2018-19,ORL,Restricted area,Away,1070,663,0,0,1326
2018-19,ORL,Restricted area,Home,1022,674,0,0,1348
2018-19,PHI,Above-break 3,Away,998,338,998,338,1014
2018-19,PHI,Above-break 3,Home,993,373,993,373,1119
2018-19,PHI,Corner 3,Away,265,89,265,89,267
2018-19,PHI,Corner 3,Home,202,87,202,87,261
2018-19,PHI,Mid-range,Away,669,257,1,0,514
2018-19,PHI,Mid-range,Home,567,238,4,2,478
2018-19,PHI,Paint (non-RA),Away,562,233,0,0,466
2018-19,PHI,Paint (non-RA),Home,605,237,0,0,474
2018-19,PHI,Restricted area,Away,1152,755,0,0,1510
2018-19,PHI,Restricted area,Home,1209,800,0,0,1600
2018-19,PHX,Above-break 3,Away,905,284,904,283,851
2018-19,PHX,Above-break 3,Home,889,308,889,308,924
2018-19,PHX,Corner 3,Away,288,91,288,91,273
2018-19,PHX,Corner 3,Home,301,105,301,105,315
2018-19,PHX,Mid-range,Away,580,238,4,2,478
2018-19,PHX,Mid-range,Home,562,222,0,0,444
2018-19,PHX,Paint (non-RA),Away,691,296,0,0,592
2018-19,PHX,Paint (non-RA),Home,550,238,0,0,476
2018-19,PHX,Restricted area,Away,1139,725,0,0,1450
2018-19,PHX,Restricted area,Home,1245,781,0,0,1562
2018-19,POR,Above-break 3,Away,999,351,999,351,1053
2018-19,POR,Above-break 3,Home,1103,406,1103,406,1218
2018-19,POR,Corner 3,Away,190,64,190,64,192
2018-19,POR,Corner 3,Home,217,83,217,83,249
2018-19,POR,Mid-range,Away,645,258,1,0,516
2018-19,POR,Mid-range,Home,606,287,2,0,574
2018-19,POR,Paint (non-RA),Away,565,215,0,0,430
2018-19,POR,Paint (non-RA),Home,416,189,0,0,378
2018-19,POR,Restricted area,Away,1297,797,0,0,1594
2018-19,POR,Restricted area,Home,1381,820,0,0,1640
2018-19,SAC,Above-break 3,Away,949,356,949,356,1068
2018-19,SAC,Above-break 3,Home,966,363,966,363,1089
2018-19,SAC,Corner 3,Away,246,97,246,97,291
2018-19,SAC,Corner 3,Home,275,109,275,109,327
2018-19,SAC,Mid-range,Away,636,248,2,2,498
2018-19,SAC,Mid-range,Home,616,242,0,0,484
2018-19,SAC,Paint (non-RA),Away,735,293,0,0,586
2018-19,SAC,Paint (non-RA),Home,733,281,0,0,562
2018-19,SAC,Restricted area,Away,1220,769,0,0,1538
2018-19,SAC,Restricted area,Home,1244,783,0,0,1566
2018-19,SAS,Above-break 3,Away,863,312,863,312,936
2018-19,SAS,Above-break 3,Home,767,306,767,306,918
2018-19,SAS,Corner 3,Away,198,80,198,80,240
2018-19,SAS,Corner 3,Home,227,114,227,114,342
2018-19,SAS,Mid-range,Away,1003,408,1,0,816
2018-19,SAS,Mid-range,Home,1036,475,0,0,950
2018-19,SAS,Paint (non-RA),Away,670,316,0,0,632
2018-19,SAS,Paint (non-RA),Home,710,311,0,0,622
2018-19,SAS,Restricted area,Away,923,606,0,0,1212
2018-19,SAS,Restricted area,Home,836,540,0,0,1080
2018-19,TOR,Above-break 3,Away,1018,355,1018,355,1065
2018-19,TOR,Above-break 3,Home,944,322,944,322,966
2018-19,TOR,Corner 3,Away,383,160,383,160,480
2018-19,TOR,Corner 3,Home,408,177,408,177,531
2018-19,TOR,Mid-range,Away,537,232,3,1,465
2018-19,TOR,Mid-range,Home,516,226,0,0,452
2018-19,TOR,Paint (non-RA),Away,622,266,0,0,532
2018-19,TOR,Paint (non-RA),Home,513,221,0,0,442
2018-19,TOR,Restricted area,Away,1065,691,0,0,1382
2018-19,TOR,Restricted area,Home,1284,810,0,0,1620
2018-19,UTA,Above-break 3,Away,942,323,942,323,969
2018-19,UTA,Above-break 3,Home,992,352,988,352,1056
2018-19,UTA,Corner 3,Away,380,142,380,142,426
2018-19,UTA,Corner 3,Home,458,175,458,175,525
2018-19,UTA,Mid-range,Away,384,146,1,0,292
2018-19,UTA,Mid-range,Home,340,134,1,0,268
2018-19,UTA,Paint (non-RA),Away,492,189,0,0,378
2018-19,UTA,Paint (non-RA),Home,531,196,0,0,392
2018-19,UTA,Restricted area,Away,1321,857,0,0,1714
2018-19,UTA,Restricted area,Home,1223,799,0,0,1598
2018-19,WAS,Above-break 3,Away,1037,340,1036,340,1020
2018-19,WAS,Above-break 3,Home,1055,360,1055,360,1080
2018-19,WAS,Corner 3,Away,380,132,380,132,396
2018-19,WAS,Corner 3,Home,247,97,247,97,291
2018-19,WAS,Mid-range,Away,606,250,1,1,501
2018-19,WAS,Mid-range,Home,583,225,0,0,450
2018-19,WAS,Paint (non-RA),Away,430,173,0,0,346
2018-19,WAS,Paint (non-RA),Home,514,198,0,0,396
2018-19,WAS,Restricted area,Away,1246,792,0,0,1584
2018-19,WAS,Restricted area,Home,1277,889,0,0,1778
2019-20,ATL,Above-break 3,Away,969,310,969,310,930
2019-20,ATL,Above-break 3,Home,913,319,913,319,957
2019-20,ATL,Corner 3,Away,272,90,272,90,270
2019-20,ATL,Corner 3,Home,248,86,248,86,258
2019-20,ATL,Mid-range,Away,273,98,2,0,196
2019-20,ATL,Mid-range,Home,324,131,0,0,262
2019-20,ATL,Paint (non-RA),Away,527,203,0,0,406
2019-20,ATL,Paint (non-RA),Home,571,231,0,0,462
2019-20,ATL,Restricted area,Away,926,604,0,0,1208
2019-20,ATL,Restricted area,Home,1032,651,0,0,1302
2019-20,BKN,Above-break 3,Away,1132,358,1132,358,1074
2019-20,BKN,Above-break 3,Home,973,347,972,347,1041
2019-20,BKN,Corner 3,Away,315,117,315,117,351
2019-20,BKN,Corner 3,Home,309,117,309,117,351
2019-20,BKN,Mid-range,Away,251,87,1,0,174
2019-20,BKN,Mid-range,Home,253,98,4,2,198
2019-20,BKN,Paint (non-RA),Away,428,155,0,0,310
2019-20,BKN,Paint (non-RA),Home,485,181,0,0,362
2019-20,BKN,Restricted area,Away,1185,722,0,0,1444
2019-20,BKN,Restricted area,Home,1154,726,0,0,1452
2019-20,BOS,Above-break 3,Away,998,344,997,344,1032
2019-20,BOS,Above-break 3,Home,987,376,987,376,1128
2019-20,BOS,Corner 3,Away,242,95,242,95,285
2019-20,BOS,Corner 3,Home,239,90,239,90,270
2019-20,BOS,Mid-range,Away,381,165,0,0,330
2019-20,BOS,Mid-range,Home,433,182,0,0,364
2019-20,BOS,Paint (non-RA),Away,523,204,0,0,408
2019-20,BOS,Paint (non-RA),Home,536,213,0,0,426
2019-20,BOS,Restricted area,Away,1067,651,0,0,1302
2019-20,BOS,Restricted area,Home,1020,651,0,0,1302
2019-20,CHA,Above-break 3,Away,924,313,924,313,939
2019-20,CHA,Above-break 3,Home,815,285,815,285,855
2019-20,CHA,Corner 3,Away,249,97,249,97,291
2019-20,CHA,Corner 3,Home,228,89,228,89,267
2019-20,CHA,Mid-range,Away,224,66,1,1,133
2019-20,CHA,Mid-range,Home,185,65,0,0,130
2019-20,CHA,Paint (non-RA),Away,576,203,0,0,406
2019-20,CHA,Paint (non-RA),Home,409,145,0,0,290
2019-20,CHA,Restricted area,Away,948,575,0,0,1150
2019-20,CHA,Restricted area,Home,1014,587,0,0,1174
2019-20,CHI,Above-break 3,Away,841,288,840,288,864
2019-20,CHI,Above-break 3,Home,895,299,895,299,897
2019-20,CHI,Corner 3,Away,255,97,255,97,291
2019-20,CHI,Corner 3,Home,279,108,279,108,324
2019-20,CHI,Mid-range,Away,236,81,0,0,162
2019-20,CHI,Mid-range,Home,257,92,1,1,185
2019-20,CHI,Paint (non-RA),Away,451,162,0,0,324
2019-20,CHI,Paint (non-RA),Home,388,153,0,0,306
2019-20,CHI,Restricted area,Away,949,605,0,0,1210
2019-20,CHI,Restricted area,Home,1199,688,0,0,1376
2019-20,CLE,Above-break 3,Away,713,227,713,227,681
2019-20,CLE,Above-break 3,Home,925,331,925,331,993
2019-20,CLE,Corner 3,Away,190,73,190,73,219
2019-20,CLE,Corner 3,Home,231,96,231,96,288
2019-20,CLE,Mid-range,Away,319,126,2,0,252
2019-20,CLE,Mid-range,Home,388,165,2,0,330
2019-20,CLE,Paint (non-RA),Away,516,230,0,0,460
2019-20,CLE,Paint (non-RA),Home,537,224,0,0,448
2019-20,CLE,Restricted area,Away,792,495,0,0,990
2019-20,CLE,Restricted area,Home,1097,652,0,0,1304
2019-20,DAL,Above-break 3,Away,1206,432,1206,432,1296
2019-20,DAL,Above-break 3,Home,1194,431,1194,431,1293
2019-20,DAL,Corner 3,Away,311,124,311,124,372
2019-20,DAL,Corner 3,Home,359,148,359,148,444
2019-20,DAL,Mid-range,Away,355,137,6,1,275
2019-20,DAL,Mid-range,Home,389,171,0,0,342
2019-20,DAL,Paint (non-RA),Away,490,187,0,0,374
2019-20,DAL,Paint (non-RA),Home,574,231,0,0,462
2019-20,DAL,Restricted area,Away,969,657,0,0,1314
2019-20,DAL,Restricted area,Home,906,606,0,0,1212
2019-20,DEN,Above-break 3,Away,870,317,870,317,951
2019-20,DEN,Above-break 3,Home,836,278,835,278,834
2019-20,DEN,Corner 3,Away,251,102,251,102,306
2019-20,DEN,Corner 3,Home,251,101,251,101,303
2019-20,DEN,Mid-range,Away,531,234,2,0,468
2019-20,DEN,Mid-range,Home,497,220,7,3,443
2019-20,DEN,Paint (non-RA),Away,567,227,0,0,454
2019-20,DEN,Paint (non-RA),Home,593,234,0,0,468
2019-20,DEN,Restricted area,Away,967,613,0,0,1226
2019-20,DEN,Restricted area,Home,1107,743,0,0,1486
2019-20,DET,Above-break 3,Away,762,258,761,258,774
2019-20,DET,Above-break 3,Home,741,263,741,263,789
2019-20,DET,Corner 3,Away,311,128,311,128,384
2019-20,DET,Corner 3,Home,325,139,325,139,417
2019-20,DET,Mid-range,Away,278,112,2,1,225
2019-20,DET,Mid-range,Home,264,102,4,1,205
2019-20,DET,Paint (non-RA),Away,505,180,0,0,360
2019-20,DET,Paint (non-RA),Home,541,209,0,0,418
2019-20,DET,Restricted area,Away,965,588,0,0,1176
2019-20,DET,Restricted area,Home,953,615,0,0,1230
2019-20,GSW,Above-break 3,Away,752,237,752,237,711
2019-20,GSW,Above-break 3,Home,870,284,870,284,852
2019-20,GSW,Corner 3,Away,192,76,192,76,228
2019-20,GSW,Corner 3,Home,206,81,206,81,243
2019-20,GSW,Mid-range,Away,516,210,1,0,420
2019-20,GSW,Mid-range,Home,512,199,0,0,398
2019-20,GSW,Paint (non-RA),Away,408,146,0,0,292
2019-20,GSW,Paint (non-RA),Home,618,248,0,0,496
2019-20,GSW,Restricted area,Away,900,533,0,0,1066
2019-20,GSW,Restricted area,Home,745,496,0,0,992
2019-20,HOU,Above-break 3,Away,1234,428,1234,428,1284
2019-20,HOU,Above-break 3,Home,1176,376,1176,376,1128
2019-20,HOU,Corner 3,Away,399,156,399,156,468
2019-20,HOU,Corner 3,Home,438,164,438,164,492
2019-20,HOU,Mid-range,Away,210,92,3,1,185
2019-20,HOU,Mid-range,Home,188,69,1,1,139
2019-20,HOU,Paint (non-RA),Away,313,117,0,0,234
2019-20,HOU,Paint (non-RA),Home,364,136,0,0,272
2019-20,HOU,Restricted area,Away,1063,668,0,0,1336
2019-20,HOU,Restricted area,Home,1117,730,0,0,1460
2019-20,IND,Above-break 3,Away,765,272,764,271,815
2019-20,IND,Above-break 3,Home,780,277,780,277,831
2019-20,IND,Corner 3,Away,261,110,261,110,330
2019-20,IND,Corner 3,Home,230,84,230,84,252
2019-20,IND,Mid-range,Away,609,251,1,1,503
2019-20,IND,Mid-range,Home,656,281,0,0,562
2019-20,IND,Paint (non-RA),Away,558,235,0,0,470
2019-20,IND,Paint (non-RA),Home,428,213,0,0,426
2019-20,IND,Restricted area,Away,1071,678,0,0,1356
2019-20,IND,Restricted area,Home,1089,674,0,0,1348
2019-20,LAC,Above-break 3,Away,856,313,856,313,939
2019-20,LAC,Above-break 3,Home,895,322,895,322,966
2019-20,LAC,Corner 3,Away,313,117,313,117,351
2019-20,LAC,Corner 3,Home,328,139,328,139,417
2019-20,LAC,Mid-range,Away,530,207,3,1,415
2019-20,LAC,Mid-range,Home,440,176,4,3,355
2019-20,LAC,Paint (non-RA),Away,533,226,0,0,452
2019-20,LAC,Paint (non-RA),Home,512,215,0,0,430
2019-20,LAC,Restricted area,Away,951,618,0,0,1236
2019-20,LAC,Restricted area,Home,1056,659,0,0,1318
2019-20,LAL,Above-break 3,Away,775,249,775,249,747
2019-20,LAL,Above-break 3,Home,840,284,839,283,851
2019-20,LAL,Corner 3,Away,346,145,346,145,435
2019-20,LAL,Corner 3,Home,269,104,269,104,312
2019-20,LAL,Mid-range,Away,514,193,3,1,387
2019-20,LAL,Mid-range,Home,437,157,0,0,314
2019-20,LAL,Paint (non-RA),Away,395,156,0,0,312
2019-20,LAL,Paint (non-RA),Home,417,154,0,0,308
2019-20,LAL,Restricted area,Away,1128,775,0,0,1550
2019-20,LAL,Restricted area,Home,1138,789,0,0,1578
2019-20,MEM,Above-break 3,Away,882,303,881,303,909
2019-20,MEM,Above-break 3,Home,888,301,888,301,903
2019-20,MEM,Corner 3,Away,268,104,268,104,312
2019-20,MEM,Corner 3,Home,245,89,245,89,267
2019-20,MEM,Mid-range,Away,347,130,2,0,260
2019-20,MEM,Mid-range,Home,349,140,1,1,281
2019-20,MEM,Paint (non-RA),Away,770,331,0,0,662
2019-20,MEM,Paint (non-RA),Home,753,350,0,0,700
2019-20,MEM,Restricted area,Away,1005,642,0,0,1284
2019-20,MEM,Restricted area,Home,1115,716,0,0,1432
2019-20,MIA,Above-break 3,Away,1012,366,1012,366,1098
2019-20,MIA,Above-break 3,Home,914,370,914,370,1110
2019-20,MIA,Corner 3,Away,295,108,295,108,324
2019-20,MIA,Corner 3,Home,343,135,343,135,405
2019-20,MIA,Mid-range,Away,421,147,1,0,294
2019-20,MIA,Mid-range,Home,396,153,0,0,306
2019-20,MIA,Paint (non-RA),Away,497,189,0,0,378
2019-20,MIA,Paint (non-RA),Home,448,198,0,0,396
2019-20,MIA,Restricted area,Away,891,602,0,0,1204
2019-20,MIA,Restricted area,Home,924,612,0,0,1224
2019-20,MIL,Above-break 3,Away,1131,375,1131,375,1125
2019-20,MIL,Above-break 3,Home,1089,395,1089,395,1185
2019-20,MIL,Corner 3,Away,321,121,321,121,363
2019-20,MIL,Corner 3,Home,288,114,288,114,342
2019-20,MIL,Mid-range,Away,445,203,1,1,407
2019-20,MIL,Mid-range,Home,322,153,1,1,307
2019-20,MIL,Paint (non-RA),Away,491,202,0,0,404
2019-20,MIL,Paint (non-RA),Home,436,175,0,0,350
2019-20,MIL,Restricted area,Away,1064,719,0,0,1438
2019-20,MIL,Restricted area,Home,1042,703,0,0,1406
2019-20,MIN,Above-break 3,Away,1047,380,1047,380,1140
2019-20,MIN,Above-break 3,Home,1023,319,1023,319,957
2019-20,MIN,Corner 3,Away,207,64,207,64,192
2019-20,MIN,Corner 3,Home,250,89,250,89,267
2019-20,MIN,Mid-range,Away,214,82,0,0,164
2019-20,MIN,Mid-range,Home,205,78,2,0,156
2019-20,MIN,Paint (non-RA),Away,474,169,0,0,338
2019-20,MIN,Paint (non-RA),Home,396,136,0,0,272
2019-20,MIN,Restricted area,Away,944,616,0,0,1232
2019-20,MIN,Restricted area,Home,1094,652,0,0,1304
2019-20,NOP,Above-break 3,Away,988,368,988,368,1104
2019-20,NOP,Above-break 3,Home,987,346,986,346,1038
2019-20,NOP,Corner 3,Away,317,116,317,116,348
2019-20,NOP,Corner 3,Home,343,150,343,150,450
2019-20,NOP,Mid-range,Away,405,160,2,2,322
2019-20,NOP,Mid-range,Home,352,131,1,0,262
2019-20,NOP,Paint (non-RA),Away,521,192,0,0,384
2019-20,NOP,Paint (non-RA),Home,364,140,0,0,280
2019-20,NOP,Restricted area,Away,1049,694,0,0,1388
2019-20,NOP,Restricted area,Home,1253,768,0,0,1536
2019-20,NYK,Above-break 3,Away,735,247,735,247,741
2019-20,NYK,Above-break 3,Home,715,231,715,231,693
2019-20,NYK,Corner 3,Away,221,81,221,81,243
2019-20,NYK,Corner 3,Home,189,69,189,69,207
2019-20,NYK,Mid-range,Away,580,226,1,0,452
2019-20,NYK,Mid-range,Home,478,180,4,3,363
2019-20,NYK,Paint (non-RA),Away,493,195,0,0,390
2019-20,NYK,Paint (non-RA),Home,420,159,0,0,318
2019-20,NYK,Restricted area,Away,935,574,0,0,1148
2019-20,NYK,Restricted area,Home,1123,676,0,0,1352
2019-20,OKC,Above-break 3,Away,841,294,841,294,882
2019-20,OKC,Above-break 3,Home,859,319,859,319,957
2019-20,OKC,Corner 3,Away,204,68,204,68,204
2019-20,OKC,Corner 3,Home,245,88,245,88,264
2019-20,OKC,Mid-range,Away,525,239,3,0,478
2019-20,OKC,Mid-range,Home,465,225,0,0,450
2019-20,OKC,Paint (non-RA),Away,502,198,0,0,396
2019-20,OKC,Paint (non-RA),Home,645,261,0,0,522
2019-20,OKC,Restricted area,Away,920,554,0,0,1108
2019-20,OKC,Restricted area,Home,931,632,0,0,1264
2019-20,ORL,Above-break 3,Away,998,340,998,340,1020
2019-20,ORL,Above-break 3,Home,966,325,965,324,974
2019-20,ORL,Corner 3,Away,189,78,189,78,234
2019-20,ORL,Corner 3,Home,174,63,174,63,189
2019-20,ORL,Mid-range,Away,572,209,2,1,419
2019-20,ORL,Mid-range,Home,517,198,1,0,396
2019-20,ORL,Paint (non-RA),Away,591,241,0,0,482
2019-20,ORL,Paint (non-RA),Home,517,204,0,0,408
2019-20,ORL,Restricted area,Away,1017,640,0,0,1280
2019-20,ORL,Restricted area,Home,902,572,0,0,1144
2019-20,PHI,Above-break 3,Away,974,332,974,332,996
2019-20,PHI,Above-break 3,Home,841,321,841,321,963
2019-20,PHI,Corner 3,Away,274,115,274,115,345
2019-20,PHI,Corner 3,Home,205,80,205,80,240
2019-20,PHI,Mid-range,Away,526,202,0,0,404
2019-20,PHI,Mid-range,Home,521,216,2,0,432
2019-20,PHI,Paint (non-RA),Away,632,255,0,0,510
2019-20,PHI,Paint (non-RA),Home,471,202,0,0,404
2019-20,PHI,Restricted area,Away,949,616,0,0,1232
2019-20,PHI,Restricted area,Home,1013,661,0,0,1322
2019-20,PHX,Above-break 3,Away,748,255,748,255,765
2019-20,PHX,Above-break 3,Home,982,359,982,359,1077
2019-20,PHX,Corner 3,Away,272,106,272,106,318
2019-20,PHX,Corner 3,Home,305,110,305,110,330
2019-20,PHX,Mid-range,Away,542,224,3,1,449
2019-20,PHX,Mid-range,Home,497,209,2,0,418
2019-20,PHX,Paint (non-RA),Away,522,215,0,0,430
2019-20,PHX,Paint (non-RA),Home,446,186,0,0,372
2019-20,PHX,Restricted area,Away,942,599,0,0,1198
2019-20,PHX,Restricted area,Home,1165,743,0,0,1486
2019-20,POR,Above-break 3,Away,1024,360,1024,360,1080
2019-20,POR,Above-break 3,Home,993,384,993,384,1152
2019-20,POR,Corner 3,Away,248,103,248,103,309
2019-20,POR,Corner 3,Home,245,104,245,104,312
2019-20,POR,Mid-range,Away,643,283,0,0,566
2019-20,POR,Mid-range,Home,552,236,3,1,473
2019-20,POR,Paint (non-RA),Away,567,238,0,0,476
2019-20,POR,Paint (non-RA),Home,415,175,0,0,350
2019-20,POR,Restricted area,Away,1003,612,0,0,1224
2019-20,POR,Restricted area,Home,1047,627,0,0,1254
2019-20,SAC,Above-break 3,Away,1033,366,1033,366,1098
2019-20,SAC,Above-break 3,Home,898,323,897,322,968
2019-20,SAC,Corner 3,Away,287,117,287,117,351
2019-20,SAC,Corner 3,Home,286,108,286,108,324
2019-20,SAC,Mid-range,Away,439,186,0,0,372
2019-20,SAC,Mid-range,Home,375,150,0,0,300
2019-20,SAC,Paint (non-RA),Away,535,213,0,0,426
2019-20,SAC,Paint (non-RA),Home,593,252,0,0,504
2019-20,SAC,Restricted area,Away,981,623,0,0,1246
2019-20,SAC,Restricted area,Home,929,604,0,0,1208
2019-20,SAS,Above-break 3,Away,812,301,812,301,903
2019-20,SAS,Above-break 3,Home,754,280,754,280,840
2019-20,SAS,Corner 3,Away,226,85,226,85,255
2019-20,SAS,Corner 3,Home,215,94,215,94,282
2019-20,SAS,Mid-range,Away,813,359,1,0,718
2019-20,SAS,Mid-range,Home,741,328,0,0,656
2019-20,SAS,Paint (non-RA),Away,610,262,0,0,524
2019-20,SAS,Paint (non-RA),Home,520,227,0,0,454
2019-20,SAS,Restricted area,Away,820,533,0,0,1066
2019-20,SAS,Restricted area,Home,826,526,0,0,1052
2019-20,TOR,Above-break 3,Away,1033,390,1033,390,1170
2019-20,TOR,Above-break 3,Home,999,369,999,369,1107
2019-20,TOR,Corner 3,Away,286,96,286,96,288
2019-20,TOR,Corner 3,Home,328,139,328,139,417
2019-20,TOR,Mid-range,Away,300,102,2,0,204
2019-20,TOR,Mid-range,Home,315,118,3,1,237
2019-20,TOR,Paint (non-RA),Away,399,136,0,0,272
2019-20,TOR,Paint (non-RA),Home,409,172,0,0,344
2019-20,TOR,Restricted area,Away,1119,690,0,0,1380
2019-20,TOR,Restricted area,Home,1131,685,0,0,1370
2019-20,UTA,Above-break 3,Away,938,351,938,351,1053
2019-20,UTA,Above-break 3,Home,873,321,873,321,963
2019-20,UTA,Corner 3,Away,352,143,352,143,429
2019-20,UTA,Corner 3,Home,352,146,352,146,438
2019-20,UTA,Mid-range,Away,309,124,1,0,248
2019-20,UTA,Mid-range,Home,235,104,1,1,209
2019-20,UTA,Paint (non-RA),Away,588,242,0,0,484
2019-20,UTA,Paint (non-RA),Home,606,241,0,0,482
2019-20,UTA,Restricted area,Away,944,609,0,0,1218
2019-20,UTA,Restricted area,Home,913,604,0,0,1208
2019-20,WAS,Above-break 3,Away,948,340,948,340,1020
2019-20,WAS,Above-break 3,Home,957,359,957,359,1077
2019-20,WAS,Corner 3,Away,254,100,254,100,300
2019-20,WAS,Corner 3,Home,166,64,166,64,192
2019-20,WAS,Mid-range,Away,570,223,2,0,446
2019-20,WAS,Mid-range,Home,645,260,0,0,520
2019-20,WAS,Paint (non-RA),Away,448,180,0,0,360
2019-20,WAS,Paint (non-RA),Home,534,175,0,0,350
2019-20,WAS,Restricted area,Away,1044,654,0,0,1308
2019-20,WAS,Restricted area,Home,960,634,0,0,1268
2020-21,ATL,Above-break 3,Away,949,332,949,332,996
2020-21,ATL,Above-break 3,Home,910,353,910,353,1059
2020-21,ATL,Corner 3,Away,269,111,269,111,333
2020-21,ATL,Corner 3,Home,264,99,264,99,297
2020-21,ATL,Mid-range,Away,373,166,0,0,332
2020-21,ATL,Mid-range,Home,372,155,2,0,310
2020-21,ATL,Paint (non-RA),Away,666,275,0,0,550
2020-21,ATL,Paint (non-RA),Home,620,282,0,0,564
2020-21,ATL,Restricted area,Away,886,564,0,0,1128
2020-21,ATL,Restricted area,Home,964,600,0,0,1200
2020-21,BKN,Above-break 3,Away,1013,392,1013,392,1176
2020-21,BKN,Above-break 3,Home,988,387,988,387,1161
2020-21,BKN,Corner 3,Away,309,130,309,130,390
2020-21,BKN,Corner 3,Home,280,111,280,111,333
2020-21,BKN,Mid-range,Away,396,188,0,0,376
2020-21,BKN,Mid-range,Home,285,127,1,0,254
2020-21,BKN,Paint (non-RA),Away,506,239,0,0,478
2020-21,BKN,Paint (non-RA),Home,569,258,0,0,516
2020-21,BKN,Restricted area,Away,948,617,0,0,1234
2020-21,BKN,Restricted area,Home,986,657,0,0,1314
2020-21,BOS,Above-break 3,Away,1022,380,1022,380,1140
2020-21,BOS,Above-break 3,Home,1050,391,1047,390,1172
2020-21,BOS,Corner 3,Away,258,97,258,97,291
2020-21,BOS,Corner 3,Home,273,111,273,111,333
2020-21,BOS,Mid-range,Away,404,160,1,0,320
2020-21,BOS,Mid-range,Home,437,181,1,1,363
2020-21,BOS,Paint (non-RA),Away,573,229,0,0,458
2020-21,BOS,Paint (non-RA),Home,629,279,0,0,558
2020-21,BOS,Restricted area,Away,967,615,0,0,1230
2020-21,BOS,Restricted area,Home,772,542,0,0,1084
2020-21,CHA,Above-break 3,Away,1012,360,1012,360,1080
2020-21,CHA,Above-break 3,Home,1021,368,1021,368,1104
2020-21,CHA,Corner 3,Away,315,129,315,129,387
2020-21,CHA,Corner 3,Home,307,128,307,128,384
2020-21,CHA,Mid-range,Away,313,122,0,0,244
2020-21,CHA,Mid-range,Home,306,114,0,0,228
2020-21,CHA,Paint (non-RA),Away,549,236,0,0,472
2020-21,CHA,Paint (non-RA),Home,412,166,0,0,332
2020-21,CHA,Restricted area,Away,964,587,0,0,1174
2020-21,CHA,Restricted area,Home,1114,665,0,0,1330
2020-21,CHI,Above-break 3,Away,909,314,909,314,942
2020-21,CHI,Above-break 3,Home,931,339,931,339,1017
2020-21,CHI,Corner 3,Away,273,120,273,120,360
2020-21,CHI,Corner 3,Home,319,130,319,130,390
2020-21,CHI,Mid-range,Away,459,195,0,0,390
2020-21,CHI,Mid-range,Home,385,158,2,0,316
2020-21,CHI,Paint (non-RA),Away,651,314,0,0,628
2020-21,CHI,Paint (non-RA),Home,438,168,0,0,336
2020-21,CHI,Restricted area,Away,913,605,0,0,1210
2020-21,CHI,Restricted area,Home,1090,691,0,0,1382
2020-21,CLE,Above-break 3,Away,814,247,814,247,741
2020-21,CLE,Above-break 3,Home,831,291,830,291,873
2020-21,CLE,Corner 3,Away,243,77,243,77,231
2020-21,CLE,Corner 3,Home,249,104,249,104,312
2020-21,CLE,Mid-range,Away,316,116,1,1,233
2020-21,CLE,Mid-range,Home,283,107,0,0,214
2020-21,CLE,Paint (non-RA),Away,663,270,0,0,540
2020-21,CLE,Paint (non-RA),Home,619,262,0,0,524
2020-21,CLE,Restricted area,Away,1039,644,0,0,1288
2020-21,CLE,Restricted area,Home,1114,660,0,0,1320
2020-21,DAL,Above-break 3,Away,1090,395,1090,395,1185
2020-21,DAL,Above-break 3,Home,1048,377,1048,377,1131
2020-21,DAL,Corner 3,Away,275,106,275,106,318
2020-21,DAL,Corner 3,Home,317,115,317,115,345
2020-21,DAL,Mid-range,Away,448,205,0,0,410
2020-21,DAL,Mid-range,Home,403,169,0,0,338
2020-21,DAL,Paint (non-RA),Away,516,225,0,0,450
2020-21,DAL,Paint (non-RA),Home,527,244,0,0,488
2020-21,DAL,Restricted area,Away,841,576,0,0,1152
2020-21,DAL,Restricted area,Home,808,545,0,0,1090
2020-21,DEN,Above-break 3,Away,921,334,921,334,1002
2020-21,DEN,Above-break 3,Home,962,352,962,352,1056
2020-21,DEN,Corner 3,Away,276,119,276,119,357
2020-21,DEN,Corner 3,Home,287,122,287,122,366
2020-21,DEN,Mid-range,Away,477,222,0,0,444
2020-21,DEN,Mid-range,Home,447,177,0,0,354
2020-21,DEN,Paint (non-RA),Away,536,255,0,0,510
2020-21,DEN,Paint (non-RA),Home,683,307,0,0,614
2020-21,DEN,Restricted area,Away,960,620,0,0,1240
2020-21,DEN,Restricted area,Home,857,606,0,0,1212
2020-21,DET,Above-break 3,Away,926,332,926,332,996
2020-21,DET,Above-break 3,Home,863,301,863,301,903
2020-21,DET,Corner 3,Away,298,98,298,98,294
2020-21,DET,Corner 3,Home,275,100,275,100,300
2020-21,DET,Mid-range,Away,347,135,3,1,271
2020-21,DET,Mid-range,Home,299,110,0,0,220
2020-21,DET,Paint (non-RA),Away,578,224,0,0,448
2020-21,DET,Paint (non-RA),Home,545,201,0,0,402
2020-21,DET,Restricted area,Away,994,643,0,0,1286
2020-21,DET,Restricted area,Home,1032,639,0,0,1278
2020-21,GSW,Above-break 3,Away,1082,388,1082,388,1164
2020-21,GSW,Above-break 3,Home,1063,406,1063,406,1218
2020-21,GSW,Corner 3,Away,327,130,327,130,390
2020-21,GSW,Corner 3,Home,293,120,293,120,360
2020-21,GSW,Mid-range,Away,390,142,2,2,286
2020-21,GSW,Mid-range,Home,373,151,6,1,303
2020-21,GSW,Paint (non-RA),Away,398,149,0,0,298
2020-21,GSW,Paint (non-RA),Home,581,264,0,0,528
2020-21,GSW,Restricted area,Away,1004,642,0,0,1284
2020-21,GSW,Restricted area,Home,820,580,0,0,1160
2020-21,HOU,Above-break 3,Away,1130,398,1130,398,1194
2020-21,HOU,Above-break 3,Home,1072,341,1072,341,1023
2020-21,HOU,Corner 3,Away,359,130,359,130,390
2020-21,HOU,Corner 3,Home,352,122,352,122,366
2020-21,HOU,Mid-range,Away,235,68,1,0,136
2020-21,HOU,Mid-range,Home,259,84,0,0,168
2020-21,HOU,Paint (non-RA),Away,371,151,0,0,302
2020-21,HOU,Paint (non-RA),Home,428,144,0,0,288
2020-21,HOU,Restricted area,Away,1106,705,0,0,1410
2020-21,HOU,Restricted area,Home,1051,682,0,0,1364
2020-21,IND,Above-break 3,Away,970,348,970,348,1044
2020-21,IND,Above-break 3,Home,932,319,932,319,957
2020-21,IND,Corner 3,Away,271,123,271,123,369
2020-21,IND,Corner 3,Home,266,99,266,99,297
2020-21,IND,Mid-range,Away,298,127,0,0,254
2020-21,IND,Mid-range,Home,370,156,0,0,312
2020-21,IND,Paint (non-RA),Away,612,252,0,0,504
2020-21,IND,Paint (non-RA),Home,466,209,0,0,418
2020-21,IND,Restricted area,Away,1165,751,0,0,1502
2020-21,IND,Restricted area,Home,1211,731,0,0,1462
2020-21,LAC,Above-break 3,Away,874,329,874,329,987
2020-21,LAC,Above-break 3,Home,875,355,875,355,1065
2020-21,LAC,Corner 3,Away,381,175,381,175,525
2020-21,LAC,Corner 3,Home,352,167,352,167,501
2020-21,LAC,Mid-range,Away,558,251,2,0,502
2020-21,LAC,Mid-range,Home,498,213,2,1,427
2020-21,LAC,Paint (non-RA),Away,519,232,0,0,464
2020-21,LAC,Paint (non-RA),Home,541,222,0,0,444
2020-21,LAC,Restricted area,Away,791,497,0,0,994
2020-21,LAC,Restricted area,Home,841,568,0,0,1136
2020-21,LAL,Above-break 3,Away,837,315,837,315,945
2020-21,LAL,Above-break 3,Home,815,266,814,266,798
2020-21,LAL,Corner 3,Away,293,101,293,101,303
2020-21,LAL,Corner 3,Home,292,112,292,112,336
2020-21,LAL,Mid-range,Away,494,184,1,1,369
2020-21,LAL,Mid-range,Home,401,149,2,1,299
2020-21,LAL,Paint (non-RA),Away,537,220,0,0,440
2020-21,LAL,Paint (non-RA),Home,445,187,0,0,374
2020-21,LAL,Restricted area,Away,944,625,0,0,1250
2020-21,LAL,Restricted area,Home,1130,766,0,0,1532
2020-21,MEM,Above-break 3,Away,800,284,799,284,852
2020-21,MEM,Above-break 3,Home,842,285,842,285,855
2020-21,MEM,Corner 3,Away,331,126,331,126,378
2020-21,MEM,Corner 3,Home,280,107,280,107,321
2020-21,MEM,Mid-range,Away,347,151,0,0,302
2020-21,MEM,Mid-range,Home,286,123,2,1,247
2020-21,MEM,Paint (non-RA),Away,855,381,0,0,762
2020-21,MEM,Paint (non-RA),Home,947,410,0,0,820
2020-21,MEM,Restricted area,Away,967,652,0,0,1304
2020-21,MEM,Restricted area,Home,949,566,0,0,1132
2020-21,MIA,Above-break 3,Away,1008,349,1008,349,1047
2020-21,MIA,Above-break 3,Home,922,349,922,349,1047
2020-21,MIA,Corner 3,Away,307,106,307,106,318
2020-21,MIA,Corner 3,Home,355,128,355,128,384
2020-21,MIA,Mid-range,Away,350,131,0,0,262
2020-21,MIA,Mid-range,Home,380,163,0,0,326
2020-21,MIA,Paint (non-RA),Away,462,201,0,0,402
2020-21,MIA,Paint (non-RA),Home,449,178,0,0,356
2020-21,MIA,Restricted area,Away,920,635,0,0,1270
2020-21,MIA,Restricted area,Home,862,584,0,0,1168
2020-21,MIL,Above-break 3,Away,999,384,999,384,1152
2020-21,MIL,Above-break 3,Home,1071,414,1071,414,1242
2020-21,MIL,Corner 3,Away,298,105,298,105,315
2020-21,MIL,Corner 3,Home,290,135,290,135,405
2020-21,MIL,Mid-range,Away,520,222,1,0,444
2020-21,MIL,Mid-range,Home,473,205,1,0,410
2020-21,MIL,Paint (non-RA),Away,519,252,0,0,504
2020-21,MIL,Paint (non-RA),Home,499,199,0,0,398
2020-21,MIL,Restricted area,Away,975,641,0,0,1282
2020-21,MIL,Restricted area,Home,957,664,0,0,1328
2020-21,MIN,Above-break 3,Away,1070,373,1070,373,1119
2020-21,MIN,Above-break 3,Home,1017,345,1017,345,1035
2020-21,MIN,Corner 3,Away,280,104,280,104,312
2020-21,MIN,Corner 3,Home,320,115,320,115,345
2020-21,MIN,Mid-range,Away,323,115,4,2,232
2020-21,MIN,Mid-range,Home,296,105,7,5,215
2020-21,MIN,Paint (non-RA),Away,532,229,0,0,458
2020-21,MIN,Paint (non-RA),Home,456,164,0,0,328
2020-21,MIN,Restricted area,Away,1112,694,0,0,1388
2020-21,MIN,Restricted area,Home,1132,688,0,0,1376
2020-21,NOP,Above-break 3,Away,839,290,837,289,869
2020-21,NOP,Above-break 3,Home,782,272,781,272,816
2020-21,NOP,Corner 3,Away,281,100,281,100,300
2020-21,NOP,Corner 3,Home,271,96,271,96,288
2020-21,NOP,Mid-range,Away,388,161,0,0,322
2020-21,NOP,Mid-range,Home,383,179,3,2,360
2020-21,NOP,Paint (non-RA),Away,571,237,0,0,474
2020-21,NOP,Paint (non-RA),Home,439,175,0,0,350
2020-21,NOP,Restricted area,Away,1129,733,0,0,1466
2020-21,NOP,Restricted area,Home,1312,814,0,0,1628
2020-21,NYK,Above-break 3,Away,753,278,753,278,834
2020-21,NYK,Above-break 3,Home,759,292,759,292,876
2020-21,NYK,Corner 3,Away,322,141,322,141,423
2020-21,NYK,Corner 3,Home,320,134,320,134,402
2020-21,NYK,Mid-range,Away,515,189,2,1,379
2020-21,NYK,Mid-range,Home,510,222,2,1,445
2020-21,NYK,Paint (non-RA),Away,668,275,0,0,550
2020-21,NYK,Paint (non-RA),Home,524,202,0,0,404
2020-21,NYK,Restricted area,Away,850,516,0,0,1032
2020-21,NYK,Restricted area,Home,999,590,0,0,1180
2020-21,OKC,Above-break 3,Away,1025,340,1025,340,1020
2020-21,OKC,Above-break 3,Home,965,322,964,321,965
2020-21,OKC,Corner 3,Away,262,93,262,93,279
2020-21,OKC,Corner 3,Home,254,98,254,98,294
2020-21,OKC,Mid-range,Away,304,119,4,3,241
2020-21,OKC,Mid-range,Home,261,104,4,1,209
2020-21,OKC,Paint (non-RA),Away,582,245,0,0,490
2020-21,OKC,Paint (non-RA),Home,586,226,0,0,452
2020-21,OKC,Restricted area,Away,993,579,0,0,1158
2020-21,OKC,Restricted area,Home,1090,668,0,0,1336
2020-21,ORL,Above-break 3,Away,925,299,925,299,897
2020-21,ORL,Above-break 3,Home,978,353,978,353,1059
2020-21,ORL,Corner 3,Away,187,54,187,54,162
2020-21,ORL,Corner 3,Home,184,78,184,78,234
2020-21,ORL,Mid-range,Away,585,225,2,0,450
2020-21,ORL,Mid-range,Home,588,248,2,0,496
2020-21,ORL,Paint (non-RA),Away,666,257,0,0,514
2020-21,ORL,Paint (non-RA),Home,684,255,0,0,510
2020-21,ORL,Restricted area,Away,841,522,0,0,1044
2020-21,ORL,Restricted area,Home,775,463,0,0,926
2020-21,PHI,Above-break 3,Away,742,253,741,252,758
2020-21,PHI,Above-break 3,Home,822,311,822,311,933
2020-21,PHI,Corner 3,Away,298,118,298,118,354
2020-21,PHI,Corner 3,Home,300,130,300,130,390
2020-21,PHI,Mid-range,Away,555,247,0,0,494
2020-21,PHI,Mid-range,Home,474,219,0,0,438
2020-21,PHI,Paint (non-RA),Away,652,301,0,0,602
2020-21,PHI,Paint (non-RA),Home,604,264,0,0,528
2020-21,PHI,Restricted area,Away,832,516,0,0,1032
2020-21,PHI,Restricted area,Home,970,622,0,0,1244
2020-21,PHX,Above-break 3,Away,890,312,889,311,935
2020-21,PHX,Above-break 3,Home,896,326,896,326,978
2020-21,PHX,Corner 3,Away,338,141,338,141,423
2020-21,PHX,Corner 3,Home,354,161,354,161,483
2020-21,PHX,Mid-range,Away,572,265,2,1,531
2020-21,PHX,Mid-range,Home,580,281,0,0,562
2020-21,PHX,Paint (non-RA),Away,599,297,0,0,594
2020-21,PHX,Paint (non-RA),Home,557,281,0,0,562
2020-21,PHX,Restricted area,Away,758,524,0,0,1048
2020-21,PHX,Restricted area,Home,802,530,0,0,1060
2020-21,POR,Above-break 3,Away,1190,478,1190,478,1434
2020-21,POR,Above-break 3,Home,1226,453,1226,453,1359
2020-21,POR,Corner 3,Away,229,86,229,86,258
2020-21,POR,Corner 3,Home,280,114,280,114,342
2020-21,POR,Mid-range,Away,500,224,2,1,449
2020-21,POR,Mid-range,Home,487,202,2,0,404
2020-21,POR,Paint (non-RA),Away,464,167,0,0,334
2020-21,POR,Paint (non-RA),Home,321,123,0,0,246
2020-21,POR,Restricted area,Away,888,553,0,0,1106
2020-21,POR,Restricted area,Home,963,573,0,0,1146
2020-21,SAC,Above-break 3,Away,946,319,945,318,956
2020-21,SAC,Above-break 3,Home,897,324,897,324,972
2020-21,SAC,Corner 3,Away,261,102,261,102,306
2020-21,SAC,Corner 3,Home,283,129,283,129,387
2020-21,SAC,Mid-range,Away,359,152,2,1,305
2020-21,SAC,Mid-range,Home,312,122,0,0,244
2020-21,SAC,Paint (non-RA),Away,713,311,0,0,622
2020-21,SAC,Paint (non-RA),Home,717,343,0,0,686
2020-21,SAC,Restricted area,Away,957,628,0,0,1256
2020-21,SAC,Restricted area,Home,925,637,0,0,1274
2020-21,SAS,Above-break 3,Away,807,275,807,275,825
2020-21,SAS,Above-break 3,Home,798,280,798,280,840
2020-21,SAS,Corner 3,Away,203,70,203,70,210
2020-21,SAS,Corner 3,Home,233,91,233,91,273
2020-21,SAS,Mid-range,Away,662,304,0,0,608
2020-21,SAS,Mid-range,Home,642,273,0,0,546
2020-21,SAS,Paint (non-RA),Away,676,291,0,0,582
2020-21,SAS,Paint (non-RA),Home,612,248,0,0,496
2020-21,SAS,Restricted area,Away,920,571,0,0,1142
2020-21,SAS,Restricted area,Home,960,611,0,0,1222
2020-21,TOR,Above-break 3,Away,1078,399,1078,399,1197
2020-21,TOR,Above-break 3,Home,1071,385,1071,385,1155
2020-21,TOR,Corner 3,Away,326,134,326,134,402
2020-21,TOR,Corner 3,Home,343,121,343,121,363
2020-21,TOR,Mid-range,Away,295,112,0,0,224
2020-21,TOR,Mid-range,Home,354,137,2,2,276
2020-21,TOR,Paint (non-RA),Away,461,177,0,0,354
2020-21,TOR,Paint (non-RA),Home,551,213,0,0,426
2020-21,TOR,Restricted area,Away,1008,614,0,0,1228
2020-21,TOR,Restricted area,Home,885,567,0,0,1134
2020-21,UTA,Above-break 3,Away,1125,425,1124,425,1275
2020-21,UTA,Above-break 3,Home,1104,437,1101,436,1310
2020-21,UTA,Corner 3,Away,405,168,405,168,504
2020-21,UTA,Corner 3,Home,451,175,451,175,525
2020-21,UTA,Mid-range,Away,247,93,2,0,186
2020-21,UTA,Mid-range,Home,196,82,2,1,165
2020-21,UTA,Paint (non-RA),Away,578,274,0,0,548
2020-21,UTA,Paint (non-RA),Home,594,255,0,0,510
2020-21,UTA,Restricted area,Away,844,531,0,0,1062
2020-21,UTA,Restricted area,Home,787,531,0,0,1062
2020-21,WAS,Above-break 3,Away,750,266,750,266,798
2020-21,WAS,Above-break 3,Home,812,282,812,282,846
2020-21,WAS,Corner 3,Away,262,101,262,101,303
2020-21,WAS,Corner 3,Home,252,84,252,84,252
2020-21,WAS,Mid-range,Away,573,237,3,0,474
2020-21,WAS,Mid-range,Home,615,239,0,0,478
2020-21,WAS,Paint (non-RA),Away,596,264,0,0,528
2020-21,WAS,Paint (non-RA),Home,912,457,0,0,914
2020-21,WAS,Restricted area,Away,1061,647,0,0,1294
2020-21,WAS,Restricted area,Home,705,531,0,0,1062
2021-22,ATL,Above-break 3,Away,1059,382,1058,382,1146
2021-22,ATL,Above-break 3,Home,1085,392,1085,392,1176
2021-22,ATL,Corner 3,Away,308,125,308,125,375
2021-22,ATL,Corner 3,Home,353,155,353,155,465
2021-22,ATL,Mid-range,Away,588,255,3,1,511
2021-22,ATL,Mid-range,Home,486,219,0,0,438
2021-22,ATL,Paint (non-RA),Away,668,263,0,0,526
2021-22,ATL,Paint (non-RA),Home,647,306,0,0,612
2021-22,ATL,Restricted area,Away,1040,657,0,0,1314
2021-22,ATL,Restricted area,Home,993,646,0,0,1292
2021-22,BKN,Above-break 3,Away,1000,381,1000,381,1143
2021-22,BKN,Above-break 3,Home,950,306,950,306,918
2021-22,BKN,Corner 3,Away,322,136,322,136,408
2021-22,BKN,Corner 3,Home,320,117,320,117,351
2021-22,BKN,Mid-range,Away,685,316,3,0,632
2021-22,BKN,Mid-range,Home,625,302,0,0,604
2021-22,BKN,Paint (non-RA),Away,641,290,0,0,580
2021-22,BKN,Paint (non-RA),Home,660,305,0,0,610
2021-22,BKN,Restricted area,Away,976,630,0,0,1260
2021-22,BKN,Restricted area,Home,1065,659,0,0,1318
2021-22,BOS,Above-break 3,Away,1210,430,1210,430,1290
2021-22,BOS,Above-break 3,Home,1082,361,1081,360,1082
2021-22,BOS,Corner 3,Away,360,139,360,139,417
2021-22,BOS,Corner 3,Home,377,154,377,154,462
2021-22,BOS,Mid-range,Away,439,172,5,1,345
2021-22,BOS,Mid-range,Home,445,177,1,1,355
2021-22,BOS,Paint (non-RA),Away,558,242,0,0,484
2021-22,BOS,Paint (non-RA),Home,712,293,0,0,586
2021-22,BOS,Restricted area,Away,1016,689,0,0,1378
2021-22,BOS,Restricted area,Home,958,684,0,0,1368
2021-22,CHA,Above-break 3,Away,1091,420,1091,420,1260
2021-22,CHA,Above-break 3,Home,1088,376,1088,376,1128
2021-22,CHA,Corner 3,Away,435,165,435,165,495
2021-22,CHA,Corner 3,Home,490,180,490,180,540
2021-22,CHA,Mid-range,Away,380,157,5,2,316
2021-22,CHA,Mid-range,Home,257,103,1,0,206
2021-22,CHA,Paint (non-RA),Away,679,264,0,0,528
2021-22,CHA,Paint (non-RA),Home,511,198,0,0,396
2021-22,CHA,Restricted area,Away,1156,764,0,0,1528
2021-22,CHA,Restricted area,Home,1390,881,0,0,1762
2021-22,CHI,Above-break 3,Away,855,307,855,307,921
2021-22,CHI,Above-break 3,Home,811,284,811,284,852
2021-22,CHI,Corner 3,Away,322,126,322,126,378
2021-22,CHI,Corner 3,Home,348,151,348,151,453
2021-22,CHI,Mid-range,Away,759,335,4,3,673
2021-22,CHI,Mid-range,Home,794,342,6,0,684
2021-22,CHI,Paint (non-RA),Away,626,272,0,0,544
2021-22,CHI,Paint (non-RA),Home,515,249,0,0,498
2021-22,CHI,Restricted area,Away,938,627,0,0,1254
2021-22,CHI,Restricted area,Home,1141,728,0,0,1456
2021-22,CLE,Above-break 3,Away,989,349,987,348,1046
2021-22,CLE,Above-break 3,Home,1029,377,1029,377,1131
2021-22,CLE,Corner 3,Away,305,102,305,102,306
2021-22,CLE,Corner 3,Home,351,123,351,123,369
2021-22,CLE,Mid-range,Away,392,164,3,2,330
2021-22,CLE,Mid-range,Home,396,155,2,0,310
2021-22,CLE,Paint (non-RA),Away,677,269,0,0,538
2021-22,CLE,Paint (non-RA),Home,584,242,0,0,484
2021-22,CLE,Restricted area,Away,1101,745,0,0,1490
2021-22,CLE,Restricted area,Home,1107,728,0,0,1456
2021-22,DAL,Above-break 3,Away,1069,360,1068,359,1079
2021-22,DAL,Above-break 3,Home,1141,383,1141,383,1149
2021-22,DAL,Corner 3,Away,395,151,395,151,453
2021-22,DAL,Corner 3,Home,436,177,436,177,531
2021-22,DAL,Mid-range,Away,492,209,6,2,420
2021-22,DAL,Mid-range,Home,454,182,3,1,365
2021-22,DAL,Paint (non-RA),Away,633,272,0,0,544
2021-22,DAL,Paint (non-RA),Home,637,301,0,0,602
2021-22,DAL,Restricted area,Away,884,619,0,0,1238
2021-22,DAL,Restricted area,Home,827,568,0,0,1136
2021-22,DEN,Above-break 3,Away,1021,358,1021,358,1074
2021-22,DEN,Above-break 3,Home,1099,375,1099,375,1125
2021-22,DEN,Corner 3,Away,411,154,411,154,462
2021-22,DEN,Corner 3,Home,390,152,390,152,456
2021-22,DEN,Mid-range,Away,441,192,0,0,384
2021-22,DEN,Mid-range,Home,400,165,0,0,330
2021-22,DEN,Paint (non-RA),Away,566,283,0,0,566
2021-22,DEN,Paint (non-RA),Home,607,270,0,0,540
2021-22,DEN,Restricted area,Away,1052,706,0,0,1412
2021-22,DEN,Restricted area,Home,1069,761,0,0,1522
2021-22,DET,Above-break 3,Away,1041,351,1041,351,1053
2021-22,DET,Above-break 3,Home,977,286,976,286,858
2021-22,DET,Corner 3,Away,381,129,381,129,387
2021-22,DET,Corner 3,Home,420,159,420,159,477
2021-22,DET,Mid-range,Away,482,168,0,0,336
2021-22,DET,Mid-range,Home,422,166,0,0,332
2021-22,DET,Paint (non-RA),Away,609,222,0,0,444
2021-22,DET,Paint (non-RA),Home,628,255,0,0,510
2021-22,DET,Restricted area,Away,1107,685,0,0,1370
2021-22,DET,Restricted area,Home,1180,708,0,0,1416
2021-22,GSW,Above-break 3,Away,1202,448,1202,448,1344
2021-22,GSW,Above-break 3,Home,1266,474,1266,474,1422
2021-22,GSW,Corner 3,Away,349,111,349,111,333
2021-22,GSW,Corner 3,Home,379,137,379,137,411
2021-22,GSW,Mid-range,Away,404,149,2,1,299
2021-22,GSW,Mid-range,Home,418,172,9,4,348
2021-22,GSW,Paint (non-RA),Away,447,187,0,0,374
2021-22,GSW,Paint (non-RA),Home,705,318,0,0,636
2021-22,GSW,Restricted area,Away,1086,726,0,0,1452
2021-22,GSW,Restricted area,Home,807,600,0,0,1200
2021-22,HOU,Above-break 3,Away,1239,422,1239,422,1266
2021-22,HOU,Above-break 3,Home,1332,482,1332,482,1446
2021-22,HOU,Corner 3,Away,288,90,288,90,270
2021-22,HOU,Corner 3,Home,290,111,290,111,333
2021-22,HOU,Mid-range,Away,179,46,2,0,92
2021-22,HOU,Mid-range,Home,199,74,1,0,148
2021-22,HOU,Paint (non-RA),Away,516,204,0,0,408
2021-22,HOU,Paint (non-RA),Home,482,172,0,0,344
2021-22,HOU,Restricted area,Away,1286,827,0,0,1654
2021-22,HOU,Restricted area,Home,1254,801,0,0,1602
2021-22,IND,Above-break 3,Away,1090,374,1089,374,1122
2021-22,IND,Above-break 3,Home,1030,336,1030,336,1008
2021-22,IND,Corner 3,Away,348,118,348,118,354
2021-22,IND,Corner 3,Home,406,168,406,168,504
2021-22,IND,Mid-range,Away,443,170,0,0,340
2021-22,IND,Mid-range,Home,467,193,1,1,387
2021-22,IND,Paint (non-RA),Away,646,279,0,0,558
2021-22,IND,Paint (non-RA),Home,528,236,0,0,472
2021-22,IND,Restricted area,Away,1100,694,0,0,1388
2021-22,IND,Restricted area,Home,1255,830,0,0,1660
2021-22,LAC,Above-break 3,Away,1047,378,1047,378,1134
2021-22,LAC,Above-break 3,Home,1098,402,1098,402,1206
2021-22,LAC,Corner 3,Away,321,122,321,122,366
2021-22,LAC,Corner 3,Home,320,145,320,145,435
2021-22,LAC,Mid-range,Away,641,240,1,0,480
2021-22,LAC,Mid-range,Home,559,217,0,0,434
2021-22,LAC,Paint (non-RA),Away,696,318,0,0,636
2021-22,LAC,Paint (non-RA),Home,652,281,0,0,562
2021-22,LAC,Restricted area,Away,868,565,0,0,1130
2021-22,LAC,Restricted area,Home,953,617,0,0,1234
2021-22,LAL,Above-break 3,Away,1065,359,1065,359,1077
2021-22,LAL,Above-break 3,Home,1061,360,1058,358,1078
2021-22,LAL,Corner 3,Away,388,150,388,150,450
2021-22,LAL,Corner 3,Home,302,112,302,112,336
2021-22,LAL,Mid-range,Away,531,196,2,1,393
2021-22,LAL,Mid-range,Home,519,220,6,2,442
2021-22,LAL,Paint (non-RA),Away,499,202,0,0,404
2021-22,LAL,Paint (non-RA),Home,426,153,0,0,306
2021-22,LAL,Restricted area,Away,1140,780,0,0,1560
2021-22,LAL,Restricted area,Home,1343,883,0,0,1766
2021-22,MEM,Above-break 3,Away,977,330,977,330,990
2021-22,MEM,Above-break 3,Home,1033,375,1032,374,1124
2021-22,MEM,Corner 3,Away,327,115,327,115,345
2021-22,MEM,Corner 3,Home,323,126,323,126,378
2021-22,MEM,Mid-range,Away,380,151,4,0,302
2021-22,MEM,Mid-range,Home,324,114,3,0,228
2021-22,MEM,Paint (non-RA),Away,1019,409,0,0,818
2021-22,MEM,Paint (non-RA),Home,965,424,0,0,848
2021-22,MEM,Restricted area,Away,1160,738,0,0,1476
2021-22,MEM,Restricted area,Home,1218,789,0,0,1578
2021-22,MIA,Above-break 3,Away,1052,384,1052,384,1152
2021-22,MIA,Above-break 3,Home,945,346,945,346,1038
2021-22,MIA,Corner 3,Away,439,190,439,190,570
2021-22,MIA,Corner 3,Home,473,192,473,192,576
2021-22,MIA,Mid-range,Away,495,188,3,2,378
2021-22,MIA,Mid-range,Home,457,183,1,0,366
2021-22,MIA,Paint (non-RA),Away,618,257,0,0,514
2021-22,MIA,Paint (non-RA),Home,594,285,0,0,570
2021-22,MIA,Restricted area,Away,873,585,0,0,1170
2021-22,MIA,Restricted area,Home,985,636,0,0,1272
2021-22,MIL,Above-break 3,Away,1145,398,1145,398,1194
2021-22,MIL,Above-break 3,Home,1209,447,1209,447,1341
2021-22,MIL,Corner 3,Away,415,175,415,175,525
2021-22,MIL,Corner 3,Home,367,132,367,132,396
2021-22,MIL,Mid-range,Away,521,213,3,1,427
2021-22,MIL,Mid-range,Home,502,220,1,0,440
2021-22,MIL,Paint (non-RA),Away,592,277,0,0,554
2021-22,MIL,Paint (non-RA),Home,560,204,0,0,408
2021-22,MIL,Restricted area,Away,974,658,0,0,1316
2021-22,MIL,Restricted area,Home,1035,705,0,0,1410
2021-22,MIN,Above-break 3,Away,1288,457,1288,457,1371
2021-22,MIN,Above-break 3,Home,1269,434,1269,434,1302
2021-22,MIN,Corner 3,Away,368,154,368,154,462
2021-22,MIN,Corner 3,Home,424,161,424,161,483
2021-22,MIN,Mid-range,Away,320,133,5,2,268
2021-22,MIN,Mid-range,Home,340,117,14,3,237
2021-22,MIN,Paint (non-RA),Away,674,291,0,0,582
2021-22,MIN,Paint (non-RA),Home,472,185,0,0,370
2021-22,MIN,Restricted area,Away,1101,723,0,0,1446
2021-22,MIN,Restricted area,Home,1184,756,0,0,1512
2021-22,NOP,Above-break 3,Away,919,292,919,292,876
2021-22,NOP,Above-break 3,Home,1026,334,1025,334,1002
2021-22,NOP,Corner 3,Away,324,124,324,124,372
2021-22,NOP,Corner 3,Home,333,117,333,117,351
2021-22,NOP,Mid-range,Away,547,219,4,1,439
2021-22,NOP,Mid-range,Home,514,222,6,3,447
2021-22,NOP,Paint (non-RA),Away,738,316,0,0,632
2021-22,NOP,Paint (non-RA),Home,571,256,0,0,512
2021-22,NOP,Restricted area,Away,1029,645,0,0,1290
2021-22,NOP,Restricted area,Home,1193,767,0,0,1534
2021-22,NYK,Above-break 3,Away,1122,383,1122,383,1149
2021-22,NYK,Above-break 3,Home,1198,425,1197,425,1275
2021-22,NYK,Corner 3,Away,344,135,344,135,405
2021-22,NYK,Corner 3,Home,349,134,349,134,402
2021-22,NYK,Mid-range,Away,449,159,5,4,322
2021-22,NYK,Mid-range,Home,419,149,5,1,299
2021-22,NYK,Paint (non-RA),Away,670,261,0,0,522
2021-22,NYK,Paint (non-RA),Home,461,172,0,0,344
2021-22,NYK,Restricted area,Away,966,620,0,0,1240
2021-22,NYK,Restricted area,Home,1084,650,0,0,1300
2021-22,OKC,Above-break 3,Away,1184,364,1184,364,1092
2021-22,OKC,Above-break 3,Home,1200,398,1200,398,1194
2021-22,OKC,Corner 3,Away,343,121,343,121,363
2021-22,OKC,Corner 3,Home,326,107,326,107,321
2021-22,OKC,Mid-range,Away,318,123,2,0,246
2021-22,OKC,Mid-range,Home,269,106,2,1,213
2021-22,OKC,Paint (non-RA),Away,688,266,0,0,532
2021-22,OKC,Paint (non-RA),Home,982,454,0,0,908
2021-22,OKC,Restricted area,Away,1129,671,0,0,1342
2021-22,OKC,Restricted area,Home,862,531,0,0,1062
2021-22,ORL,Above-break 3,Away,1176,386,1176,386,1158
2021-22,ORL,Above-break 3,Home,1157,356,1157,356,1068
2021-22,ORL,Corner 3,Away,342,135,342,135,405
2021-22,ORL,Corner 3,Home,322,120,322,120,360
2021-22,ORL,Mid-range,Away,376,123,3,0,246
2021-22,ORL,Mid-range,Home,420,156,6,2,314
2021-22,ORL,Paint (non-RA),Away,673,284,0,0,568
2021-22,ORL,Paint (non-RA),Home,679,260,0,0,520
2021-22,ORL,Restricted area,Away,1051,637,0,0,1274
2021-22,ORL,Restricted area,Home,1028,682,0,0,1364
2021-22,PHI,Above-break 3,Away,894,322,894,322,966
2021-22,PHI,Above-break 3,Home,1003,358,1003,358,1074
2021-22,PHI,Corner 3,Away,359,147,359,147,441
2021-22,PHI,Corner 3,Home,322,119,322,119,357
2021-22,PHI,Mid-range,Away,586,248,5,1,497
2021-22,PHI,Mid-range,Home,470,191,13,3,385
2021-22,PHI,Paint (non-RA),Away,702,298,0,0,596
2021-22,PHI,Paint (non-RA),Home,634,254,0,0,508
2021-22,PHI,Restricted area,Away,893,588,0,0,1176
2021-22,PHI,Restricted area,Home,1057,705,0,0,1410
2021-22,PHX,Above-break 3,Away,934,323,933,323,969
2021-22,PHX,Above-break 3,Home,951,346,951,346,1038
2021-22,PHX,Corner 3,Away,349,132,349,132,396
2021-22,PHX,Corner 3,Home,367,147,367,147,441
2021-22,PHX,Mid-range,Away,676,307,3,2,616
2021-22,PHX,Mid-range,Home,653,286,1,1,573
2021-22,PHX,Paint (non-RA),Away,840,396,0,0,792
2021-22,PHX,Paint (non-RA),Home,913,484,0,0,968
2021-22,PHX,Restricted area,Away,905,620,0,0,1240
2021-22,PHX,Restricted area,Home,789,540,0,0,1080
2021-22,POR,Above-break 3,Away,1150,380,1150,380,1140
2021-22,POR,Above-break 3,Home,1188,412,1187,412,1236
2021-22,POR,Corner 3,Away,308,115,308,115,345
2021-22,POR,Corner 3,Home,354,132,354,132,396
2021-22,POR,Mid-range,Away,406,163,4,2,328
2021-22,POR,Mid-range,Home,400,162,3,2,326
2021-22,POR,Paint (non-RA),Away,684,283,0,0,566
2021-22,POR,Paint (non-RA),Home,456,195,0,0,390
2021-22,POR,Restricted area,Away,976,611,0,0,1222
2021-22,POR,Restricted area,Home,1211,708,0,0,1416
2021-22,SAC,Above-break 3,Away,1063,334,1063,334,1002
2021-22,SAC,Above-break 3,Home,1022,363,1022,363,1089
2021-22,SAC,Corner 3,Away,311,124,311,124,372
2021-22,SAC,Corner 3,Home,310,114,310,114,342
2021-22,SAC,Mid-range,Away,481,206,3,1,413
2021-22,SAC,Mid-range,Home,411,170,0,0,340
2021-22,SAC,Paint (non-RA),Away,752,315,0,0,630
2021-22,SAC,Paint (non-RA),Home,752,310,0,0,620
2021-22,SAC,Restricted area,Away,1075,700,0,0,1400
2021-22,SAC,Restricted area,Home,1033,684,0,0,1368
2021-22,SAS,Above-break 3,Away,948,329,948,329,987
2021-22,SAS,Above-break 3,Home,1019,355,1019,355,1065
2021-22,SAS,Corner 3,Away,339,119,339,119,357
2021-22,SAS,Corner 3,Home,298,117,298,117,351
2021-22,SAS,Mid-range,Away,569,233,5,1,467
2021-22,SAS,Mid-range,Home,501,207,3,3,417
2021-22,SAS,Paint (non-RA),Away,994,434,0,0,868
2021-22,SAS,Paint (non-RA),Home,751,355,0,0,710
2021-22,SAS,Restricted area,Away,1015,668,0,0,1336
2021-22,SAS,Restricted area,Home,1153,728,0,0,1456
2021-22,TOR,Above-break 3,Away,1063,352,1063,352,1056
2021-22,TOR,Above-break 3,Home,1002,337,1002,337,1011
2021-22,TOR,Corner 3,Away,313,122,313,122,366
2021-22,TOR,Corner 3,Home,400,161,400,161,483
2021-22,TOR,Mid-range,Away,558,208,3,2,418
2021-22,TOR,Mid-range,Home,557,219,11,3,441
2021-22,TOR,Paint (non-RA),Away,766,303,0,0,606
2021-22,TOR,Paint (non-RA),Home,804,361,0,0,722
2021-22,TOR,Restricted area,Away,1041,653,0,0,1306
2021-22,TOR,Restricted area,Home,969,614,0,0,1228
2021-22,UTA,Above-break 3,Away,1229,426,1229,426,1278
2021-22,UTA,Above-break 3,Home,1207,439,1207,439,1317
2021-22,UTA,Corner 3,Away,396,154,396,154,462
2021-22,UTA,Corner 3,Home,456,168,456,168,504
2021-22,UTA,Mid-range,Away,234,92,2,2,186
2021-22,UTA,Mid-range,Home,204,84,4,2,170
2021-22,UTA,Paint (non-RA),Away,665,304,0,0,608
2021-22,UTA,Paint (non-RA),Home,781,356,0,0,712
2021-22,UTA,Restricted area,Away,982,646,0,0,1292
2021-22,UTA,Restricted area,Home,899,657,0,0,1314
2021-22,WAS,Above-break 3,Away,882,281,882,281,843
2021-22,WAS,Above-break 3,Home,965,320,965,320,960
2021-22,WAS,Corner 3,Away,336,136,336,136,408
2021-22,WAS,Corner 3,Home,316,122,316,122,366
2021-22,WAS,Mid-range,Away,510,233,1,1,467
2021-22,WAS,Mid-range,Home,548,223,1,0,446
2021-22,WAS,Paint (non-RA),Away,724,286,0,0,572
2021-22,WAS,Paint (non-RA),Home,739,309,0,0,618
2021-22,WAS,Restricted area,Away,1040,689,0,0,1378
2021-22,WAS,Restricted area,Home,985,728,0,0,1456
2022-23,ATL,Above-break 3,Away,900,320,900,320,960
2022-23,ATL,Above-break 3,Home,900,308,900,308,924
2022-23,ATL,Corner 3,Away,332,122,332,122,366
2022-23,ATL,Corner 3,Home,361,131,361,131,393
2022-23,ATL,Mid-range,Away,613,282,1,1,565
2022-23,ATL,Mid-range,Home,594,269,3,0,538
2022-23,ATL,Paint (non-RA),Away,806,366,0,0,732
2022-23,ATL,Paint (non-RA),Home,836,381,0,0,762
2022-23,ATL,Restricted area,Away,1053,709,0,0,1418
2022-23,ATL,Restricted area,Home,1171,770,0,0,1540
2022-23,BKN,Above-break 3,Away,1001,361,1001,361,1083
2022-23,BKN,Above-break 3,Home,1066,411,1066,411,1233
2022-23,BKN,Corner 3,Away,363,150,363,150,450
2022-23,BKN,Corner 3,Home,333,125,333,125,375
2022-23,BKN,Mid-range,Away,573,277,1,1,555
2022-23,BKN,Mid-range,Home,545,270,1,0,540
2022-23,BKN,Paint (non-RA),Away,660,302,0,0,604
2022-23,BKN,Paint (non-RA),Home,591,276,0,0,552
2022-23,BKN,Restricted area,Away,874,609,0,0,1218
2022-23,BKN,Restricted area,Home,966,618,0,0,1236
2022-23,BOS,Above-break 3,Away,1296,475,1296,475,1425
2022-23,BOS,Above-break 3,Home,1361,506,1361,506,1518
2022-23,BOS,Corner 3,Away,430,171,430,171,513
2022-23,BOS,Corner 3,Home,389,160,389,160,480
2022-23,BOS,Mid-range,Away,297,116,4,3,235
2022-23,BOS,Mid-range,Home,299,130,0,0,260
2022-23,BOS,Paint (non-RA),Away,581,253,0,0,506
2022-23,BOS,Paint (non-RA),Home,650,297,0,0,594
2022-23,BOS,Restricted area,Away,1040,693,0,0,1386
2022-23,BOS,Restricted area,Home,923,659,0,0,1318
2022-23,CHA,Above-break 3,Away,970,304,970,304,912
2022-23,CHA,Above-break 3,Home,967,325,967,325,975
2022-23,CHA,Corner 3,Away,355,123,355,123,369
2022-23,CHA,Corner 3,Home,366,129,366,129,387
2022-23,CHA,Mid-range,Away,424,179,1,0,358
2022-23,CHA,Mid-range,Home,364,150,0,0,300
2022-23,CHA,Paint (non-RA),Away,820,337,0,0,674
2022-23,CHA,Paint (non-RA),Home,655,237,0,0,474
2022-23,CHA,Restricted area,Away,1186,787,0,0,1574
2022-23,CHA,Restricted area,Home,1296,814,0,0,1628
2022-23,CHI,Above-break 3,Away,899,315,899,315,945
2022-23,CHI,Above-break 3,Home,816,283,814,282,848
2022-23,CHI,Corner 3,Away,310,116,310,116,348
2022-23,CHI,Corner 3,Home,334,137,334,137,411
2022-23,CHI,Mid-range,Away,761,340,3,2,682
2022-23,CHI,Mid-range,Home,701,311,3,2,624
2022-23,CHI,Paint (non-RA),Away,592,260,0,0,520
2022-23,CHI,Paint (non-RA),Home,472,239,0,0,478
2022-23,CHI,Restricted area,Away,1016,707,0,0,1414
2022-23,CHI,Restricted area,Home,1211,780,0,0,1560
2022-23,CLE,Above-break 3,Away,943,352,943,352,1056
2022-23,CLE,Above-break 3,Home,975,355,975,355,1065
2022-23,CLE,Corner 3,Away,307,111,307,111,333
2022-23,CLE,Corner 3,Home,351,131,351,131,393
2022-23,CLE,Mid-range,Away,384,145,3,1,291
2022-23,CLE,Mid-range,Home,357,150,0,0,300
2022-23,CLE,Paint (non-RA),Away,796,367,0,0,734
2022-23,CLE,Paint (non-RA),Home,646,277,0,0,554
2022-23,CLE,Restricted area,Away,1065,721,0,0,1442
2022-23,CLE,Restricted area,Home,1150,799,0,0,1598
2022-23,DAL,Above-break 3,Away,1227,462,1227,462,1386
2022-23,DAL,Above-break 3,Home,1156,402,1156,402,1206
2022-23,DAL,Corner 3,Away,440,172,440,172,516
2022-23,DAL,Corner 3,Home,505,207,505,207,621
2022-23,DAL,Mid-range,Away,339,149,5,0,298
2022-23,DAL,Mid-range,Home,330,135,4,2,272
2022-23,DAL,Paint (non-RA),Away,527,244,0,0,488
2022-23,DAL,Paint (non-RA),Home,553,289,0,0,578
2022-23,DAL,Restricted area,Away,856,590,0,0,1180
2022-23,DAL,Restricted area,Home,951,632,0,0,1264
2022-23,DEN,Above-break 3,Away,912,332,912,332,996
2022-23,DEN,Above-break 3,Home,951,363,951,363,1089
2022-23,DEN,Corner 3,Away,333,126,333,126,378
2022-23,DEN,Corner 3,Home,332,144,332,144,432
2022-23,DEN,Mid-range,Away,466,177,4,2,356
2022-23,DEN,Mid-range,Home,429,173,0,0,346
2022-23,DEN,Paint (non-RA),Away,644,303,0,0,606
2022-23,DEN,Paint (non-RA),Home,617,272,0,0,544
2022-23,DEN,Restricted area,Away,1159,803,0,0,1606
2022-23,DEN,Restricted area,Home,1218,879,0,0,1758
2022-23,DET,Above-break 3,Away,955,316,955,316,948
2022-23,DET,Above-break 3,Home,950,341,950,341,1023
2022-23,DET,Corner 3,Away,352,133,352,133,399
2022-23,DET,Corner 3,Home,382,140,382,140,420
2022-23,DET,Mid-range,Away,525,205,4,2,412
2022-23,DET,Mid-range,Home,461,202,3,2,406
2022-23,DET,Paint (non-RA),Away,784,314,0,0,628
2022-23,DET,Paint (non-RA),Home,716,306,0,0,612
2022-23,DET,Restricted area,Away,948,624,0,0,1248
2022-23,DET,Restricted area,Home,1054,663,0,0,1326
2022-23,GSW,Above-break 3,Away,1361,507,1361,507,1521
2022-23,GSW,Above-break 3,Home,1415,563,1415,563,1689
2022-23,GSW,Corner 3,Away,376,155,376,155,465
2022-23,GSW,Corner 3,Home,361,137,361,137,411
2022-23,GSW,Mid-range,Away,378,157,1,0,314
2022-23,GSW,Mid-range,Home,433,178,3,0,356
2022-23,GSW,Paint (non-RA),Away,412,162,0,0,324
2022-23,GSW,Paint (non-RA),Home,885,454,0,0,908
2022-23,GSW,Restricted area,Away,1133,767,0,0,1534
2022-23,GSW,Restricted area,Home,616,457,0,0,914
2022-23,HOU,Above-break 3,Away,1053,326,1053,326,978
2022-23,HOU,Above-break 3,Home,1084,360,1084,360,1080
2022-23,HOU,Corner 3,Away,246,99,246,99,297
2022-23,HOU,Corner 3,Home,220,69,220,69,207
2022-23,HOU,Mid-range,Away,309,106,1,1,213
2022-23,HOU,Mid-range,Home,286,120,1,1,241
2022-23,HOU,Paint (non-RA),Away,794,338,0,0,676
2022-23,HOU,Paint (non-RA),Home,814,325,0,0,650
2022-23,HOU,Restricted area,Away,1254,804,0,0,1608
2022-23,HOU,Restricted area,Home,1213,782,0,0,1564
2022-23,IND,Above-break 3,Away,1099,394,1099,394,1182
2022-23,IND,Above-break 3,Home,1185,435,1184,435,1305
2022-23,IND,Corner 3,Away,368,145,368,145,435
2022-23,IND,Corner 3,Home,361,135,361,135,405
2022-23,IND,Mid-range,Away,337,131,0,0,262
2022-23,IND,Mid-range,Home,376,169,2,1,339
2022-23,IND,Paint (non-RA),Away,681,283,0,0,566
2022-23,IND,Paint (non-RA),Home,536,224,0,0,448
2022-23,IND,Restricted area,Away,1134,729,0,0,1458
2022-23,IND,Restricted area,Home,1252,797,0,0,1594
2022-23,LAC,Above-break 3,Away,1018,374,1018,374,1122
2022-23,LAC,Above-break 3,Home,987,381,987,381,1143
2022-23,LAC,Corner 3,Away,358,150,358,150,450
2022-23,LAC,Corner 3,Home,354,135,354,135,405
2022-23,LAC,Mid-range,Away,563,236,2,0,472
2022-23,LAC,Mid-range,Home,514,226,0,0,452
2022-23,LAC,Paint (non-RA),Away,639,293,0,0,586
2022-23,LAC,Paint (non-RA),Home,642,287,0,0,574
2022-23,LAC,Restricted area,Away,977,635,0,0,1270
2022-23,LAC,Restricted area,Home,993,652,0,0,1304
2022-23,LAL,Above-break 3,Away,909,297,908,297,891
2022-23,LAL,Above-break 3,Home,986,348,986,348,1044
2022-23,LAL,Corner 3,Away,341,126,341,126,378
2022-23,LAL,Corner 3,Home,310,111,310,111,333
2022-23,LAL,Mid-range,Away,549,217,1,1,435
2022-23,LAL,Mid-range,Home,467,181,4,2,364
2022-23,LAL,Paint (non-RA),Away,599,275,0,0,550
2022-23,LAL,Paint (non-RA),Home,690,287,0,0,574
2022-23,LAL,Restricted area,Away,1242,839,0,0,1678
2022-23,LAL,Restricted area,Home,1197,835,0,0,1670
2022-23,MEM,Above-break 3,Away,1005,352,1005,352,1056
2022-23,MEM,Above-break 3,Home,1056,361,1056,361,1083
2022-23,MEM,Corner 3,Away,365,128,365,128,384
2022-23,MEM,Corner 3,Home,364,143,364,143,429
2022-23,MEM,Mid-range,Away,278,98,1,0,196
2022-23,MEM,Mid-range,Home,249,109,1,0,218
2022-23,MEM,Paint (non-RA),Away,911,403,0,0,806
2022-23,MEM,Paint (non-RA),Home,879,411,0,0,822
2022-23,MEM,Restricted area,Away,1167,752,0,0,1504
2022-23,MEM,Restricted area,Home,1262,827,0,0,1654
2022-23,MIA,Above-break 3,Away,1107,350,1107,350,1050
2022-23,MIA,Above-break 3,Home,944,337,944,337,1011
2022-23,MIA,Corner 3,Away,375,139,375,139,417
2022-23,MIA,Corner 3,Home,415,153,415,153,459
2022-23,MIA,Mid-range,Away,448,183,3,1,367
2022-23,MIA,Mid-range,Home,373,152,0,0,304
2022-23,MIA,Paint (non-RA),Away,728,345,0,0,690
2022-23,MIA,Paint (non-RA),Home,852,413,0,0,826
2022-23,MIA,Restricted area,Away,854,569,0,0,1138
2022-23,MIA,Restricted area,Home,887,574,0,0,1148
2022-23,MIL,Above-break 3,Away,1246,458,1246,458,1374
2022-23,MIL,Above-break 3,Home,1254,462,1254,462,1386
2022-23,MIL,Corner 3,Away,421,147,421,147,441
2022-23,MIL,Corner 3,Home,371,150,371,150,450
2022-23,MIL,Mid-range,Away,496,189,1,0,378
2022-23,MIL,Mid-range,Home,467,214,2,0,428
2022-23,MIL,Paint (non-RA),Away,550,262,0,0,524
2022-23,MIL,Paint (non-RA),Home,538,206,0,0,412
2022-23,MIL,Restricted area,Away,978,668,0,0,1336
2022-23,MIL,Restricted area,Home,1079,748,0,0,1496
2022-23,MIN,Above-break 3,Away,970,363,970,363,1089
2022-23,MIN,Above-break 3,Home,1034,358,1034,358,1074
2022-23,MIN,Corner 3,Away,322,125,322,125,375
2022-23,MIN,Corner 3,Home,371,143,371,143,429
2022-23,MIN,Mid-range,Away,364,151,4,3,305
2022-23,MIN,Mid-range,Home,343,149,10,5,303
2022-23,MIN,Paint (non-RA),Away,737,318,0,0,636
2022-23,MIN,Paint (non-RA),Home,609,266,0,0,532
2022-23,MIN,Restricted area,Away,1151,806,0,0,1612
2022-23,MIN,Restricted area,Home,1246,836,0,0,1672
2022-23,NOP,Above-break 3,Away,911,326,911,326,978
2022-23,NOP,Above-break 3,Home,939,349,938,348,1046
2022-23,NOP,Corner 3,Away,279,97,279,97,291
2022-23,NOP,Corner 3,Home,317,126,317,126,378
2022-23,NOP,Mid-range,Away,490,207,1,1,415
2022-23,NOP,Mid-range,Home,417,154,4,1,309
2022-23,NOP,Paint (non-RA),Away,795,355,0,0,710
2022-23,NOP,Paint (non-RA),Home,721,305,0,0,610
2022-23,NOP,Restricted area,Away,1143,746,0,0,1492
2022-23,NOP,Restricted area,Home,1150,782,0,0,1564
2022-23,NYK,Above-break 3,Away,1099,390,1099,390,1170
2022-23,NYK,Above-break 3,Home,975,324,975,324,972
2022-23,NYK,Corner 3,Away,411,140,411,140,420
2022-23,NYK,Corner 3,Home,423,176,423,176,528
2022-23,NYK,Mid-range,Away,350,134,4,2,270
2022-23,NYK,Mid-range,Home,352,143,10,5,291
2022-23,NYK,Paint (non-RA),Away,788,355,0,0,710
2022-23,NYK,Paint (non-RA),Home,684,325,0,0,650
2022-23,NYK,Restricted area,Away,1032,679,0,0,1358
2022-23,NYK,Restricted area,Home,1206,778,0,0,1556
2022-23,OKC,Above-break 3,Away,1125,371,1125,371,1113
2022-23,OKC,Above-break 3,Home,1056,385,1056,385,1155
2022-23,OKC,Corner 3,Away,281,114,281,114,342
2022-23,OKC,Corner 3,Home,316,123,316,123,369
2022-23,OKC,Mid-range,Away,373,153,3,1,307
2022-23,OKC,Mid-range,Home,290,124,4,1,249
2022-23,OKC,Paint (non-RA),Away,838,356,0,0,712
2022-23,OKC,Paint (non-RA),Home,756,318,0,0,636
2022-23,OKC,Restricted area,Away,1161,709,0,0,1418
2022-23,OKC,Restricted area,Home,1382,880,0,0,1760
2022-23,ORL,Above-break 3,Away,1025,326,1025,326,978
2022-23,ORL,Above-break 3,Home,958,329,957,329,987
2022-23,ORL,Corner 3,Away,273,100,273,100,300
2022-23,ORL,Corner 3,Home,286,128,286,128,384
2022-23,ORL,Mid-range,Away,488,191,1,0,382
2022-23,ORL,Mid-range,Home,484,197,0,0,394
2022-23,ORL,Paint (non-RA),Away,665,278,0,0,556
2022-23,ORL,Paint (non-RA),Home,673,293,0,0,586
2022-23,ORL,Restricted area,Away,1099,727,0,0,1454
2022-23,ORL,Restricted area,Home,1114,754,0,0,1508
2022-23,PHI,Above-break 3,Away,916,348,916,348,1044
2022-23,PHI,Above-break 3,Home,1000,389,1000,389,1167
2022-23,PHI,Corner 3,Away,386,157,386,157,471
2022-23,PHI,Corner 3,Home,356,140,356,140,420
2022-23,PHI,Mid-range,Away,397,176,4,1,353
2022-23,PHI,Mid-range,Home,376,175,0,0,350
2022-23,PHI,Paint (non-RA),Away,732,349,0,0,698
2022-23,PHI,Paint (non-RA),Home,606,249,0,0,498
2022-23,PHI,Restricted area,Away,996,671,0,0,1342
2022-23,PHI,Restricted area,Home,1092,693,0,0,1386
2022-23,PHX,Above-break 3,Away,907,314,907,314,942
2022-23,PHX,Above-break 3,Home,954,351,954,351,1053
2022-23,PHX,Corner 3,Away,421,175,421,175,525
2022-23,PHX,Corner 3,Home,378,161,378,161,483
2022-23,PHX,Mid-range,Away,675,288,1,0,576
2022-23,PHX,Mid-range,Home,613,276,0,0,552
2022-23,PHX,Paint (non-RA),Away,825,382,0,0,764
2022-23,PHX,Paint (non-RA),Home,893,386,0,0,772
2022-23,PHX,Restricted area,Away,890,580,0,0,1160
2022-23,PHX,Restricted area,Home,819,540,0,0,1080
2022-23,POR,Above-break 3,Away,1080,378,1080,378,1134
2022-23,POR,Above-break 3,Home,1166,449,1166,449,1347
2022-23,POR,Corner 3,Away,306,121,306,121,363
2022-23,POR,Corner 3,Home,328,108,328,108,324
2022-23,POR,Mid-range,Away,376,158,1,0,316
2022-23,POR,Mid-range,Home,342,147,3,0,294
2022-23,POR,Paint (non-RA),Away,633,270,0,0,540
2022-23,POR,Paint (non-RA),Home,418,168,0,0,336
2022-23,POR,Restricted area,Away,1093,716,0,0,1432
2022-23,POR,Restricted area,Home,1250,802,0,0,1604
2022-23,SAC,Above-break 3,Away,1185,420,1185,420,1260
2022-23,SAC,Above-break 3,Home,1135,418,1134,417,1253
2022-23,SAC,Corner 3,Away,377,139,377,139,417
2022-23,SAC,Corner 3,Home,350,149,350,149,447
2022-23,SAC,Mid-range,Away,323,141,3,1,283
2022-23,SAC,Mid-range,Home,352,161,2,2,324
2022-23,SAC,Paint (non-RA),Away,730,346,0,0,692
2022-23,SAC,Paint (non-RA),Home,587,282,0,0,564
2022-23,SAC,Restricted area,Away,1015,701,0,0,1402
2022-23,SAC,Restricted area,Home,1169,816,0,0,1632
2022-23,SAS,Above-break 3,Away,1044,341,1044,341,1023
2022-23,SAS,Above-break 3,Home,982,348,982,348,1044
2022-23,SAS,Corner 3,Away,285,109,285,109,327
2022-23,SAS,Corner 3,Home,308,111,308,111,333
2022-23,SAS,Mid-range,Away,453,174,3,2,350
2022-23,SAS,Mid-range,Home,401,169,0,0,338
2022-23,SAS,Paint (non-RA),Away,911,392,0,0,784
2022-23,SAS,Paint (non-RA),Home,809,350,0,0,700
2022-23,SAS,Restricted area,Away,1105,709,0,0,1418
2022-23,SAS,Restricted area,Home,1277,830,0,0,1660
2022-23,TOR,Above-break 3,Away,944,303,944,303,909
2022-23,TOR,Above-break 3,Home,925,309,924,308,926
2022-23,TOR,Corner 3,Away,367,137,367,137,411
2022-23,TOR,Corner 3,Home,364,128,364,128,384
2022-23,TOR,Mid-range,Away,513,187,5,3,377
2022-23,TOR,Mid-range,Home,494,201,1,1,403
2022-23,TOR,Paint (non-RA),Away,792,344,0,0,688
2022-23,TOR,Paint (non-RA),Home,871,370,0,0,740
2022-23,TOR,Restricted area,Away,1134,735,0,0,1470
2022-23,TOR,Restricted area,Home,1064,720,0,0,1440
2022-23,UTA,Above-break 3,Away,1153,394,1153,394,1182
2022-23,UTA,Above-break 3,Home,1204,400,1204,400,1200
2022-23,UTA,Corner 3,Away,354,127,354,127,381
2022-23,UTA,Corner 3,Home,367,170,367,170,510
2022-23,UTA,Mid-range,Away,255,108,2,1,217
2022-23,UTA,Mid-range,Home,273,108,4,2,218
2022-23,UTA,Paint (non-RA),Away,813,373,0,0,746
2022-23,UTA,Paint (non-RA),Home,883,428,0,0,856
2022-23,UTA,Restricted area,Away,1145,773,0,0,1546
2022-23,UTA,Restricted area,Home,903,604,0,0,1208
2022-23,WAS,Above-break 3,Away,929,301,929,301,903
2022-23,WAS,Above-break 3,Home,1054,380,1054,380,1140
2022-23,WAS,Corner 3,Away,307,122,307,122,366
2022-23,WAS,Corner 3,Home,289,116,289,116,348
2022-23,WAS,Mid-range,Away,455,196,1,0,392
2022-23,WAS,Mid-range,Home,529,239,5,4,482
2022-23,WAS,Paint (non-RA),Away,737,333,0,0,666
2022-23,WAS,Paint (non-RA),Home,839,348,0,0,696
2022-23,WAS,Restricted area,Away,1100,763,0,0,1526
2022-23,WAS,Restricted area,Home,872,656,0,0,1312
2023-24,ATL,Above-break 3,Away,1137,409,1136,409,1227
2023-24,ATL,Above-break 3,Home,1072,386,1072,386,1158
2023-24,ATL,Corner 3,Away,412,149,412,149,447
2023-24,ATL,Corner 3,Home,457,181,457,181,543
2023-24,ATL,Mid-range,Away,392,175,0,0,350
2023-24,ATL,Mid-range,Home,345,170,0,0,340
2023-24,ATL,Paint (non-RA),Away,826,351,0,0,702
2023-24,ATL,Paint (non-RA),Home,707,324,0,0,648
2023-24,ATL,Restricted area,Away,990,613,0,0,1226
2023-24,ATL,Restricted area,Home,1231,771,0,0,1542
2023-24,BKN,Above-break 3,Away,1062,365,1062,365,1095
2023-24,BKN,Above-break 3,Home,1103,385,1103,385,1155
2023-24,BKN,Corner 3,Away,399,154,399,154,462
2023-24,BKN,Corner 3,Home,423,184,423,184,552
2023-24,BKN,Mid-range,Away,394,162,0,0,324
2023-24,BKN,Mid-range,Home,370,133,0,0,266
2023-24,BKN,Paint (non-RA),Away,700,278,0,0,556
2023-24,BKN,Paint (non-RA),Home,687,287,0,0,574
2023-24,BKN,Restricted area,Away,1063,685,0,0,1370
2023-24,BKN,Restricted area,Home,1083,700,0,0,1400
2023-24,BOS,Above-break 3,Away,1329,485,1329,485,1455
2023-24,BOS,Above-break 3,Home,1377,536,1377,536,1608
2023-24,BOS,Corner 3,Away,419,169,419,169,507
2023-24,BOS,Corner 3,Home,346,160,346,160,480
2023-24,BOS,Mid-range,Away,361,152,0,0,304
2023-24,BOS,Mid-range,Home,384,169,0,0,338
2023-24,BOS,Paint (non-RA),Away,577,271,0,0,542
2023-24,BOS,Paint (non-RA),Home,618,271,0,0,542
2023-24,BOS,Restricted area,Away,1000,683,0,0,1366
2023-24,BOS,Restricted area,Home,974,704,0,0,1408
2023-24,CHA,Above-break 3,Away,1033,372,1033,372,1116
2023-24,CHA,Above-break 3,Home,1092,385,1092,385,1155
2023-24,CHA,Corner 3,Away,344,116,344,116,348
2023-24,CHA,Corner 3,Home,298,116,298,116,348
2023-24,CHA,Mid-range,Away,482,174,0,0,348
2023-24,CHA,Mid-range,Home,379,155,0,0,310
2023-24,CHA,Paint (non-RA),Away,745,316,0,0,632
2023-24,CHA,Paint (non-RA),Home,575,235,0,0,470
2023-24,CHA,Restricted area,Away,982,654,0,0,1308
2023-24,CHA,Restricted area,Home,1182,758,0,0,1516
2023-24,CHI,Above-break 3,Away,941,349,940,348,1046
2023-24,CHI,Above-break 3,Home,924,302,923,302,906
2023-24,CHI,Corner 3,Away,361,136,361,136,408
2023-24,CHI,Corner 3,Home,394,155,394,155,465
2023-24,CHI,Mid-range,Away,630,275,1,0,550
2023-24,CHI,Mid-range,Home,564,247,0,0,494
2023-24,CHI,Paint (non-RA),Away,687,327,0,0,654
2023-24,CHI,Paint (non-RA),Home,589,265,0,0,530
2023-24,CHI,Restricted area,Away,1052,653,0,0,1306
2023-24,CHI,Restricted area,Home,1186,739,0,0,1478
2023-24,CLE,Above-break 3,Away,1100,391,1100,391,1173
2023-24,CLE,Above-break 3,Home,1152,437,1152,437,1311
2023-24,CLE,Corner 3,Away,374,135,374,135,405
2023-24,CLE,Corner 3,Home,379,144,379,144,432
2023-24,CLE,Mid-range,Away,296,129,0,0,258
2023-24,CLE,Mid-range,Home,273,134,0,0,268
2023-24,CLE,Paint (non-RA),Away,775,345,0,0,690
2023-24,CLE,Paint (non-RA),Home,541,231,0,0,462
2023-24,CLE,Restricted area,Away,986,670,0,0,1340
2023-24,CLE,Restricted area,Home,1261,808,0,0,1616
2023-24,DAL,Above-break 3,Away,1180,442,1180,442,1326
2023-24,DAL,Above-break 3,Home,1122,420,1122,420,1260
2023-24,DAL,Corner 3,Away,468,161,468,161,483
2023-24,DAL,Corner 3,Home,456,174,456,174,522
2023-24,DAL,Mid-range,Away,488,230,0,0,460
2023-24,DAL,Mid-range,Home,432,164,0,0,328
2023-24,DAL,Paint (non-RA),Away,639,300,0,0,600
2023-24,DAL,Paint (non-RA),Home,618,277,0,0,554
2023-24,DAL,Restricted area,Away,921,653,0,0,1306
2023-24,DAL,Restricted area,Home,1012,714,0,0,1428
2023-24,DEN,Above-break 3,Away,948,340,948,340,1020
2023-24,DEN,Above-break 3,Home,953,374,953,374,1122
2023-24,DEN,Corner 3,Away,298,114,298,114,342
2023-24,DEN,Corner 3,Home,337,130,337,130,390
2023-24,DEN,Mid-range,Away,531,239,0,0,478
2023-24,DEN,Mid-range,Home,476,219,0,0,438
2023-24,DEN,Paint (non-RA),Away,749,348,0,0,696
2023-24,DEN,Paint (non-RA),Home,619,319,0,0,638
2023-24,DEN,Restricted area,Away,1116,722,0,0,1444
2023-24,DEN,Restricted area,Home,1228,805,0,0,1610
2023-24,DET,Above-break 3,Away,949,332,949,332,996
2023-24,DET,Above-break 3,Home,898,308,897,308,924
2023-24,DET,Corner 3,Away,361,130,361,130,390
2023-24,DET,Corner 3,Home,374,136,374,136,408
2023-24,DET,Mid-range,Away,515,219,0,0,438
2023-24,DET,Mid-range,Home,419,179,0,0,358
2023-24,DET,Paint (non-RA),Away,765,315,0,0,630
2023-24,DET,Paint (non-RA),Home,774,343,0,0,686
2023-24,DET,Restricted area,Away,1154,724,0,0,1448
2023-24,DET,Restricted area,Home,1006,667,0,0,1334
2023-24,GSW,Above-break 3,Away,1295,510,1295,510,1530
2023-24,GSW,Above-break 3,Home,1322,485,1322,485,1455
2023-24,GSW,Corner 3,Away,274,92,274,92,276
2023-24,GSW,Corner 3,Home,283,123,283,123,369
2023-24,GSW,Mid-range,Away,451,193,0,0,386
2023-24,GSW,Mid-range,Home,474,186,2,0,372
2023-24,GSW,Paint (non-RA),Away,580,232,0,0,464
2023-24,GSW,Paint (non-RA),Home,945,441,0,0,882
2023-24,GSW,Restricted area,Away,1135,778,0,0,1556
2023-24,GSW,Restricted area,Home,741,541,0,0,1082
2023-24,HOU,Above-break 3,Away,1190,384,1190,384,1152
2023-24,HOU,Above-break 3,Home,1210,447,1210,447,1341
2023-24,HOU,Corner 3,Away,277,106,277,106,318
2023-24,HOU,Corner 3,Home,258,105,258,105,315
2023-24,HOU,Mid-range,Away,434,186,0,0,372
2023-24,HOU,Mid-range,Home,379,149,1,1,299
2023-24,HOU,Paint (non-RA),Away,676,281,0,0,562
2023-24,HOU,Paint (non-RA),Home,700,291,0,0,582
2023-24,HOU,Restricted area,Away,1151,728,0,0,1456
2023-24,HOU,Restricted area,Home,1156,748,0,0,1496
2023-24,IND,Above-break 3,Away,1084,378,1084,378,1134
2023-24,IND,Above-break 3,Home,1083,413,1083,413,1239
2023-24,IND,Corner 3,Away,346,143,346,143,429
2023-24,IND,Corner 3,Home,366,148,366,148,444
2023-24,IND,Mid-range,Away,394,191,1,0,382
2023-24,IND,Mid-range,Home,394,207,0,0,414
2023-24,IND,Paint (non-RA),Away,828,407,0,0,814
2023-24,IND,Paint (non-RA),Home,645,290,0,0,580
2023-24,IND,Restricted area,Away,1146,783,0,0,1566
2023-24,IND,Restricted area,Home,1302,895,0,0,1790
2023-24,LAC,Above-break 3,Away,974,382,974,382,1146
2023-24,LAC,Above-break 3,Home,1016,359,1016,359,1077
2023-24,LAC,Corner 3,Away,385,160,385,160,480
2023-24,LAC,Corner 3,Home,335,135,335,135,405
2023-24,LAC,Mid-range,Away,474,192,0,0,384
2023-24,LAC,Mid-range,Home,420,178,0,0,356
2023-24,LAC,Paint (non-RA),Away,701,348,0,0,696
2023-24,LAC,Paint (non-RA),Home,764,358,0,0,716
2023-24,LAC,Restricted area,Away,1000,646,0,0,1292
2023-24,LAC,Restricted area,Home,1030,715,0,0,1430
2023-24,LAL,Above-break 3,Away,952,337,952,337,1011
2023-24,LAL,Above-break 3,Home,919,367,919,367,1101
2023-24,LAL,Corner 3,Away,330,135,330,135,405
2023-24,LAL,Corner 3,Home,355,130,355,130,390
2023-24,LAL,Mid-range,Away,448,172,0,0,344
2023-24,LAL,Mid-range,Home,407,158,1,0,316
2023-24,LAL,Paint (non-RA),Away,653,283,0,0,566
2023-24,LAL,Paint (non-RA),Home,765,310,0,0,620
2023-24,LAL,Restricted area,Away,1136,809,0,0,1618
2023-24,LAL,Restricted area,Home,1197,879,0,0,1758
2023-24,MEM,Above-break 3,Away,1126,398,1125,398,1194
2023-24,MEM,Above-break 3,Home,1154,395,1154,395,1185
2023-24,MEM,Corner 3,Away,419,142,419,142,426
2023-24,MEM,Corner 3,Home,378,136,378,136,408
2023-24,MEM,Mid-range,Away,257,96,0,0,192
2023-24,MEM,Mid-range,Home,259,91,0,0,182
2023-24,MEM,Paint (non-RA),Away,758,308,0,0,616
2023-24,MEM,Paint (non-RA),Home,768,314,0,0,628
2023-24,MEM,Restricted area,Away,1060,650,0,0,1300
2023-24,MEM,Restricted area,Home,1029,615,0,0,1230
2023-24,MIA,Above-break 3,Away,1005,356,1005,356,1068
2023-24,MIA,Above-break 3,Home,922,342,922,342,1026
2023-24,MIA,Corner 3,Away,376,145,376,145,435
2023-24,MIA,Corner 3,Home,448,179,448,179,537
2023-24,MIA,Mid-range,Away,430,166,2,0,332
2023-24,MIA,Mid-range,Home,383,143,0,0,286
2023-24,MIA,Paint (non-RA),Away,778,346,0,0,692
2023-24,MIA,Paint (non-RA),Home,917,478,0,0,956
2023-24,MIA,Restricted area,Away,891,579,0,0,1158
2023-24,MIA,Restricted area,Home,860,532,0,0,1064
2023-24,MIL,Above-break 3,Away,1085,373,1085,373,1119
2023-24,MIL,Above-break 3,Home,1196,448,1196,448,1344
2023-24,MIL,Corner 3,Away,413,163,413,163,489
2023-24,MIL,Corner 3,Home,418,179,418,179,537
2023-24,MIL,Mid-range,Away,464,212,0,0,424
2023-24,MIL,Mid-range,Home,516,229,0,0,458
2023-24,MIL,Paint (non-RA),Away,544,248,0,0,496
2023-24,MIL,Paint (non-RA),Home,528,211,0,0,422
2023-24,MIL,Restricted area,Away,993,703,0,0,1406
2023-24,MIL,Restricted area,Home,1091,772,0,0,1544
2023-24,MIN,Above-break 3,Away,947,360,946,360,1080
2023-24,MIN,Above-break 3,Home,931,355,931,355,1065
2023-24,MIN,Corner 3,Away,368,151,368,151,453
2023-24,MIN,Corner 3,Home,418,170,418,170,510
2023-24,MIN,Mid-range,Away,374,147,0,0,294
2023-24,MIN,Mid-range,Home,302,117,1,0,234
2023-24,MIN,Paint (non-RA),Away,801,355,0,0,710
2023-24,MIN,Paint (non-RA),Home,686,289,0,0,578
2023-24,MIN,Restricted area,Away,1078,713,0,0,1426
2023-24,MIN,Restricted area,Home,1052,725,0,0,1450
2023-24,NOP,Above-break 3,Away,969,373,969,373,1119
2023-24,NOP,Above-break 3,Home,948,336,947,336,1008
2023-24,NOP,Corner 3,Away,356,159,356,159,477
2023-24,NOP,Corner 3,Home,379,154,379,154,462
2023-24,NOP,Mid-range,Away,447,200,0,0,400
2023-24,NOP,Mid-range,Home,356,157,0,0,314
2023-24,NOP,Paint (non-RA),Away,771,331,0,0,662
2023-24,NOP,Paint (non-RA),Home,727,330,0,0,660
2023-24,NOP,Restricted area,Away,1069,721,0,0,1442
2023-24,NOP,Restricted area,Home,1121,722,0,0,1444
2023-24,NYK,Above-break 3,Away,1035,369,1035,369,1107
2023-24,NYK,Above-break 3,Home,1058,373,1057,373,1119
2023-24,NYK,Corner 3,Away,402,167,402,167,501
2023-24,NYK,Corner 3,Home,434,173,434,173,519
2023-24,NYK,Mid-range,Away,421,162,0,0,324
2023-24,NYK,Mid-range,Home,335,134,0,0,268
2023-24,NYK,Paint (non-RA),Away,850,400,0,0,800
2023-24,NYK,Paint (non-RA),Home,622,276,0,0,552
2023-24,NYK,Restricted area,Away,917,615,0,0,1230
2023-24,NYK,Restricted area,Home,1190,715,0,0,1430
2023-24,OKC,Above-break 3,Away,1006,388,1006,388,1164
2023-24,OKC,Above-break 3,Home,1071,403,1071,403,1209
2023-24,OKC,Corner 3,Away,349,137,349,137,411
2023-24,OKC,Corner 3,Home,374,162,374,162,486
2023-24,OKC,Mid-range,Away,501,227,0,0,454
2023-24,OKC,Mid-range,Home,390,183,0,0,366
2023-24,OKC,Paint (non-RA),Away,766,345,0,0,690
2023-24,OKC,Paint (non-RA),Home,666,325,0,0,650
2023-24,OKC,Restricted area,Away,1015,684,0,0,1368
2023-24,OKC,Restricted area,Home,1181,799,0,0,1598
2023-24,ORL,Above-break 3,Away,922,321,922,321,963
2023-24,ORL,Above-break 3,Home,929,325,929,325,975
2023-24,ORL,Corner 3,Away,340,124,340,124,372
2023-24,ORL,Corner 3,Home,360,133,360,133,399
2023-24,ORL,Mid-range,Away,399,144,0,0,288
2023-24,ORL,Mid-range,Home,378,148,0,0,296
2023-24,ORL,Paint (non-RA),Away,632,257,0,0,514
2023-24,ORL,Paint (non-RA),Home,598,261,0,0,522
2023-24,ORL,Restricted area,Away,1177,775,0,0,1550
2023-24,ORL,Restricted area,Home,1212,830,0,0,1660
2023-24,PHI,Above-break 3,Away,1015,362,1015,362,1086
2023-24,PHI,Above-break 3,Home,1090,384,1090,384,1152
2023-24,PHI,Corner 3,Away,345,131,345,131,393
2023-24,PHI,Corner 3,Home,275,115,275,115,345
2023-24,PHI,Mid-range,Away,425,179,0,0,358
2023-24,PHI,Mid-range,Home,411,169,0,0,338
2023-24,PHI,Paint (non-RA),Away,786,355,0,0,710
2023-24,PHI,Paint (non-RA),Home,680,260,0,0,520
2023-24,PHI,Restricted area,Away,1055,675,0,0,1350
2023-24,PHI,Restricted area,Home,1241,774,0,0,1548
2023-24,PHX,Above-break 3,Away,1014,367,1014,367,1101
2023-24,PHX,Above-break 3,Home,967,374,967,374,1122
2023-24,PHX,Corner 3,Away,330,141,330,141,423
2023-24,PHX,Corner 3,Home,358,138,358,138,414
2023-24,PHX,Mid-range,Away,621,307,0,0,614
2023-24,PHX,Mid-range,Home,513,231,0,0,462
2023-24,PHX,Paint (non-RA),Away,717,347,0,0,694
2023-24,PHX,Paint (non-RA),Home,649,300,0,0,600
2023-24,PHX,Restricted area,Away,896,620,0,0,1240
2023-24,PHX,Restricted area,Home,996,657,0,0,1314
2023-24,POR,Above-break 3,Away,1022,357,1022,357,1071
2023-24,POR,Above-break 3,Home,998,329,998,329,987
2023-24,POR,Corner 3,Away,342,109,342,109,327
2023-24,POR,Corner 3,Home,349,144,349,144,432
2023-24,POR,Mid-range,Away,460,185,0,0,370
2023-24,POR,Mid-range,Home,430,182,0,0,364
2023-24,POR,Paint (non-RA),Away,786,313,0,0,626
2023-24,POR,Paint (non-RA),Home,708,250,0,0,500
2023-24,POR,Restricted area,Away,1039,632,0,0,1264
2023-24,POR,Restricted area,Home,1210,726,0,0,1452
2023-24,SAC,Above-break 3,Away,1193,402,1193,402,1206
2023-24,SAC,Above-break 3,Home,1201,461,1201,461,1383
2023-24,SAC,Corner 3,Away,432,176,432,176,528
2023-24,SAC,Corner 3,Home,385,139,385,139,417
2023-24,SAC,Mid-range,Away,384,149,0,0,298
2023-24,SAC,Mid-range,Home,340,140,0,0,280
2023-24,SAC,Paint (non-RA),Away,756,360,0,0,720
2023-24,SAC,Paint (non-RA),Home,837,408,0,0,816
2023-24,SAC,Restricted area,Away,960,677,0,0,1354
2023-24,SAC,Restricted area,Home,959,641,0,0,1282
2023-24,SAS,Above-break 3,Away,1113,380,1113,380,1140
2023-24,SAS,Above-break 3,Home,1128,381,1128,381,1143
2023-24,SAS,Corner 3,Away,340,111,340,111,333
2023-24,SAS,Corner 3,Home,385,163,385,163,489
2023-24,SAS,Mid-range,Away,401,133,1,1,267
2023-24,SAS,Mid-range,Home,390,161,0,0,322
2023-24,SAS,Paint (non-RA),Away,808,359,0,0,718
2023-24,SAS,Paint (non-RA),Home,570,241,0,0,482
2023-24,SAS,Restricted area,Away,1058,719,0,0,1438
2023-24,SAS,Restricted area,Home,1227,790,0,0,1580
2023-24,TOR,Above-break 3,Away,1045,360,1044,359,1079
2023-24,TOR,Above-break 3,Home,938,312,938,312,936
2023-24,TOR,Corner 3,Away,343,148,343,148,444
2023-24,TOR,Corner 3,Home,376,123,376,123,369
2023-24,TOR,Mid-range,Away,384,155,0,0,310
2023-24,TOR,Mid-range,Home,374,153,0,0,306
2023-24,TOR,Paint (non-RA),Away,749,293,0,0,586
2023-24,TOR,Paint (non-RA),Home,801,346,0,0,692
2023-24,TOR,Restricted area,Away,1153,789,0,0,1578
2023-24,TOR,Restricted area,Home,1182,787,0,0,1574
2023-24,UTA,Above-break 3,Away,1008,324,1008,324,972
2023-24,UTA,Above-break 3,Home,1106,401,1105,400,1202
2023-24,UTA,Corner 3,Away,447,176,447,176,528
2023-24,UTA,Corner 3,Home,416,160,416,160,480
2023-24,UTA,Mid-range,Away,269,84,0,0,168
2023-24,UTA,Mid-range,Home,279,112,0,0,224
2023-24,UTA,Paint (non-RA),Away,763,306,0,0,612
2023-24,UTA,Paint (non-RA),Home,1068,507,0,0,1014
2023-24,UTA,Restricted area,Away,1164,786,0,0,1572
2023-24,UTA,Restricted area,Home,834,587,0,0,1174
2023-24,WAS,Above-break 3,Away,1106,394,1106,394,1182
2023-24,WAS,Above-break 3,Home,1105,356,1105,356,1068
2023-24,WAS,Corner 3,Away,337,127,337,127,381
2023-24,WAS,Corner 3,Home,350,137,350,137,411
2023-24,WAS,Mid-range,Away,322,119,1,0,238
2023-24,WAS,Mid-range,Home,368,141,0,0,282
2023-24,WAS,Paint (non-RA),Away,756,288,0,0,576
2023-24,WAS,Paint (non-RA),Home,795,331,0,0,662
2023-24,WAS,Restricted area,Away,1274,829,0,0,1658
2023-24,WAS,Restricted area,Home,1064,800,0,0,1600
2024-25,ATL,Above-break 3,Away,1136,382,1136,382,1146
2024-25,ATL,Above-break 3,Home,1049,365,1049,365,1095
2024-25,ATL,Corner 3,Away,443,193,443,193,579
2024-25,ATL,Corner 3,Home,442,166,442,166,498
2024-25,ATL,Mid-range,Away,266,107,0,0,214
2024-25,ATL,Mid-range,Home,189,80,0,0,160
2024-25,ATL,Paint (non-RA),Away,892,388,0,0,776
2024-25,ATL,Paint (non-RA),Home,821,393,0,0,786
2024-25,ATL,Restricted area,Away,1143,754,0,0,1508
2024-25,ATL,Restricted area,Home,1128,727,0,0,1454
2024-25,BKN,Above-break 3,Away,1199,415,1199,415,1245
2024-25,BKN,Above-break 3,Home,1124,387,1123,387,1161
2024-25,BKN,Corner 3,Away,451,163,451,163,489
2024-25,BKN,Corner 3,Home,445,148,445,148,444
2024-25,BKN,Mid-range,Away,244,104,0,0,208
2024-25,BKN,Mid-range,Home,207,84,0,0,168
2024-25,BKN,Paint (non-RA),Away,672,263,0,0,526
2024-25,BKN,Paint (non-RA),Home,699,266,0,0,532
2024-25,BKN,Restricted area,Away,959,601,0,0,1202
2024-25,BKN,Restricted area,Home,1046,655,0,0,1310
2024-25,BOS,Above-break 3,Away,1547,562,1547,562,1686
2024-25,BOS,Above-break 3,Home,1612,590,1612,590,1770
2024-25,BOS,Corner 3,Away,408,154,408,154,462
2024-25,BOS,Corner 3,Home,376,151,376,151,453
2024-25,BOS,Mid-range,Away,318,133,0,0,266
2024-25,BOS,Mid-range,Home,323,133,0,0,266
2024-25,BOS,Paint (non-RA),Away,529,240,0,0,480
2024-25,BOS,Paint (non-RA),Home,570,259,0,0,518
2024-25,BOS,Restricted area,Away,881,602,0,0,1204
2024-25,BOS,Restricted area,Home,806,589,0,0,1178
2024-25,CHA,Above-break 3,Away,1166,390,1166,390,1170
2024-25,CHA,Above-break 3,Home,1181,388,1181,388,1164
2024-25,CHA,Corner 3,Away,379,135,379,135,405
2024-25,CHA,Corner 3,Home,395,152,395,152,456
2024-25,CHA,Mid-range,Away,322,111,0,0,222
2024-25,CHA,Mid-range,Home,297,122,0,0,244
2024-25,CHA,Paint (non-RA),Away,870,336,0,0,672
2024-25,CHA,Paint (non-RA),Home,673,255,0,0,510
2024-25,CHA,Restricted area,Away,898,579,0,0,1158
2024-25,CHA,Restricted area,Home,1105,674,0,0,1348
2024-25,CHI,Above-break 3,Away,1323,493,1323,493,1479
2024-25,CHI,Above-break 3,Home,1225,427,1224,427,1281
2024-25,CHI,Corner 3,Away,397,154,397,154,462
2024-25,CHI,Corner 3,Home,487,189,487,189,567
2024-25,CHI,Mid-range,Away,254,99,1,1,199
2024-25,CHI,Mid-range,Home,274,97,0,0,194
2024-25,CHI,Paint (non-RA),Away,651,317,0,0,634
2024-25,CHI,Paint (non-RA),Home,624,319,0,0,638
2024-25,CHI,Restricted area,Away,1101,713,0,0,1426
2024-25,CHI,Restricted area,Home,1194,733,0,0,1466
2024-25,CLE,Above-break 3,Away,1257,476,1257,476,1428
2024-25,CLE,Above-break 3,Home,1263,476,1263,476,1428
2024-25,CLE,Corner 3,Away,407,164,407,164,492
2024-25,CLE,Corner 3,Home,463,186,463,186,558
2024-25,CLE,Mid-range,Away,277,113,0,0,226
2024-25,CLE,Mid-range,Home,305,134,0,0,268
2024-25,CLE,Paint (non-RA),Away,782,378,0,0,756
2024-25,CLE,Paint (non-RA),Home,610,321,0,0,642
2024-25,CLE,Restricted area,Away,968,672,0,0,1344
2024-25,CLE,Restricted area,Home,1101,731,0,0,1462
2024-25,DAL,Above-break 3,Away,1000,365,1000,365,1095
2024-25,DAL,Above-break 3,Home,1020,364,1020,364,1092
2024-25,DAL,Corner 3,Away,401,150,401,150,450
2024-25,DAL,Corner 3,Home,365,141,365,141,423
2024-25,DAL,Mid-range,Away,423,195,0,0,390
2024-25,DAL,Mid-range,Home,390,139,0,0,278
2024-25,DAL,Paint (non-RA),Away,836,369,0,0,738
2024-25,DAL,Paint (non-RA),Home,764,352,0,0,704
2024-25,DAL,Restricted area,Away,1009,688,0,0,1376
2024-25,DAL,Restricted area,Home,971,680,0,0,1360
2024-25,DEN,Above-break 3,Away,943,332,943,332,996
2024-25,DEN,Above-break 3,Home,1044,400,1044,400,1200
2024-25,DEN,Corner 3,Away,288,117,288,117,351
2024-25,DEN,Corner 3,Home,306,133,306,133,399
2024-25,DEN,Mid-range,Away,421,195,0,0,390
2024-25,DEN,Mid-range,Home,378,145,0,0,290
2024-25,DEN,Paint (non-RA),Away,788,388,0,0,776
2024-25,DEN,Paint (non-RA),Home,684,324,0,0,648
2024-25,DEN,Restricted area,Away,1224,829,0,0,1658
2024-25,DEN,Restricted area,Home,1246,859,0,0,1718
2024-25,DET,Above-break 3,Away,1114,414,1113,413,1241
2024-25,DET,Above-break 3,Home,1049,365,1049,365,1095
2024-25,DET,Corner 3,Away,334,127,334,127,381
2024-25,DET,Corner 3,Home,385,146,385,146,438
2024-25,DET,Mid-range,Away,362,152,0,0,304
2024-25,DET,Mid-range,Home,337,131,0,0,262
2024-25,DET,Paint (non-RA),Away,740,346,0,0,692
2024-25,DET,Paint (non-RA),Home,848,388,0,0,776
2024-25,DET,Restricted area,Away,1122,729,0,0,1458
2024-25,DET,Restricted area,Home,1052,705,0,0,1410
2024-25,GSW,Above-break 3,Away,1285,452,1285,452,1356
2024-25,GSW,Above-break 3,Home,1301,470,1300,470,1410
2024-25,GSW,Corner 3,Away,439,167,439,167,501
2024-25,GSW,Corner 3,Home,429,174,429,174,522
2024-25,GSW,Mid-range,Away,331,124,0,0,248
2024-25,GSW,Mid-range,Home,302,113,0,0,226
2024-25,GSW,Paint (non-RA),Away,627,261,0,0,522
2024-25,GSW,Paint (non-RA),Home,851,368,0,0,736
2024-25,GSW,Restricted area,Away,1031,676,0,0,1352
2024-25,GSW,Restricted area,Home,794,536,0,0,1072
2024-25,HOU,Above-break 3,Away,1118,400,1118,400,1200
2024-25,HOU,Above-break 3,Home,1169,402,1169,402,1206
2024-25,HOU,Corner 3,Away,309,110,309,110,330
2024-25,HOU,Corner 3,Home,327,126,327,126,378
2024-25,HOU,Mid-range,Away,440,176,0,0,352
2024-25,HOU,Mid-range,Home,407,159,0,0,318
2024-25,HOU,Paint (non-RA),Away,810,330,0,0,660
2024-25,HOU,Paint (non-RA),Home,838,337,0,0,674
2024-25,HOU,Restricted area,Away,1126,726,0,0,1452
2024-25,HOU,Restricted area,Home,1100,718,0,0,1436
2024-25,IND,Above-break 3,Away,1050,369,1050,369,1107
2024-25,IND,Above-break 3,Home,1096,401,1096,401,1203
2024-25,IND,Corner 3,Away,398,156,398,156,468
2024-25,IND,Corner 3,Home,368,155,368,155,465
2024-25,IND,Mid-range,Away,445,190,0,0,380
2024-25,IND,Mid-range,Home,473,211,0,0,422
2024-25,IND,Paint (non-RA),Away,734,341,0,0,682
2024-25,IND,Paint (non-RA),Home,722,376,0,0,752
2024-25,IND,Restricted area,Away,1086,731,0,0,1462
2024-25,IND,Restricted area,Home,932,644,0,0,1288
2024-25,LAC,Above-break 3,Away,1020,369,1020,369,1107
2024-25,LAC,Above-break 3,Home,1042,385,1042,385,1155
2024-25,LAC,Corner 3,Away,341,123,341,123,369
2024-25,LAC,Corner 3,Home,328,145,328,145,435
2024-25,LAC,Mid-range,Away,338,139,0,0,278
2024-25,LAC,Mid-range,Home,305,140,0,0,280
2024-25,LAC,Paint (non-RA),Away,867,413,0,0,826
2024-25,LAC,Paint (non-RA),Home,872,388,0,0,776
2024-25,LAC,Restricted area,Away,946,623,0,0,1246
2024-25,LAC,Restricted area,Home,1009,684,0,0,1368
2024-25,LAL,Above-break 3,Away,1065,380,1065,380,1140
2024-25,LAL,Above-break 3,Home,1153,415,1153,415,1245
2024-25,LAL,Corner 3,Away,374,143,374,143,429
2024-25,LAL,Corner 3,Home,371,154,371,154,462
2024-25,LAL,Mid-range,Away,420,167,0,0,334
2024-25,LAL,Mid-range,Home,290,126,0,0,252
2024-25,LAL,Paint (non-RA),Away,695,312,0,0,624
2024-25,LAL,Paint (non-RA),Home,691,285,0,0,570
2024-25,LAL,Restricted area,Away,956,663,0,0,1326
2024-25,LAL,Restricted area,Home,974,711,0,0,1422
2024-25,MEM,Above-break 3,Away,1127,416,1126,416,1248
2024-25,MEM,Above-break 3,Home,1134,422,1133,421,1265
2024-25,MEM,Corner 3,Away,412,150,412,150,450
2024-25,MEM,Corner 3,Home,411,152,411,152,456
2024-25,MEM,Mid-range,Away,270,127,0,0,254
2024-25,MEM,Mid-range,Home,234,104,1,1,209
2024-25,MEM,Paint (non-RA),Away,1059,468,0,0,936
2024-25,MEM,Paint (non-RA),Home,978,462,0,0,924
2024-25,MEM,Restricted area,Away,963,640,0,0,1280
2024-25,MEM,Restricted area,Home,1043,728,0,0,1456
2024-25,MIA,Above-break 3,Away,1090,364,1090,364,1092
2024-25,MIA,Above-break 3,Home,1048,403,1048,403,1209
2024-25,MIA,Corner 3,Away,463,183,463,183,549
2024-25,MIA,Corner 3,Home,444,174,444,174,522
2024-25,MIA,Mid-range,Away,323,131,0,0,262
2024-25,MIA,Mid-range,Home,285,130,0,0,260
2024-25,MIA,Paint (non-RA),Away,854,375,0,0,750
2024-25,MIA,Paint (non-RA),Home,771,361,0,0,722
2024-25,MIA,Restricted area,Away,872,571,0,0,1142
2024-25,MIA,Restricted area,Home,973,626,0,0,1252
2024-25,MIL,Above-break 3,Away,1068,382,1068,382,1146
2024-25,MIL,Above-break 3,Home,1160,443,1160,443,1329
2024-25,MIL,Corner 3,Away,354,149,354,149,447
2024-25,MIL,Corner 3,Home,408,185,408,185,555
2024-25,MIL,Mid-range,Away,499,219,0,0,438
2024-25,MIL,Mid-range,Home,552,248,0,0,496
2024-25,MIL,Paint (non-RA),Away,609,276,0,0,552
2024-25,MIL,Paint (non-RA),Home,461,195,0,0,390
2024-25,MIL,Restricted area,Away,925,627,0,0,1254
2024-25,MIL,Restricted area,Home,1033,719,0,0,1438
2024-25,MIN,Above-break 3,Away,1200,450,1200,450,1350
2024-25,MIN,Above-break 3,Home,1187,441,1187,441,1323
2024-25,MIN,Corner 3,Away,439,166,439,166,498
2024-25,MIN,Corner 3,Home,418,176,418,176,528
2024-25,MIN,Mid-range,Away,306,121,0,0,242
2024-25,MIN,Mid-range,Home,217,75,0,0,150
2024-25,MIN,Paint (non-RA),Away,678,285,0,0,570
2024-25,MIN,Paint (non-RA),Home,651,259,0,0,518
2024-25,MIN,Restricted area,Away,939,637,0,0,1274
2024-25,MIN,Restricted area,Home,1122,754,0,0,1508
2024-25,NOP,Above-break 3,Away,1020,345,1020,345,1035
2024-25,NOP,Above-break 3,Home,1069,364,1069,364,1092
2024-25,NOP,Corner 3,Away,376,133,376,133,399
2024-25,NOP,Corner 3,Home,368,144,368,144,432
2024-25,NOP,Mid-range,Away,376,151,0,0,302
2024-25,NOP,Mid-range,Home,365,151,0,0,302
2024-25,NOP,Paint (non-RA),Away,842,366,0,0,732
2024-25,NOP,Paint (non-RA),Home,728,281,0,0,562
2024-25,NOP,Restricted area,Away,1030,669,0,0,1338
2024-25,NOP,Restricted area,Home,1188,728,0,0,1456
2024-25,NYK,Above-break 3,Away,1010,370,1009,370,1110
2024-25,NYK,Above-break 3,Home,934,342,934,342,1026
2024-25,NYK,Corner 3,Away,402,149,402,149,447
2024-25,NYK,Corner 3,Home,431,170,431,170,510
2024-25,NYK,Mid-range,Away,447,181,0,0,362
2024-25,NYK,Mid-range,Home,390,187,0,0,374
2024-25,NYK,Paint (non-RA),Away,778,366,0,0,732
2024-25,NYK,Paint (non-RA),Home,617,277,0,0,554
2024-25,NYK,Restricted area,Away,1003,681,0,0,1362
2024-25,NYK,Restricted area,Home,1285,830,0,0,1660
2024-25,OKC,Above-break 3,Away,1186,434,1186,434,1302
2024-25,OKC,Above-break 3,Home,1282,473,1282,473,1419
2024-25,OKC,Corner 3,Away,319,116,319,116,348
2024-25,OKC,Corner 3,Home,392,169,392,169,507
2024-25,OKC,Mid-range,Away,433,208,0,0,416
2024-25,OKC,Mid-range,Home,396,163,0,0,326
2024-25,OKC,Paint (non-RA),Away,806,368,0,0,736
2024-25,OKC,Paint (non-RA),Home,790,377,0,0,754
2024-25,OKC,Restricted area,Away,933,631,0,0,1262
2024-25,OKC,Restricted area,Home,1058,721,0,0,1442
2024-25,ORL,Above-break 3,Away,1032,317,1032,317,951
2024-25,ORL,Above-break 3,Home,1029,318,1029,318,954
2024-25,ORL,Corner 3,Away,410,139,410,139,417
2024-25,ORL,Corner 3,Home,397,147,397,147,441
2024-25,ORL,Mid-range,Away,420,170,0,0,340
2024-25,ORL,Mid-range,Home,408,160,0,0,320
2024-25,ORL,Paint (non-RA),Away,659,282,0,0,564
2024-25,ORL,Paint (non-RA),Home,665,282,0,0,564
2024-25,ORL,Restricted area,Away,1002,664,0,0,1328
2024-25,ORL,Restricted area,Home,988,651,0,0,1302
2024-25,PHI,Above-break 3,Away,1149,379,1149,379,1137
2024-25,PHI,Above-break 3,Home,1219,412,1219,412,1236
2024-25,PHI,Corner 3,Away,373,147,373,147,441
2024-25,PHI,Corner 3,Home,284,103,284,103,309
2024-25,PHI,Mid-range,Away,393,163,0,0,326
2024-25,PHI,Mid-range,Home,322,130,0,0,260
2024-25,PHI,Paint (non-RA),Away,669,285,0,0,570
2024-25,PHI,Paint (non-RA),Home,548,228,0,0,456
2024-25,PHI,Restricted area,Away,936,642,0,0,1284
2024-25,PHI,Restricted area,Home,1250,765,0,0,1530
2024-25,PHX,Above-break 3,Away,1015,376,1015,376,1128
2024-25,PHX,Above-break 3,Home,1126,394,1126,394,1182
2024-25,PHX,Corner 3,Away,451,181,451,181,543
2024-25,PHX,Corner 3,Home,513,225,513,225,675
2024-25,PHX,Mid-range,Away,516,251,0,0,502
2024-25,PHX,Mid-range,Home,453,223,0,0,446
2024-25,PHX,Paint (non-RA),Away,814,378,0,0,756
2024-25,PHX,Paint (non-RA),Home,857,408,0,0,816
2024-25,PHX,Restricted area,Away,695,493,0,0,986
2024-25,PHX,Restricted area,Home,628,452,0,0,904
2024-25,POR,Above-break 3,Away,1135,375,1135,375,1125
2024-25,POR,Above-break 3,Home,1160,405,1160,405,1215
2024-25,POR,Corner 3,Away,382,119,382,119,357
2024-25,POR,Corner 3,Home,398,157,398,157,471
2024-25,POR,Mid-range,Away,303,139,0,0,278
2024-25,POR,Mid-range,Home,318,126,1,0,252
2024-25,POR,Paint (non-RA),Away,703,265,0,0,530
2024-25,POR,Paint (non-RA),Home,550,200,0,0,400
2024-25,POR,Restricted area,Away,1197,761,0,0,1522
2024-25,POR,Restricted area,Home,1231,777,0,0,1554
2024-25,SAC,Above-break 3,Away,1108,376,1108,376,1128
2024-25,SAC,Above-break 3,Home,1066,378,1066,378,1134
2024-25,SAC,Corner 3,Away,343,118,343,118,354
2024-25,SAC,Corner 3,Home,357,160,357,160,480
2024-25,SAC,Mid-range,Away,613,270,0,0,540
2024-25,SAC,Mid-range,Home,614,260,0,0,520
2024-25,SAC,Paint (non-RA),Away,648,331,0,0,662
2024-25,SAC,Paint (non-RA),Home,956,479,0,0,958
2024-25,SAC,Restricted area,Away,1030,682,0,0,1364
2024-25,SAC,Restricted area,Home,637,475,0,0,950
2024-25,SAS,Above-break 3,Away,1220,418,1219,418,1254
2024-25,SAS,Above-break 3,Home,1162,408,1162,408,1224
2024-25,SAS,Corner 3,Away,401,147,401,147,441
2024-25,SAS,Corner 3,Home,447,185,447,185,555
2024-25,SAS,Mid-range,Away,403,172,0,0,344
2024-25,SAS,Mid-range,Home,346,134,0,0,268
2024-25,SAS,Paint (non-RA),Away,668,273,0,0,546
2024-25,SAS,Paint (non-RA),Home,468,203,0,0,406
2024-25,SAS,Restricted area,Away,999,668,0,0,1336
2024-25,SAS,Restricted area,Home,1231,818,0,0,1636
2024-25,TOR,Above-break 3,Away,966,326,966,326,978
2024-25,TOR,Above-break 3,Home,969,329,969,329,987
2024-25,TOR,Corner 3,Away,401,147,401,147,441
2024-25,TOR,Corner 3,Home,429,167,429,167,501
2024-25,TOR,Mid-range,Away,341,132,0,0,264
2024-25,TOR,Mid-range,Home,300,122,0,0,244
2024-25,TOR,Paint (non-RA),Away,783,323,0,0,646
2024-25,TOR,Paint (non-RA),Home,794,341,0,0,682
2024-25,TOR,Restricted area,Away,1233,776,0,0,1552
2024-25,TOR,Restricted area,Home,1225,751,0,0,1502
2024-25,UTA,Above-break 3,Away,1184,385,1184,385,1155
2024-25,UTA,Above-break 3,Home,1137,386,1137,386,1158
2024-25,UTA,Corner 3,Away,443,171,443,171,513
2024-25,UTA,Corner 3,Home,488,201,488,201,603
2024-25,UTA,Mid-range,Away,235,90,0,0,180
2024-25,UTA,Mid-range,Home,287,106,0,0,212
2024-25,UTA,Paint (non-RA),Away,744,323,0,0,646
2024-25,UTA,Paint (non-RA),Home,1056,519,0,0,1038
2024-25,UTA,Restricted area,Away,1039,683,0,0,1366
2024-25,UTA,Restricted area,Home,644,440,0,0,880
2024-25,WAS,Above-break 3,Away,1341,448,1340,448,1344
2024-25,WAS,Above-break 3,Home,1274,430,1274,430,1290
2024-25,WAS,Corner 3,Away,292,114,292,114,342
2024-25,WAS,Corner 3,Home,283,83,283,83,249
2024-25,WAS,Mid-range,Away,310,113,0,0,226
2024-25,WAS,Mid-range,Home,389,149,0,0,298
2024-25,WAS,Paint (non-RA),Away,697,284,0,0,568
2024-25,WAS,Paint (non-RA),Home,814,301,0,0,602
2024-25,WAS,Restricted area,Away,1049,651,0,0,1302
2024-25,WAS,Restricted area,Home,901,660,0,0,1320
